%time,field.curr_pos1,field.curr_pos2,field.toff,field.t
1683143889017398700,4329,-2756,-2434,43888.57421875
1683143889017448000,4329,-2756,-1438,43888.5859375
1683143889017491600,4329,-2756,-366,43888.59375
1683143889017509900,4329,-2756,-1066,43888.60546875
1683143889017536300,4329,-2756,2149,43888.61328125
1683143889017644200,4329,-2756,1569,43888.625
1683143889085909000,4329,-2756,381,43888.6328125
1683143889085970500,4329,-2756,-1770,43888.64453125
1683143889086115100,4329,-2756,-382,43888.65625
1683143889086414700,4329,-2756,1013,43888.6640625
1683143889086423700,4329,-2756,-1906,43888.67578125
1683143889086742900,4329,-2756,-2158,43888.6875
1683143889087023600,4329,-2756,2145,43888.6953125
1683143889133609700,4329,-2756,-1346,43888.703125
1683143889133633000,4329,-2756,2133,43888.71875
1683143889133636600,4329,-2756,-1694,43888.72265625
1683143889133646600,4329,-2756,-1842,43888.734375
1683143889197403100,4329,-2756,-2022,43888.74609375
1683143889197447600,4329,-2756,889,43888.75390625
1683143889197458700,4329,-2756,2457,43888.765625
1683143889197487400,4329,-2756,865,43888.77734375
1683143889197727700,4329,-2756,-446,43888.78515625
1683143889198130400,4329,-2756,1513,43888.79296875
1683143889266710400,4329,-2756,877,43888.80859375
1683143889266756900,4329,-2756,-722,43888.8125
1683143889266772900,4329,-2756,1609,43888.82421875
1683143889266796300,4329,-2756,-302,43888.8359375
1683143889266809500,4329,-2756,705,43888.84765625
1683143889266983000,4329,-2756,-374,43888.85546875
1683143889267218900,4329,-2756,-1430,43888.86328125
1683143889267656200,4329,-2756,2073,43888.875
1683143889325363700,4329,-2756,-1462,43888.8828125
1683143889325410600,4329,-2756,-2170,43888.89453125
1683143889325422700,4329,-2756,-802,43888.90625
1683143889325526100,4329,-2756,1141,43888.9140625
1683143889325548700,4329,-2756,2297,43888.92578125
1683143889325574100,4329,-2756,89,43888.93359375
1683143889379430400,4329,-2756,-2314,43888.9453125
1683143889379476000,4329,-2756,-1162,43888.953125
1683143889379487900,4329,-2756,-1918,43888.96875
1683143889379514200,4329,-2756,-1050,43888.97265625
1683143889379706700,4329,-2756,-2362,43888.984375
1683143889426945300,4329,-2756,-794,43889.0
1683143889426999300,4329,-2756,-1126,43889.00390625
1683143889427030800,4329,-2756,1765,43889.015625
1683143889427434800,4329,-2756,-218,43889.02734375
1683143889427812200,4329,-2756,749,43889.03515625
1683143889477171100,4329,-2756,2277,43889.04296875
1683143889477302200,4329,-2756,1837,43889.05859375
1683143889477358500,4329,-2756,313,43889.0625
1683143889477388700,4329,-2756,-590,43889.07421875
1683143889477404600,4329,-2756,-1278,43889.0859375
1683143889539948500,4329,-2756,-662,43889.09765625
1683143889539997100,4329,-2756,1321,43889.10546875
1683143889540014200,4329,-2756,2285,43889.11328125
1683143889540022600,4329,-2756,-1622,43889.125
1683143889540226700,4329,-2756,473,43889.1328125
1683143889540654500,4329,-2756,969,43889.14453125
1683143889602638700,4329,-2756,-766,43889.15625
1683143889602693900,4329,-2756,-1086,43889.1640625
1683143889602732100,4329,-2756,857,43889.17578125
1683143889602811400,4329,-2756,857,43889.1875
1683143889602816800,4329,-2756,-2146,43889.1953125
1683143889603378000,4329,-2756,1941,43889.203125
1683143889664725400,4329,-2756,-2486,43889.21875
1683143889664754100,4329,-2756,289,43889.22265625
1683143889664847300,4329,-2756,-482,43889.234375
1683143889664930900,4329,-2756,1081,43889.25
1683143889664935300,4329,-2756,-2250,43889.25390625
1683143889665022500,4329,-2756,-2206,43889.265625
1683143889726403100,4329,-2756,-34,43889.27734375
1683143889726424200,4329,-2756,773,43889.28515625
1683143889726458100,4330,-2756,-1082,43889.29296875
1683143889726524800,4345,-2758,1005,43889.30859375
1683143889726562000,4351,-2764,701,43889.3125
1683143889726639100,4360,-2777,1493,43889.32421875
1683143889726692200,4372,-2786,1937,43889.3359375
1683143889789176400,4386,-2804,-566,43889.34765625
1683143889789222400,4397,-2815,1133,43889.35546875
1683143889789252200,4402,-2819,1949,43889.36328125
1683143889789450800,4401,-2819,-2250,43889.375
1683143889789471700,4402,-2819,-1666,43889.3828125
1683143889789507100,4403,-2821,-2126,43889.39453125
1683143889853198100,4403,-2823,2149,43889.40625
1683143889853253900,4403,-2824,261,43889.4140625
1683143889853275400,4406,-2828,-662,43889.42578125
1683143889853285100,4406,-2829,-1518,43889.4375
1683143889853291200,4406,-2829,1645,43889.4453125
1683143889853369800,4406,-2830,1805,43889.453125
1683143889907540600,4406,-2830,233,43889.46875
1683143889907600100,4405,-2831,577,43889.4765625
1683143889907794900,4404,-2832,-338,43889.484375
1683143889908031300,4403,-2833,541,43889.5
1683143889908165200,4403,-2833,-158,43889.50390625
1683143889908339800,4403,-2833,2497,43889.515625
1683143889955267200,4402,-2833,545,43889.53125
1683143889955320800,4402,-2834,1805,43889.53515625
1683143889955334100,4402,-2834,-346,43889.54296875
1683143890018594000,4402,-2833,-226,43889.56640625
1683143890018653200,4402,-2833,-1314,43889.578125
1683143890018755300,4402,-2833,-378,43889.59375
1683143890018851500,4402,-2833,813,43889.59765625
1683143890018866800,4402,-2833,-2498,43889.60546875
1683143890019339700,4402,-2833,1473,43889.6171875
1683143890019607400,4402,-2833,-1110,43889.62890625
1683143890077612000,4402,-2833,969,43889.63671875
1683143890077662200,4401,-2832,1617,43889.6484375
1683143890077677200,4400,-2832,-298,43889.66015625
1683143890077795100,4399,-2832,1249,43889.66796875
1683143890078068500,4400,-2832,2009,43889.67578125
1683143890124447200,4399,-2832,1833,43889.6875
1683143890124490400,4399,-2832,-2054,43889.6953125
1683143890124500600,4400,-2832,517,43889.70703125
1683143890124513900,4400,-2832,2449,43889.72265625
1683143890124527900,4399,-2832,-1494,43889.7265625
1683143890172449300,4399,-2832,801,43889.73828125
1683143890172470700,4399,-2832,281,43889.75390625
1683143890172594300,4399,-2832,-506,43889.7578125
1683143890172624500,4399,-2832,-942,43889.765625
1683143890172767500,4399,-2832,-722,43889.78125
1683143890218430300,4400,-2832,-1426,43889.79296875
1683143890218485000,4399,-2832,-2386,43889.80078125
1683143890218518400,4400,-2832,-1282,43889.8125
1683143890218832300,4400,-2832,-818,43889.81640625
1683143890218847500,4400,-2832,1653,43889.828125
1683143890264973200,4400,-2832,-2230,43889.8359375
1683143890265026400,4400,-2832,29,43889.84765625
1683143890265041900,4400,-2832,705,43889.85546875
1683143890265164900,4400,-2831,1085,43889.8671875
1683143890329643800,4400,-2831,2197,43889.87890625
1683143890329742700,4400,-2831,-922,43889.88671875
1683143890329920200,4400,-2830,649,43889.8984375
1683143890330175900,4400,-2829,241,43889.91015625
1683143890330406600,4400,-2828,2405,43889.91796875
1683143890330507100,4400,-2828,1857,43889.92578125
1683143890387796600,4400,-2828,-1958,43889.9375
1683143890387844200,4400,-2828,565,43889.9453125
1683143890387863600,4400,-2828,-1438,43889.95703125
1683143890387877100,4400,-2828,785,43889.97265625
1683143890387881600,4400,-2828,2085,43889.9765625
1683143890387979300,4400,-2828,-2114,43889.98828125
1683143890388056600,4400,-2828,-2162,43889.99609375
1683143890434928400,4400,-2828,-1338,43890.0078125
1683143890434979400,4400,-2828,-114,43890.015625
1683143890435082200,4400,-2828,301,43890.02734375
1683143890435123800,4400,-2828,-338,43890.0390625
1683143890497809700,4400,-2828,-1946,43890.046875
1683143890497830800,4400,-2828,-778,43890.0625
1683143890497850800,4400,-2828,1829,43890.06640625
1683143890498042900,4400,-2828,-2018,43890.078125
1683143890498057300,4400,-2828,-2034,43890.0859375
1683143890498897100,4400,-2828,-198,43890.09765625
1683143890498910500,4400,-2828,-966,43890.10546875
1683143890564669400,4400,-2828,-1494,43890.1171875
1683143890564735200,4400,-2828,1461,43890.12890625
1683143890564764800,4400,-2828,-1318,43890.13671875
1683143890564885000,4400,-2828,-2374,43890.1484375
1683143890564965900,4400,-2828,-1482,43890.16015625
1683143890565297400,4400,-2828,-526,43890.16796875
1683143890621438800,4400,-2828,2417,43890.17578125
1683143890621486700,4400,-2828,2185,43890.19140625
1683143890621582900,4400,-2828,-414,43890.1953125
1683143890621785000,4400,-2828,1,43890.20703125
1683143890621986700,4400,-2828,1961,43890.22265625
1683143890622089600,4400,-2828,1465,43890.2265625
1683143890684747400,4400,-2828,-258,43890.23828125
1683143890684774000,4400,-2828,-2266,43890.24609375
1683143890684779900,4400,-2828,-1286,43890.2578125
1683143890684789800,4401,-2828,1329,43890.265625
1683143890685028000,4421,-2840,217,43890.28125
1683143890685056100,4426,-2846,-270,43890.28515625
1683143890759061800,4437,-2858,-1522,43890.296875
1683143890759117500,4460,-2883,-1998,43890.3125
1683143890759134200,4465,-2888,-902,43890.31640625
1683143890759240900,4468,-2890,-2374,43890.328125
1683143890759253500,4467,-2890,-490,43890.3359375
1683143890759260200,4468,-2890,1913,43890.3515625
1683143890759561300,4468,-2891,-2446,43890.35546875
1683143890759763100,4471,-2895,-2418,43890.3671875
1683143890849115500,4475,-2900,2421,43890.37890625
1683143890849187700,4476,-2902,1049,43890.38671875
1683143890849204800,4476,-2901,-166,43890.3984375
1683143890849291000,4476,-2903,-2162,43890.41015625
1683143890849296800,4476,-2903,-2,43890.41796875
1683143890849302800,4475,-2903,517,43890.42578125
1683143890849311800,4475,-2904,-2290,43890.4375
1683143890849444600,4475,-2904,-1946,43890.4453125
1683143890849769800,4475,-2904,1677,43890.45703125
1683143890899598000,4474,-2904,1765,43890.46875
1683143890899646900,4473,-2905,997,43890.4765625
1683143890899760000,4473,-2905,605,43890.48828125
1683143890899773300,4473,-2905,-922,43890.49609375
1683143890899800300,4473,-2905,-1434,43890.5078125
1683143890950181200,4473,-2904,-1482,43890.515625
1683143890950242500,4472,-2904,-954,43890.52734375
1683143890950347000,4472,-2904,-2258,43890.53515625
1683143890950364000,4472,-2904,1477,43890.546875
1683143890950376100,4472,-2903,725,43890.55859375
1683143891011086500,4472,-2903,633,43890.56640625
1683143891011248100,4472,-2903,2337,43890.578125
1683143891011376700,4472,-2903,537,43890.5859375
1683143891011401200,4472,-2903,-1946,43890.59765625
1683143891011427800,4472,-2903,177,43890.60546875
1683143891012067000,4472,-2903,1833,43890.6171875
1683143891075672100,4471,-2902,1285,43890.62890625
1683143891075735300,4471,-2902,-486,43890.63671875
1683143891075787600,4471,-2901,2266,43890.6484375
1683143891075827500,4471,-2901,1746,43890.65625
1683143891075982400,4471,-2902,-1957,43890.66796875
1683143891076167000,4471,-2901,1514,43890.67578125
1683143891141788300,4471,-2901,-2093,43890.6875
1683143891141826200,4471,-2901,2298,43890.6953125
1683143891141841800,4471,-2901,2018,43890.70703125
1683143891141853800,4471,-2901,2402,43890.71875
1683143891141861100,4471,-2901,-1009,43890.7265625
1683143891142091300,4471,-2901,950,43890.73828125
1683143891197372700,4471,-2901,-1917,43890.75
1683143891197427700,4471,-2901,1878,43890.7578125
1683143891197522200,4471,-2901,-2257,43890.765625
1683143891197568900,4471,-2901,1662,43890.77734375
1683143891197850500,4471,-2901,2142,43890.78515625
1683143891197871400,4471,-2901,2478,43890.796875
1683143891261076700,4471,-2901,1486,43890.80859375
1683143891261121000,4471,-2901,382,43890.81640625
1683143891261151600,4471,-2901,-1017,43890.828125
1683143891261233300,4471,-2901,-2065,43890.8359375
1683143891261582200,4471,-2901,-625,43890.8515625
1683143891261595700,4471,-2901,1982,43890.85546875
1683143891262079500,4471,-2901,-1193,43890.8671875
1683143891323305400,4471,-2901,394,43890.87890625
1683143891323352900,4471,-2901,1766,43890.88671875
1683143891323368400,4471,-2901,-1585,43890.8984375
1683143891323378500,4471,-2901,-253,43890.9140625
1683143891323401100,4471,-2901,2274,43890.91796875
1683143891323632800,4471,-2901,-2229,43890.92578125
1683143891383836300,4471,-2901,-321,43890.94140625
1683143891383873900,4471,-2901,-1626,43890.9453125
1683143891383934300,4471,-2901,-405,43890.95703125
1683143891384002800,4471,-2901,874,43890.96875
1683143891384211700,4472,-2901,1330,43890.9765625
1683143891384522000,4471,-2901,297,43890.98828125
1683143891446734900,4471,-2901,-142,43890.99609375
1683143891446764100,4471,-2901,-438,43891.0078125
1683143891446779200,4471,-2901,1473,43891.015625
1683143891446790600,4471,-2900,457,43891.02734375
1683143891446798400,4471,-2900,1,43891.03515625
1683143891446811200,4471,-2900,497,43891.046875
1683143891510287000,4471,-2899,1881,43891.06640625
1683143891510343100,4471,-2900,625,43891.078125
1683143891510359600,4471,-2899,-270,43891.0859375
1683143891510377000,4471,-2899,-1486,43891.09765625
1683143891510416900,4471,-2899,-250,43891.10546875
1683143891510556600,4471,-2899,-1802,43891.1171875
1683143891577641900,4471,-2899,-1106,43891.12890625
1683143891577669600,4471,-2899,1189,43891.13671875
1683143891577687500,4471,-2899,-1530,43891.1484375
1683143891577715400,4471,-2899,-1806,43891.16015625
1683143891577769900,4471,-2899,694,43891.16796875
1683143891577885100,4471,-2899,1694,43891.17578125
1683143891637860700,4471,-2899,934,43891.19140625
1683143891637881500,4471,-2899,166,43891.1953125
1683143891637886200,4471,-2899,2462,43891.20703125
1683143891637894100,4471,-2899,-2109,43891.22265625
1683143891637898800,4471,-2899,2102,43891.2265625
1683143891637902700,4471,-2899,1494,43891.23828125
1683143891697157600,4471,-2899,58,43891.25390625
1683143891697196600,4471,-2899,-57,43891.2578125
1683143891697211800,4472,-2900,-533,43891.265625
1683143891697227300,4483,-2906,26,43891.27734375
1683143891697254000,4495,-2920,470,43891.2890625
1683143891697502900,4504,-2928,-2053,43891.296875
1683143891764446500,4525,-2952,1950,43891.3125
1683143891764477400,4531,-2958,-1541,43891.31640625
1683143891764508900,4540,-2966,18,43891.328125
1683143891764545100,4547,-2974,-1373,43891.3359375
1683143891764651300,4550,-2978,474,43891.3515625
1683143891764897700,4549,-2976,1262,43891.35546875
1683143891764928900,4547,-2977,1626,43891.3671875
1683143891826259700,4547,-2975,-869,43891.37890625
1683143891826297700,4546,-2972,-1537,43891.38671875
1683143891826310300,4546,-2973,1454,43891.3984375
1683143891826342400,4545,-2972,-909,43891.41015625
1683143891826444500,4544,-2973,1790,43891.41796875
1683143891826452900,4543,-2971,1418,43891.42578125
1683143891881408700,4542,-2969,1266,43891.4375
1683143891881444100,4542,-2969,-2241,43891.4453125
1683143891881468400,4542,-2969,-269,43891.45703125
1683143891881558500,4542,-2969,1722,43891.47265625
1683143891881757000,4542,-2969,2350,43891.48046875
1683143891881784000,4542,-2969,-2225,43891.48828125
1683143891949922900,4541,-2969,-1789,43891.49609375
1683143891949949900,4541,-2968,1906,43891.5078125
1683143891949956800,4541,-2968,-2429,43891.515625
1683143891949967300,4541,-2968,-993,43891.52734375
1683143891949975600,4541,-2968,246,43891.53515625
1683143891949979300,4541,-2968,-1489,43891.546875
1683143892014391500,4541,-2968,1198,43891.55859375
1683143892014421500,4541,-2968,-2257,43891.56640625
1683143892014432800,4541,-2968,-369,43891.578125
1683143892014438600,4541,-2968,966,43891.5859375
1683143892014446700,4541,-2968,1158,43891.59765625
1683143892014456900,4541,-2968,222,43891.60546875
1683143892014482100,4541,-2968,810,43891.62109375
1683143892079276600,4541,-2969,2266,43891.63671875
1683143892079321600,4541,-2969,674,43891.640625
1683143892079346900,4541,-2969,2102,43891.6484375
1683143892079360900,4541,-2969,150,43891.65625
1683143892079391700,4541,-2969,1622,43891.671875
1683143892079415300,4541,-2969,1890,43891.67578125
1683143892079591600,4541,-2969,1658,43891.6875
1683143892149373000,4541,-2970,350,43891.69921875
1683143892149420900,4542,-2970,1686,43891.70703125
1683143892149445700,4542,-2970,1146,43891.71875
1683143892149461300,4542,-2970,-1705,43891.734375
1683143892149469300,4542,-2970,-317,43891.73828125
1683143892149473900,4542,-2970,-825,43891.74609375
1683143892149835200,4542,-2970,10,43891.7578125
1683143892214535900,4542,-2970,2446,43891.765625
1683143892214569800,4542,-2971,-673,43891.77734375
1683143892214576900,4542,-2971,566,43891.78515625
1683143892214585500,4542,-2971,1838,43891.80078125
1683143892214601000,4542,-2971,354,43891.80859375
1683143892214614400,4542,-2971,-173,43891.81640625
1683143892303324300,4542,-2971,-2109,43891.83203125
1683143892303426100,4542,-2971,-221,43891.8359375
1683143892303454500,4542,-2971,1394,43891.84765625
1683143892303466000,4542,-2971,918,43891.859375
1683143892303475600,4542,-2971,-1949,43891.8671875
1683143892303499400,4542,-2971,-5,43891.87890625
1683143892303536800,4542,-2971,-1217,43891.890625
1683143892303540800,4542,-2971,-1726,43891.8984375
1683143892303635900,4542,-2971,-2270,43891.90625
1683143892351104600,4542,-2971,-1246,43891.91796875
1683143892351154500,4542,-2971,682,43891.92578125
1683143892351179100,4542,-2971,518,43891.9375
1683143892351208600,4542,-2971,714,43891.953125
1683143892351555000,4542,-2971,710,43891.95703125
1683143892399328400,4542,-2971,1850,43891.96875
1683143892399357300,4542,-2971,434,43891.98046875
1683143892399377200,4542,-2971,2142,43891.98828125
1683143892399390500,4542,-2971,-418,43891.99609375
1683143892399402700,4542,-2971,1481,43892.0078125
1683143892465330700,4542,-2971,-2306,43892.01953125
1683143892465362600,4542,-2971,-1594,43892.02734375
1683143892465373300,4542,-2971,1933,43892.04296875
1683143892465498500,4542,-2971,1097,43892.046875
1683143892465555300,4542,-2971,-2350,43892.05859375
1683143892465763800,4542,-2971,-1778,43892.06640625
1683143892523992100,4542,-2971,-762,43892.078125
1683143892524012400,4543,-2971,-1918,43892.0859375
1683143892524018400,4543,-2971,-846,43892.09765625
1683143892524027000,4543,-2971,-1182,43892.109375
1683143892524038400,4543,-2971,-9,43892.1171875
1683143892524057600,4543,-2971,-537,43892.12890625
1683143892585465500,4542,-2971,189,43892.140625
1683143892585521100,4542,-2971,566,43892.1484375
1683143892585658500,4543,-2971,1198,43892.15625
1683143892585830200,4543,-2971,-1669,43892.16796875
1683143892586093600,4543,-2971,570,43892.17578125
1683143892586172800,4542,-2971,-2073,43892.1875
1683143892663227600,4543,-2971,-2149,43892.19921875
1683143892663326000,4543,-2971,-2409,43892.20703125
1683143892663337700,4542,-2971,-1181,43892.21875
1683143892663393300,4543,-2971,-1533,43892.23046875
1683143892663754900,4542,-2971,-881,43892.23828125
1683143892663947700,4542,-2971,2202,43892.24609375
1683143892664105700,4542,-2971,-877,43892.26171875
1683143892664273800,4542,-2971,2425,43892.265625
1683143892723514100,4543,-2971,778,43892.27734375
1683143892723635000,4554,-2975,1402,43892.28515625
1683143892723649200,4563,-2985,842,43892.296875
1683143892723752900,4572,-2994,-21,43892.30859375
1683143892723795200,4580,-3003,-1933,43892.31640625
1683143892723987400,4593,-3016,374,43892.328125
1683143892770615600,4606,-3029,482,43892.3359375
1683143892770666300,4615,-3039,394,43892.34765625
1683143892770772600,4620,-3045,-1085,43892.35546875
1683143892770899200,4620,-3047,366,43892.3671875
1683143892771246500,4619,-3046,-1069,43892.37890625
1683143892818150400,4618,-3047,-1837,43892.38671875
1683143892818205600,4618,-3046,1794,43892.3984375
1683143892818229600,4617,-3045,1058,43892.40625
1683143892818237200,4615,-3046,1950,43892.41796875
1683143892818534900,4615,-3046,30,43892.42578125
1683143892881313300,4615,-3045,358,43892.4375
1683143892881423800,4614,-3043,-1753,43892.44921875
1683143892881430400,4613,-3042,1406,43892.45703125
1683143892881448000,4612,-3043,390,43892.46875
1683143892881602400,4613,-3042,-589,43892.48046875
1683143892881906600,4613,-3042,-1233,43892.48828125
1683143892941587600,4612,-3042,1494,43892.49609375
1683143892941714500,4613,-3042,-1333,43892.5078125
1683143892941744500,4612,-3042,-1925,43892.515625
1683143892941835600,4612,-3042,1710,43892.52734375
1683143892941919300,4612,-3042,-777,43892.5390625
1683143893007605400,4612,-3042,1142,43892.55078125
1683143893007631000,4612,-3042,-637,43892.55859375
1683143893007667400,4612,-3042,-417,43892.56640625
1683143893007699600,4612,-3042,-1117,43892.578125
1683143893008008100,4612,-3042,2030,43892.5859375
1683143893008412800,4612,-3042,-1313,43892.59765625
1683143893008703500,4612,-3041,-2349,43892.60546875
1683143893008849700,4612,-3041,1178,43892.6171875
1683143893066373300,4612,-3041,-1233,43892.62890625
1683143893066417800,4612,-3041,-1801,43892.63671875
1683143893066454200,4612,-3041,1938,43892.6484375
1683143893066467500,4612,-3041,2158,43892.65625
1683143893066513500,4612,-3041,-1129,43892.66796875
1683143893066526400,4612,-3041,1678,43892.67578125
1683143893130691500,4612,-3041,2034,43892.6875
1683143893130804200,4612,-3041,-209,43892.6953125
1683143893130858000,4612,-3041,-2081,43892.70703125
1683143893130918500,4612,-3041,-765,43892.71875
1683143893130971100,4612,-3041,-2281,43892.7265625
1683143893131304400,4612,-3041,-2333,43892.73828125
1683143893221474900,4612,-3041,-1197,43892.74609375
1683143893221527500,4612,-3041,462,43892.7578125
1683143893221545000,4612,-3041,626,43892.765625
1683143893221871500,4612,-3041,202,43892.77734375
1683143893222028300,4612,-3041,2250,43892.78515625
1683143893222170300,4612,-3041,2446,43892.796875
1683143893222320900,4612,-3041,482,43892.80859375
1683143893222436900,4612,-3041,-77,43892.81640625
1683143893222759500,4612,-3041,-1605,43892.828125
1683143893289219300,4612,-3042,-753,43892.8359375
1683143893289266700,4612,-3041,-453,43892.84765625
1683143893289280300,4612,-3042,-525,43892.85546875
1683143893289294700,4612,-3041,1650,43892.8671875
1683143893289314000,4612,-3042,746,43892.87890625
1683143893289521700,4612,-3041,-53,43892.88671875
1683143893289781500,4612,-3042,-2425,43892.8984375
1683143893360338600,4612,-3041,2238,43892.90625
1683143893360360700,4612,-3042,-1377,43892.91796875
1683143893360392500,4612,-3042,70,43892.92578125
1683143893360434500,4612,-3042,-1121,43892.9375
1683143893360444200,4612,-3042,-933,43892.9453125
1683143893360474100,4612,-3042,-1145,43892.95703125
1683143893360871500,4612,-3042,1222,43892.96875
1683143893407521900,4612,-3042,1446,43892.9765625
1683143893407591400,4612,-3042,-685,43892.98828125
1683143893407644800,4612,-3042,-1657,43892.99609375
1683143893407708000,4612,-3042,1758,43893.0078125
1683143893408042100,4612,-3042,742,43893.015625
1683143893469389900,4612,-3042,-2161,43893.02734375
1683143893469434000,4612,-3042,2050,43893.03515625
1683143893469444900,4612,-3042,2458,43893.046875
1683143893469452700,4612,-3042,1362,43893.05859375
1683143893470196400,4612,-3042,1450,43893.06640625
1683143893470432200,4612,-3042,-461,43893.078125
1683143893515557000,4612,-3042,290,43893.0859375
1683143893515605800,4612,-3042,-1161,43893.09765625
1683143893515637600,4612,-3042,-469,43893.109375
1683143893515817700,4612,-3042,-821,43893.1171875
1683143893561588700,4612,-3042,1610,43893.12890625
1683143893561646200,4612,-3042,1046,43893.13671875
1683143893561674200,4612,-3042,2402,43893.1484375
1683143893561870900,4612,-3042,242,43893.15625
1683143893561921400,4612,-3042,1490,43893.16796875
1683143893622898700,4612,-3042,-1305,43893.17578125
1683143893622948200,4612,-3042,-1521,43893.1875
1683143893622959900,4612,-3042,774,43893.1953125
1683143893623062200,4612,-3042,2218,43893.20703125
1683143893623381500,4612,-3042,1834,43893.21875
1683143893623766800,4612,-3042,1214,43893.2265625
1683143893683982700,4612,-3042,834,43893.23828125
1683143893684009200,4612,-3042,-869,43893.24609375
1683143893684057800,4612,-3042,354,43893.2578125
1683143893684139600,4612,-3042,-2465,43893.265625
1683143893684213400,4612,-3042,-853,43893.27734375
1683143893684520600,4615,-3043,-2013,43893.28515625
1683143893731728100,4628,-3049,738,43893.296875
1683143893731786300,4635,-3059,-1285,43893.30859375
1683143893731820700,4643,-3066,-1705,43893.31640625
1683143893732000200,4653,-3077,-2049,43893.328125
1683143893732111200,4667,-3091,-1985,43893.3359375
1683143893777809000,4679,-3104,966,43893.34765625
1683143893777851400,4689,-3114,358,43893.35546875
1683143893778016600,4693,-3121,-841,43893.3671875
1683143893778044300,4691,-3119,-785,43893.37890625
1683143893778054000,4688,-3119,-1953,43893.38671875
1683143893823096900,4688,-3118,-2337,43893.3984375
1683143893823137900,4688,-3116,-2105,43893.40625
1683143893823164100,4686,-3117,-17,43893.41796875
1683143893823307800,4686,-3116,1494,43893.42578125
1683143893869311300,4686,-3116,2454,43893.4375
1683143893869334000,4685,-3116,1282,43893.4453125
1683143893869338600,4685,-3115,-869,43893.45703125
1683143893869380200,4684,-3115,1906,43893.46875
1683143893869476700,4684,-3115,-1033,43893.4765625
1683143893917142900,4684,-3115,-1042,43893.48828125
1683143893917190500,4684,-3115,-622,43893.49609375
1683143893917222600,4684,-3115,-766,43893.5078125
1683143893917460600,4684,-3115,-162,43893.515625
1683143893917593500,4683,-3113,-745,43893.52734375
1683143893962903700,4682,-3113,1210,43893.53515625
1683143893962951000,4682,-3113,1574,43893.546875
1683143893962990200,4683,-3113,-1753,43893.55859375
1683143893963010600,4682,-3113,-617,43893.56640625
1683143894009858100,4682,-3113,878,43893.578125
1683143894009908900,4682,-3113,-269,43893.5859375
1683143894009944300,4682,-3113,-173,43893.59765625
1683143894009977400,4682,-3113,-1517,43893.60546875
1683143894010034100,4682,-3113,1946,43893.6171875
1683143894070424900,4682,-3113,330,43893.62890625
1683143894070475000,4682,-3113,-525,43893.63671875
1683143894070505800,4682,-3113,-354,43893.6484375
1683143894070679900,4682,-3113,-1685,43893.65625
1683143894070692300,4682,-3113,-1021,43893.66796875
1683143894071362100,4682,-3113,-773,43893.67578125
1683143894131032800,4682,-3113,-1554,43893.6875
1683143894131116600,4682,-3113,-1786,43893.69921875
1683143894131265600,4683,-3113,397,43893.7109375
1683143894131297000,4682,-3113,441,43893.71875
1683143894186173500,4683,-3113,-714,43893.73046875
1683143894186199700,4683,-3113,-1278,43893.73828125
1683143894186205100,4683,-3113,1981,43893.74609375
1683143894186231700,4683,-3113,461,43893.7578125
1683143894186262800,4683,-3113,1245,43893.76953125
1683143894186274400,4683,-3113,-2482,43893.77734375
1683143894186568600,4683,-3113,-190,43893.7890625
1683143894249720100,4683,-3113,1189,43893.796875
1683143894249773800,4683,-3113,-662,43893.80859375
1683143894249800600,4683,-3113,-290,43893.81640625
1683143894249984100,4683,-3113,-1914,43893.828125
1683143894250081600,4683,-3113,761,43893.8359375
1683143894250502700,4683,-3113,-1818,43893.84765625
1683143894250776100,4683,-3113,2109,43893.85546875
1683143894305637600,4683,-3113,-1306,43893.8671875
1683143894305680200,4683,-3113,-1238,43893.87890625
1683143894305862300,4683,-3113,-1446,43893.890625
1683143894305894900,4683,-3113,1929,43893.8984375
1683143894305905200,4683,-3113,-2366,43893.90625
1683143894364511400,4683,-3113,1349,43893.91796875
1683143894364553500,4683,-3113,-1718,43893.92578125
1683143894364566800,4683,-3113,-158,43893.9375
1683143894364729000,4683,-3113,2093,43893.953125
1683143894364934500,4683,-3113,1633,43893.95703125
1683143894364951300,4683,-3113,-1582,43893.96875
1683143894415657800,4683,-3113,-374,43893.98046875
1683143894415747400,4683,-3113,-1186,43893.98828125
1683143894415762800,4683,-3113,-90,43893.99609375
1683143894415772000,4683,-3113,297,43894.0078125
1683143894415776300,4683,-3113,-798,43894.015625
1683143894475362500,4683,-3113,1793,43894.02734375
1683143894475414500,4683,-3113,-70,43894.03515625
1683143894475462700,4683,-3113,-330,43894.046875
1683143894475570200,4683,-3113,161,43894.05859375
1683143894475694200,4683,-3113,-2102,43894.06640625
1683143894475779600,4683,-3113,2365,43894.078125
1683143894521926500,4683,-3113,1249,43894.0859375
1683143894521978200,4683,-3113,-150,43894.09765625
1683143894521992800,4683,-3113,689,43894.10546875
1683143894522024100,4683,-3113,1402,43894.1171875
1683143894522034800,4683,-3113,-406,43894.12890625
1683143894568933600,4683,-3113,650,43894.13671875
1683143894568960800,4683,-3113,-1853,43894.15234375
1683143894568994600,4683,-3113,554,43894.16015625
1683143894569022500,4683,-3113,150,43894.16796875
1683143894569247900,4683,-3113,-2321,43894.17578125
1683143894621001400,4683,-3113,-673,43894.1875
1683143894621024100,4683,-3113,-197,43894.1953125
1683143894621053900,4683,-3112,158,43894.2109375
1683143894621084400,4683,-3112,1206,43894.21875
1683143894621104300,4683,-3112,-1145,43894.2265625
1683143894680237500,4683,-3112,-1297,43894.23828125
1683143894680272200,4683,-3112,-57,43894.24609375
1683143894680284200,4683,-3112,-2249,43894.2578125
1683143894680292600,4683,-3112,2242,43894.265625
1683143894680296700,4683,-3112,-2117,43894.27734375
1683143894680806600,4685,-3115,1198,43894.2890625
1683143894755450700,4695,-3119,190,43894.296875
1683143894755475300,4704,-3129,1226,43894.30859375
1683143894755481100,4712,-3138,-1633,43894.31640625
1683143894755489300,4727,-3152,1722,43894.328125
1683143894755517700,4741,-3167,-425,43894.3359375
1683143894755731100,4751,-3178,-1905,43894.34765625
1683143894755754300,4758,-3186,-1061,43894.35546875
1683143894801391800,4760,-3187,-209,43894.3671875
1683143894801417500,4758,-3186,1358,43894.37890625
1683143894801428300,4759,-3187,-2194,43894.38671875
1683143894801434300,4759,-3187,-382,43894.3984375
1683143894801452500,4759,-3187,-1554,43894.40625
1683143894904659200,4758,-3186,2437,43894.41796875
1683143894904706600,4757,-3186,-1910,43894.4296875
1683143894904722100,4757,-3186,-1890,43894.4375
1683143894904731900,4757,-3186,1501,43894.4453125
1683143894904755100,4757,-3186,-782,43894.45703125
1683143894904766100,4756,-3186,-1515,43894.46875
1683143894904827700,4756,-3186,-90,43894.4765625
1683143894904873500,4756,-3186,-838,43894.48828125
1683143894904991400,4756,-3185,29,43894.49609375
1683143894904997000,4756,-3185,-1638,43894.5078125
1683143894957696900,4756,-3185,-982,43894.515625
1683143894957747500,4756,-3185,-438,43894.52734375
1683143894957761700,4756,-3185,1505,43894.53515625
1683143894957790500,4756,-3185,-366,43894.546875
1683143894957813900,4755,-3185,-2366,43894.55859375
1683143894957835100,4755,-3185,2249,43894.56640625
1683143895079954300,4754,-3185,873,43894.578125
1683143895080001700,4753,-3185,-38,43894.5859375
1683143895080076800,4754,-3185,2009,43894.59765625
1683143895080151200,4754,-3185,-1686,43894.60546875
1683143895080174800,4753,-3185,-326,43894.62109375
1683143895080186700,4753,-3185,329,43894.62890625
1683143895080199500,4753,-3185,1901,43894.63671875
1683143895080204100,4753,-3185,-2458,43894.6484375
1683143895080209400,4753,-3185,-1142,43894.65625
1683143895080415800,4753,-3185,453,43894.66796875
1683143895080707700,4753,-3185,-2154,43894.6796875
1683143895081534000,4753,-3185,-1554,43894.6875
1683143895151840600,4754,-3185,-1382,43894.6953125
1683143895151868900,4753,-3185,1685,43894.70703125
1683143895151909200,4754,-3185,189,43894.71875
1683143895151952200,4753,-3185,-1550,43894.7265625
1683143895152201500,4754,-3185,2261,43894.7421875
1683143895152224400,4753,-3185,-694,43894.74609375
1683143895152230700,4754,-3185,653,43894.7578125
1683143895208358500,4753,-3185,-2238,43894.765625
1683143895208399100,4754,-3185,1625,43894.77734375
1683143895208413600,4754,-3185,-194,43894.78515625
1683143895208443800,4754,-3185,-2078,43894.796875
1683143895208726800,4754,-3185,-1794,43894.80859375
1683143895208809500,4754,-3185,-1386,43894.81640625
1683143895266181700,4754,-3185,-658,43894.828125
1683143895266227500,4754,-3185,-510,43894.83984375
1683143895266240600,4754,-3185,925,43894.84765625
1683143895266332100,4754,-3185,-1170,43894.85546875
1683143895266714100,4754,-3185,-2038,43894.8671875
1683143895332313000,4754,-3185,-371,43894.87890625
1683143895332339800,4754,-3185,1997,43894.88671875
1683143895332349200,4754,-3185,-314,43894.90234375
1683143895332356600,4754,-3185,-490,43894.90625
1683143895332360900,4754,-3185,1125,43894.91796875
1683143895332365100,4754,-3185,637,43894.9296875
1683143895332488700,4754,-3185,-1662,43894.9375
1683143895391728900,4754,-3185,-1626,43894.9453125
1683143895391755100,4754,-3185,-998,43894.9609375
1683143895391764200,4754,-3185,-1854,43894.96875
1683143895391799700,4754,-3185,-790,43894.9765625
1683143895391827800,4754,-3185,2425,43894.98828125
1683143895391903600,4754,-3185,1081,43894.99609375
1683143895455769100,4754,-3185,-214,43895.0078125
1683143895455823600,4754,-3185,-1546,43895.015625
1683143895455836100,4754,-3185,-2294,43895.02734375
1683143895455866500,4754,-3185,1209,43895.03515625
1683143895456117400,4754,-3185,-2214,43895.046875
1683143895456279800,4754,-3185,1505,43895.05859375
1683143895515745200,4754,-3185,1605,43895.06640625
1683143895515792100,4754,-3185,-74,43895.078125
1683143895515803100,4754,-3185,-1910,43895.0859375
1683143895515829600,4754,-3185,513,43895.09765625
1683143895515920600,4754,-3185,-1698,43895.10546875
1683143895516525400,4754,-3185,629,43895.1171875
1683143895576763100,4754,-3185,649,43895.12890625
1683143895576798100,4754,-3185,-102,43895.13671875
1683143895576829600,4754,-3185,2305,43895.1484375
1683143895576850500,4754,-3185,1001,43895.15625
1683143895576857700,4754,-3185,353,43895.16796875
1683143895576887600,4754,-3185,1841,43895.1796875
1683143895628385900,4754,-3185,-1958,43895.1875
1683143895628407900,4754,-3185,1325,43895.1953125
1683143895628481500,4754,-3185,2301,43895.2109375
1683143895628682600,4754,-3185,581,43895.21875
1683143895628692800,4754,-3185,409,43895.2265625
1683143895690451900,4754,-3185,-514,43895.2421875
1683143895690475500,4754,-3185,-1754,43895.24609375
1683143895690525300,4754,-3185,-1082,43895.2578125
1683143895690545700,4754,-3185,-1346,43895.265625
1683143895690569700,4754,-3185,-1258,43895.27734375
1683143895690972700,4754,-3185,1053,43895.28515625
1683143895751447000,4761,-3185,501,43895.30078125
1683143895751491400,4768,-3186,2193,43895.30859375
1683143895751519600,4773,-3187,-334,43895.31640625
1683143895751715900,4774,-3188,-1366,43895.328125
1683143895751817500,4775,-3188,773,43895.33984375
1683143895752035500,4776,-3188,-1854,43895.34765625
1683143895752278800,4775,-3188,-2246,43895.35546875
1683143895814417500,4775,-3188,1337,43895.3671875
1683143895814505800,4775,-3188,1469,43895.37890625
1683143895814516100,4775,-3188,-2230,43895.38671875
1683143895814526100,4775,-3188,-438,43895.3984375
1683143895814531100,4775,-3188,-978,43895.40625
1683143895814759700,4775,-3188,1861,43895.41796875
1683143895873670500,4775,-3188,2181,43895.4296875
1683143895873693800,4775,-3188,-1398,43895.4375
1683143895873789700,4775,-3188,2425,43895.4453125
1683143895873923500,4775,-3188,393,43895.45703125
1683143895873932300,4775,-3188,477,43895.46875
1683143895873939000,4775,-3188,-86,43895.4765625
1683143895920654700,4775,-3188,-2486,43895.48828125
1683143895920685800,4775,-3188,57,43895.49609375
1683143895920692200,4775,-3188,-614,43895.5078125
1683143895920697300,4775,-3188,-710,43895.515625
1683143895920719600,4775,-3188,-2478,43895.52734375
1683143895983227100,4775,-3188,417,43895.53515625
1683143895983247700,4775,-3188,417,43895.55078125
1683143895983251300,4775,-3188,325,43895.5625
1683143895983278100,4775,-3188,561,43895.5703125
1683143895983398300,4775,-3188,657,43895.58984375
1683143896047063000,4775,-3188,-482,43895.59765625
1683143896047183600,4775,-3188,793,43895.609375
1683143896047369100,4775,-3188,1881,43895.6171875
1683143896047471400,4775,-3188,-562,43895.62890625
1683143896047788700,4775,-3188,-1178,43895.640625
1683143896048007400,4775,-3188,-1958,43895.6484375
1683143896107868500,4775,-3188,-602,43895.66015625
1683143896107915900,4775,-3188,961,43895.66796875
1683143896107930200,4775,-3189,1121,43895.6796875
1683143896107943900,4775,-3189,1225,43895.6875
1683143896107955300,4775,-3189,1833,43895.69921875
1683143896107968300,4775,-3188,457,43895.7109375
1683143896169576700,4775,-3189,233,43895.71875
1683143896169614800,4775,-3189,1817,43895.73046875
1683143896169624000,4775,-3189,905,43895.73828125
1683143896169655000,4775,-3189,-2414,43895.75
1683143896169754300,4776,-3189,585,43895.7578125
1683143896169767200,4776,-3189,913,43895.76953125
1683143896230104200,4776,-3189,-1102,43895.77734375
1683143896230237600,4776,-3189,2425,43895.7890625
1683143896230367900,4776,-3189,-2250,43895.8046875
1683143896230384400,4776,-3189,-666,43895.8125
1683143896230392900,4776,-3189,-442,43895.8203125
1683143896230398800,4776,-3189,-1018,43895.828125
1683143896230402900,4776,-3189,-1126,43895.83984375
1683143896275810500,4776,-3189,-602,43895.84765625
1683143896275835100,4776,-3189,205,43895.859375
1683143896275857300,4776,-3189,-1554,43895.8671875
1683143896275910300,4776,-3189,-2322,43895.87890625
1683143896327336800,4776,-3189,1061,43895.890625
1683143896327359900,4776,-3189,-18,43895.8984375
1683143896327440600,4776,-3189,1141,43895.91015625
1683143896327566900,4776,-3189,-890,43895.91796875
1683143896327723100,4776,-3189,1365,43895.9296875
1683143896390873500,4776,-3189,-858,43895.9375
1683143896390898500,4776,-3189,2321,43895.94921875
1683143896390904900,4776,-3189,-2174,43895.9609375
1683143896390922200,4776,-3189,193,43895.96875
1683143896390948600,4776,-3189,1369,43895.98046875
1683143896391059600,4776,-3189,2365,43895.98828125
1683143896391701300,4776,-3189,1801,43896.0
1683143896449510400,4776,-3189,2209,43896.0078125
1683143896449551500,4776,-3189,-606,43896.01953125
1683143896449588300,4776,-3189,-198,43896.03125
1683143896449601800,4776,-3189,-2262,43896.0390625
1683143896449999200,4776,-3189,-982,43896.05078125
1683143896511542700,4776,-3189,-1758,43896.0625
1683143896511575400,4776,-3189,2165,43896.0703125
1683143896511620400,4776,-3189,-1578,43896.078125
1683143896511672200,4776,-3189,2285,43896.08984375
1683143896511691800,4776,-3189,-1278,43896.09765625
1683143896511843900,4776,-3189,1721,43896.109375
1683143896511971900,4776,-3189,1277,43896.1171875
1683143896573363700,4776,-3189,177,43896.12890625
1683143896573406200,4776,-3189,2137,43896.140625
1683143896573470700,4776,-3189,-1710,43896.1484375
1683143896573608600,4776,-3189,-470,43896.16015625
1683143896573744500,4776,-3189,-806,43896.16796875
1683143896574104100,4776,-3189,-1238,43896.1796875
1683143896633735200,4776,-3189,2113,43896.1875
1683143896633789600,4776,-3189,-14,43896.19921875
1683143896633804400,4776,-3189,1085,43896.2109375
1683143896633815300,4776,-3189,1485,43896.21875
1683143896633937900,4776,-3189,-2366,43896.23046875
1683143896634218100,4776,-3189,-1426,43896.23828125
1683143896681365900,4776,-3189,-1082,43896.25
1683143896681413900,4776,-3189,-474,43896.2578125
1683143896681443700,4776,-3189,-886,43896.26953125
1683143896681840700,4776,-3189,-1618,43896.28125
1683143896682136600,4776,-3189,-1250,43896.2890625
1683143896743861200,4776,-3189,-1710,43896.30078125
1683143896743941900,4776,-3189,-2166,43896.3125
1683143896743965500,4776,-3189,-2034,43896.3203125
1683143896743977300,4775,-3189,441,43896.328125
1683143896744013100,4781,-3197,-2342,43896.34375
1683143896744022300,4788,-3205,-378,43896.34765625
1683143896805086600,4800,-3217,197,43896.359375
1683143896805114800,4822,-3239,-1994,43896.37109375
1683143896805151800,4835,-3250,1797,43896.37890625
1683143896805161500,4850,-3263,1685,43896.390625
1683143896805165400,4870,-3271,1421,43896.3984375
1683143896805171600,4882,-3273,1733,43896.41015625
1683143896851535400,4879,-3273,277,43896.41796875
1683143896851550200,4880,-3273,-770,43896.4296875
1683143896851562600,4881,-3271,-770,43896.4375
1683143896851573100,4884,-3268,-1930,43896.44921875
1683143896851589800,4883,-3267,-258,43896.4609375
1683143896898908600,4885,-3262,-1786,43896.46875
1683143896898940100,4885,-3260,-122,43896.48046875
1683143896898948000,4885,-3260,-2306,43896.48828125
1683143896898961300,4886,-3260,2337,43896.5
1683143896959627600,4892,-3256,-1954,43896.5078125
1683143896959782200,4896,-3256,913,43896.51953125
1683143896959871200,4901,-3255,-1566,43896.52734375
1683143896959904000,4908,-3255,885,43896.5390625
1683143896959911400,4919,-3254,2318,43896.55078125
1683143896960537600,4929,-3255,-1277,43896.55859375
1683143896960769700,4944,-3254,718,43896.5703125
1683143897007457300,4958,-3254,2030,43896.578125
1683143897007485200,4968,-3254,814,43896.58984375
1683143897007493300,4968,-3255,1218,43896.59765625
1683143897007558400,4967,-3255,1250,43896.609375
1683143897069554900,4968,-3255,594,43896.6171875
1683143897069606700,4967,-3256,-1893,43896.62890625
1683143897069710300,4965,-3256,1090,43896.640625
1683143897069793700,4966,-3256,346,43896.6484375
1683143897069831200,4965,-3256,-437,43896.66015625
1683143897070170500,4964,-3256,166,43896.66796875
1683143897130886800,4963,-3256,1098,43896.6796875
1683143897130911800,4963,-3256,-685,43896.6875
1683143897130937500,4963,-3257,-869,43896.69921875
1683143897130971700,4964,-3257,422,43896.7109375
1683143897130987400,4963,-3257,-873,43896.72265625
1683143897131444300,4963,-3258,1974,43896.73046875
1683143897131752700,4962,-3259,-1781,43896.73828125
1683143897193570600,4963,-3259,610,43896.75
1683143897193621300,4963,-3259,1038,43896.7578125
1683143897193731300,4962,-3259,-209,43896.76953125
1683143897193752200,4962,-3259,698,43896.77734375
1683143897194169700,4962,-3259,-1117,43896.7890625
1683143897194313100,4962,-3259,1110,43896.80078125
1683143897254038400,4962,-3259,-2017,43896.80859375
1683143897254084400,4962,-3259,738,43896.8203125
1683143897254112700,4962,-3259,-1677,43896.828125
1683143897254202300,4962,-3259,2198,43896.83984375
1683143897254385000,4962,-3259,462,43896.84765625
1683143897254684000,4962,-3259,1254,43896.859375
1683143897299574400,4962,-3259,1846,43896.8671875
1683143897299599100,4962,-3259,2082,43896.87890625
1683143897299609600,4962,-3259,-1061,43896.890625
1683143897299800400,4961,-3259,-2445,43896.90234375
1683143897347183000,4961,-3259,-2469,43896.91015625
1683143897347214000,4961,-3259,1754,43896.91796875
1683143897347223300,4961,-3259,-1665,43896.9296875
1683143897347309100,4961,-3259,-2449,43896.94140625
1683143897347347500,4961,-3259,278,43896.94921875
1683143897394813400,4961,-3259,1058,43896.9609375
1683143897394845300,4961,-3259,-493,43896.97265625
1683143897394858100,4961,-3260,1058,43896.98046875
1683143897394871000,4961,-3260,-1997,43896.98828125
1683143897394873900,4961,-3260,254,43897.0
1683143897442921600,4961,-3260,-2077,43897.0078125
1683143897442958300,4961,-3260,-1349,43897.01953125
1683143897442971100,4961,-3260,-713,43897.03125
1683143897443007500,4961,-3260,402,43897.0390625
1683143897443032600,4961,-3260,434,43897.05078125
1683143897503243700,4961,-3260,-841,43897.0625
1683143897503277000,4961,-3260,1086,43897.0703125
1683143897503287900,4961,-3260,-1153,43897.078125
1683143897503295800,4961,-3260,1538,43897.08984375
1683143897503301600,4961,-3260,722,43897.09765625
1683143897503332600,4961,-3260,-1509,43897.109375
1683143897549803400,4961,-3260,1978,43897.1171875
1683143897549871900,4961,-3260,-1453,43897.12890625
1683143897549908400,4961,-3260,-85,43897.140625
1683143897550022200,4961,-3260,-1165,43897.1484375
1683143897612243800,4961,-3260,2426,43897.16015625
1683143897612264900,4961,-3260,-801,43897.16796875
1683143897612288400,4961,-3260,2118,43897.1796875
1683143897612299600,4961,-3260,850,43897.19140625
1683143897612332000,4961,-3260,2118,43897.19921875
1683143897612466600,4961,-3260,-1633,43897.2109375
1683143897660650000,4961,-3260,-533,43897.22265625
1683143897660684100,4961,-3260,-1885,43897.23046875
1683143897660709200,4961,-3260,1518,43897.23828125
1683143897660720800,4961,-3260,1438,43897.25390625
1683143897660724600,4961,-3260,-1473,43897.2578125
1683143897660820100,4961,-3260,826,43897.26953125
1683143897726961800,4961,-3260,270,43897.29296875
1683143897727010800,4961,-3260,366,43897.30078125
1683143897727028100,4961,-3260,1810,43897.3125
1683143897727229100,4963,-3260,-2213,43897.3203125
1683143897727355400,4977,-3268,1462,43897.33203125
1683143897785581600,4988,-3281,-185,43897.34375
1683143897785630200,4998,-3291,242,43897.3515625
1683143897785650400,5010,-3303,378,43897.36328125
1683143897785735500,5024,-3318,-2217,43897.37109375
1683143897786044900,5030,-3324,-1417,43897.38671875
1683143897786145700,5029,-3323,-417,43897.390625
1683143897835516800,5030,-3323,1214,43897.40234375
1683143897835563300,5030,-3324,-61,43897.4140625
1683143897835574400,5031,-3325,-2353,43897.421875
1683143897835702000,5031,-3325,1294,43897.43359375
1683143897892961500,5033,-3329,-833,43897.4453125
1683143897893000700,5034,-3330,-257,43897.453125
1683143897893015900,5033,-3330,-1225,43897.4609375
1683143897893044900,5035,-3332,402,43897.48046875
1683143897893067100,5036,-3332,746,43897.484375
1683143897893081800,5035,-3332,-689,43897.4921875
1683143897893143600,5036,-3332,-2009,43897.50390625
1683143897939081400,5036,-3333,-1897,43897.51171875
1683143897939120900,5036,-3334,506,43897.5234375
1683143897939145800,5036,-3334,-717,43897.5390625
1683143897939169200,5036,-3334,1202,43897.54296875
1683143897988044700,5036,-3336,1522,43897.55078125
1683143897988074100,5036,-3336,1634,43897.5625
1683143897988098100,5036,-3337,98,43897.57421875
1683143897988183800,5036,-3337,-1133,43897.58203125
1683143897988212200,5036,-3337,410,43897.59375
1683143898037922000,5035,-3337,2494,43897.60546875
1683143898037942500,5035,-3337,1818,43897.61328125
1683143898037946000,5035,-3336,-2253,43897.62109375
1683143898037951500,5034,-3336,-589,43897.63671875
1683143898037963800,5034,-3335,-1913,43897.640625
1683143898095899900,5034,-3335,2134,43897.65234375
1683143898095938300,5034,-3335,2394,43897.6640625
1683143898095953900,5034,-3335,1698,43897.671875
1683143898095969000,5034,-3335,2054,43897.68359375
1683143898095974500,5033,-3334,1714,43897.6953125
1683143898096486500,5033,-3333,-2345,43897.703125
1683143898145047800,5032,-3332,-125,43897.7109375
1683143898145073000,5033,-3332,-1001,43897.7265625
1683143898145102800,5033,-3332,-545,43897.734375
1683143898145132300,5032,-3332,-45,43897.7421875
1683143898145194100,5033,-3332,-1973,43897.75390625
1683143898191826300,5033,-3332,-765,43897.76171875
1683143898191865100,5032,-3332,-765,43897.7734375
1683143898191876400,5032,-3332,-1705,43897.78515625
1683143898191898900,5032,-3332,-889,43897.79296875
1683143898192201800,5033,-3332,-541,43897.80078125
1683143898256567000,5032,-3332,-897,43897.8125
1683143898256766600,5033,-3332,-1009,43897.82421875
1683143898256778600,5032,-3332,-241,43897.83203125
1683143898257079300,5033,-3332,-565,43897.84375
1683143898257105400,5032,-3332,1086,43897.85546875
1683143898257339400,5033,-3332,854,43897.86328125
1683143898315536500,5032,-3332,-1529,43897.87109375
1683143898315580400,5032,-3332,550,43897.88671875
1683143898315609000,5032,-3332,962,43897.89453125
1683143898315698100,5032,-3332,226,43897.90234375
1683143898315707200,5032,-3332,-97,43897.9140625
1683143898316249200,5032,-3332,1514,43897.921875
1683143898362713900,5032,-3332,-405,43897.93359375
1683143898362738400,5032,-3332,566,43897.9453125
1683143898362814200,5032,-3332,-97,43897.953125
1683143898363247300,5032,-3332,-189,43897.9609375
1683143898407777600,5032,-3332,-73,43897.9765625
1683143898407811200,5032,-3332,-1261,43897.984375
1683143898407833000,5032,-3332,1822,43897.9921875
1683143898407853600,5032,-3332,546,43898.00390625
1683143898408086100,5032,-3332,1038,43898.01171875
1683143898455265000,5032,-3332,2058,43898.0234375
1683143898455286500,5032,-3332,-2261,43898.03515625
1683143898455291700,5032,-3332,1678,43898.04296875
1683143898455299900,5032,-3332,-2265,43898.05078125
1683143898455309500,5032,-3331,-985,43898.0625
1683143898502386900,5032,-3331,2478,43898.07421875
1683143898502411100,5032,-3331,374,43898.08203125
1683143898502426700,5032,-3331,1302,43898.09375
1683143898502435300,5032,-3331,618,43898.1015625
1683143898502544800,5032,-3331,154,43898.11328125
1683143898551877600,5032,-3331,-1377,43898.12109375
1683143898551909700,5032,-3331,-2169,43898.13671875
1683143898551937900,5032,-3331,-269,43898.140625
1683143898551951700,5032,-3331,814,43898.15234375
1683143898615615100,5032,-3331,-2493,43898.1640625
1683143898615645600,5032,-3331,974,43898.171875
1683143898615651200,5032,-3331,1758,43898.18359375
1683143898615706000,5032,-3331,1986,43898.1953125
1683143898615803100,5032,-3331,950,43898.203125
1683143898616138900,5032,-3331,1750,43898.2109375
1683143898675959800,5032,-3331,370,43898.2265625
1683143898675988300,5032,-3331,-1097,43898.23046875
1683143898675994400,5032,-3331,86,43898.2421875
1683143898676005300,5032,-3331,-1457,43898.2578125
1683143898676037300,5032,-3331,-2329,43898.26171875
1683143898676331800,5032,-3331,2202,43898.2734375
1683143898736770400,5032,-3331,-1089,43898.28515625
1683143898736796200,5032,-3331,330,43898.29296875
1683143898736802900,5032,-3331,-1493,43898.30078125
1683143898736840900,5034,-3332,-2025,43898.3125
1683143898736852200,5045,-3340,546,43898.32421875
1683143898736874600,5054,-3350,-2045,43898.33203125
1683143898736967300,5064,-3360,-2145,43898.34375
1683143898783300400,5081,-3377,594,43898.35546875
1683143898783368300,5090,-3387,-2309,43898.36328125
1683143898783514500,5095,-3392,1034,43898.37109375
1683143898783564400,5095,-3393,-1777,43898.38671875
1683143898783739300,5097,-3394,726,43898.390625
1683143898839955000,5097,-3394,-2465,43898.40234375
1683143898839981200,5104,-3402,214,43898.4140625
1683143898839996800,5110,-3409,-1861,43898.421875
1683143898840013700,5113,-3411,-1165,43898.43359375
1683143898840018300,5111,-3410,378,43898.4453125
1683143898892423900,5111,-3410,-1173,43898.453125
1683143898892472200,5111,-3409,-1669,43898.4609375
1683143898892485400,5109,-3409,-1297,43898.4765625
1683143898892495200,5108,-3409,-1697,43898.484375
1683143898892642100,5107,-3408,490,43898.4921875
1683143898943788900,5107,-3408,306,43898.5078125
1683143898943849800,5107,-3408,-325,43898.51171875
1683143898943949700,5106,-3408,-1573,43898.5234375
1683143898944036700,5104,-3407,534,43898.5390625
1683143898944251500,5104,-3406,-1217,43898.54296875
1683143899002505500,5104,-3401,2258,43898.5546875
1683143899002540400,5103,-3398,-1049,43898.57421875
1683143899002570100,5103,-3398,-1,43898.58203125
1683143899002588300,5103,-3398,1558,43898.59375
1683143899002602500,5103,-3398,1382,43898.6015625
1683143899002688500,5103,-3398,1318,43898.61328125
1683143899068246100,5103,-3398,-1633,43898.62109375
1683143899068265300,5103,-3398,390,43898.63671875
1683143899068299900,5103,-3398,-1201,43898.64453125
1683143899068305500,5103,-3398,2162,43898.65234375
1683143899068308000,5103,-3399,-1489,43898.6640625
1683143899068405900,5103,-3399,-769,43898.671875
1683143899137888000,5103,-3399,1546,43898.68359375
1683143899137921200,5103,-3399,1910,43898.6953125
1683143899137931900,5103,-3399,1022,43898.703125
1683143899137977100,5103,-3399,1942,43898.71484375
1683143899137996700,5103,-3399,-525,43898.72265625
1683143899138198100,5103,-3399,1402,43898.734375
1683143899138454500,5103,-3399,574,43898.7421875
1683143899190559400,5103,-3400,-1297,43898.75390625
1683143899190581400,5103,-3400,1642,43898.76171875
1683143899190585100,5103,-3400,-1805,43898.7734375
1683143899190632700,5103,-3400,-2397,43898.78515625
1683143899190709900,5103,-3400,1606,43898.796875
1683143899251409300,5103,-3400,-949,43898.8046875
1683143899251444300,5103,-3401,506,43898.8125
1683143899251453400,5103,-3401,2330,43898.82421875
1683143899251478900,5103,-3401,1682,43898.83203125
1683143899251585400,5103,-3401,722,43898.84375
1683143899251799700,5103,-3401,-1941,43898.8515625
1683143899313509900,5103,-3401,1450,43898.86328125
1683143899313557300,5103,-3401,1994,43898.87109375
1683143899313603700,5103,-3402,-1989,43898.8828125
1683143899313740600,5103,-3402,-1165,43898.89453125
1683143899313768500,5103,-3402,738,43898.90234375
1683143899313774500,5103,-3402,370,43898.9140625
1683143899313779600,5103,-3402,-2129,43898.921875
1683143899374284600,5103,-3402,-1745,43898.93359375
1683143899374336400,5103,-3402,-349,43898.94140625
1683143899374366400,5103,-3402,1502,43898.953125
1683143899374389600,5103,-3402,318,43898.96484375
1683143899374430500,5103,-3402,-1105,43898.97265625
1683143899374592700,5103,-3402,-2133,43898.984375
1683143899451002900,5103,-3402,922,43898.9921875
1683143899451030300,5103,-3402,758,43899.00390625
1683143899451061800,5103,-3402,-377,43899.015625
1683143899451165000,5103,-3402,-389,43899.0234375
1683143899451269900,5103,-3402,782,43899.03125
1683143899451753600,5103,-3402,-525,43899.046875
1683143899451868300,5103,-3402,-2097,43899.0546875
1683143899513539900,5103,-3402,1470,43899.0625
1683143899513611800,5103,-3402,-1309,43899.07421875
1683143899513645800,5103,-3402,-2037,43899.08203125
1683143899513743400,5103,-3402,86,43899.09375
1683143899513781300,5103,-3402,2318,43899.1015625
1683143899514108500,5103,-3402,2290,43899.11328125
1683143899514196500,5103,-3402,-1645,43899.12109375
1683143899578721200,5103,-3402,1278,43899.1328125
1683143899578773400,5103,-3402,1814,43899.14453125
1683143899578929900,5103,-3402,-349,43899.15234375
1683143899579214200,5103,-3402,394,43899.1640625
1683143899579227800,5103,-3402,-1449,43899.171875
1683143899579602700,5103,-3402,2222,43899.18359375
1683143899649603200,5103,-3402,-2093,43899.19140625
1683143899649647300,5103,-3402,-805,43899.203125
1683143899649656000,5103,-3402,1930,43899.21484375
1683143899649731500,5103,-3402,42,43899.22265625
1683143899649763100,5103,-3402,-2153,43899.234375
1683143899650075400,5103,-3402,1034,43899.2421875
1683143899650363100,5103,-3402,-245,43899.25390625
1683143899698631600,5103,-3402,-2045,43899.26171875
1683143899698644100,5103,-3402,-1897,43899.2734375
1683143899698648100,5103,-3402,-1853,43899.28125
1683143899698663600,5103,-3402,1210,43899.29296875
1683143899698680100,5103,-3402,-1277,43899.3046875
1683143899764428100,5103,-3402,-2001,43899.3125
1683143899764442900,5103,-3402,2202,43899.32421875
1683143899764527800,5103,-3402,-1709,43899.33203125
1683143899764590400,5107,-3404,-1265,43899.34375
1683143899764609000,5118,-3411,1054,43899.3515625
1683143899764621300,5124,-3419,-1033,43899.36328125
1683143899764684300,5135,-3429,1702,43899.37109375
1683143899823351600,5150,-3445,-1689,43899.3828125
1683143899823405500,5161,-3457,-1409,43899.39453125
1683143899823418800,5168,-3465,2094,43899.40234375
1683143899823529700,5176,-3473,-361,43899.4140625
1683143899823553100,5182,-3479,1478,43899.421875
1683143899823711000,5182,-3479,-1569,43899.43359375
1683143899886569100,5180,-3479,998,43899.44921875
1683143899886587300,5179,-3478,242,43899.453125
1683143899886606800,5180,-3477,-993,43899.46484375
1683143899886660400,5178,-3477,786,43899.48046875
1683143899886679700,5177,-3477,-1677,43899.484375
1683143899886686500,5176,-3476,1994,43899.4921875
1683143899947672800,5176,-3473,254,43899.50390625
1683143899947698100,5176,-3472,-141,43899.515625
1683143899947713500,5176,-3472,2498,43899.5234375
1683143899947723800,5176,-3472,-2385,43899.53125
1683143899947734700,5176,-3471,346,43899.54296875
1683143899947913700,5176,-3471,594,43899.5546875
1683143899994229700,5176,-3471,-1361,43899.5625
1683143899994251500,5176,-3471,1390,43899.578125
1683143899994267500,5176,-3471,282,43899.58203125
1683143899994275200,5175,-3471,-1497,43899.59375
1683143899994456600,5174,-3470,-933,43899.60546875
1683143900041031100,5173,-3471,642,43899.61328125
1683143900041064300,5173,-3471,-685,43899.62109375
1683143900041301800,5174,-3471,-1369,43899.6328125
1683143900041370100,5173,-3470,922,43899.64453125
1683143900088273100,5173,-3470,-1781,43899.65234375
1683143900088300500,5173,-3471,1706,43899.6640625
1683143900088337000,5173,-3471,-1009,43899.671875
1683143900088361100,5173,-3470,-1814,43899.68359375
1683143900088413400,5173,-3471,409,43899.6953125
1683143900148063400,5173,-3471,937,43899.703125
1683143900148129900,5173,-3471,-2326,43899.71484375
1683143900148175300,5173,-3471,-658,43899.72265625
1683143900148272600,5173,-3471,901,43899.734375
1683143900148316100,5174,-3471,-1346,43899.7421875
1683143900148482800,5174,-3471,81,43899.75390625
1683143900194262100,5174,-3471,125,43899.76171875
1683143900194286800,5174,-3472,-1970,43899.7734375
1683143900194291300,5174,-3472,-1714,43899.78125
1683143900194328900,5174,-3472,2093,43899.79296875
1683143900194378900,5174,-3472,333,43899.8046875
1683143900244404600,5174,-3472,933,43899.8125
1683143900244438900,5174,-3472,691,43899.828125
1683143900244457800,5174,-3472,-252,43899.83203125
1683143900244474800,5174,-3472,-1312,43899.84375
1683143900304463800,5174,-3472,587,43899.85546875
1683143900304478700,5174,-3472,783,43899.86328125
1683143900304481700,5174,-3472,-300,43899.87109375
1683143900304485900,5174,-3472,-12,43899.88671875
1683143900304488300,5174,-3472,1679,43899.89453125
1683143900304514600,5174,-3472,-172,43899.90234375
1683143900349810700,5174,-3472,-2412,43899.91796875
1683143900349852500,5174,-3472,631,43899.921875
1683143900349912300,5174,-3472,1175,43899.93359375
1683143900349937300,5174,-3472,1911,43899.94921875
1683143900350144700,5174,-3472,63,43899.953125
1683143900411392700,5174,-3472,2223,43899.96484375
1683143900411418600,5174,-3472,1759,43899.9765625
1683143900411425600,5174,-3472,1555,43899.984375
1683143900411445800,5174,-3472,843,43899.9921875
1683143900411454500,5174,-3472,-644,43900.00390625
1683143900411949600,5174,-3472,-884,43900.015625
1683143900457327000,5174,-3472,47,43900.0234375
1683143900457374900,5174,-3472,-1768,43900.03125
1683143900457400500,5174,-3472,315,43900.04296875
1683143900457540500,5174,-3472,1135,43900.0546875
1683143900457630000,5174,-3472,1791,43900.0625
1683143900505763400,5174,-3472,-1208,43900.07421875
1683143900505789900,5174,-3472,2339,43900.08203125
1683143900505816400,5174,-3472,1487,43900.09375
1683143900505848200,5174,-3472,1975,43900.10546875
1683143900505902900,5174,-3472,1903,43900.11328125
1683143900566463100,5174,-3472,-2340,43900.12109375
1683143900566513600,5174,-3472,207,43900.1328125
1683143900566569000,5174,-3472,1747,43900.14453125
1683143900566862100,5174,-3472,403,43900.15234375
1683143900567009300,5174,-3472,-308,43900.1640625
1683143900567051500,5174,-3472,-1444,43900.171875
1683143900618536700,5174,-3472,419,43900.18359375
1683143900618582300,5174,-3472,-1736,43900.19140625
1683143900618681300,5174,-3472,-844,43900.20703125
1683143900618823300,5174,-3472,-1644,43900.21484375
1683143900619085900,5174,-3472,99,43900.22265625
1683143900674030400,5174,-3472,1523,43900.234375
1683143900674060700,5174,-3472,-972,43900.2421875
1683143900674067600,5174,-3472,1399,43900.25390625
1683143900674300100,5174,-3472,-275,43900.265625
1683143900674312800,5174,-3472,-455,43900.2734375
1683143900674417400,5174,-3472,-263,43900.28125
1683143900720296100,5174,-3472,1088,43900.29296875
1683143900720346900,5174,-3472,-1955,43900.3046875
1683143900720457300,5174,-3472,-867,43900.3125
1683143900720549100,5174,-3472,1919,43900.32421875
1683143900767658500,5181,-3475,-592,43900.33203125
1683143900767688200,5191,-3482,-1100,43900.34375
1683143900767694000,5196,-3490,1084,43900.3515625
1683143900767741400,5203,-3496,68,43900.36328125
1683143900768082500,5215,-3508,952,43900.37109375
1683143900813258800,5228,-3521,912,43900.3828125
1683143900813288400,5241,-3534,1444,43900.39453125
1683143900813347300,5246,-3539,1068,43900.40234375
1683143900813377800,5253,-3547,1552,43900.4140625
1683143900859157100,5253,-3549,-1451,43900.42578125
1683143900859276800,5252,-3548,-1471,43900.43359375
1683143900859289500,5251,-3549,212,43900.44140625
1683143900859298200,5250,-3549,1208,43900.453125
1683143900859322200,5250,-3548,1088,43900.46484375
1683143900925588200,5249,-3548,1384,43900.47265625
1683143900925638200,5248,-3547,-747,43900.48828125
1683143900925657300,5247,-3547,2492,43900.4921875
1683143900925689400,5247,-3545,-2379,43900.50390625
1683143900926037300,5246,-3542,-2167,43900.515625
1683143900926143900,5245,-3542,632,43900.5234375
1683143900926414300,5245,-3542,-156,43900.53125
1683143900981295300,5246,-3542,-72,43900.546875
1683143900981311600,5246,-3542,-1384,43900.5546875
1683143900981317400,5246,-3542,-1744,43900.5625
1683143900981323900,5245,-3542,1627,43900.57421875
1683143900981343700,5246,-3542,195,43900.5859375
1683143901029644600,5245,-3542,1219,43900.59375
1683143901029678000,5246,-3542,-1304,43900.6015625
1683143901029694900,5245,-3542,-1940,43900.61328125
1683143901029708600,5246,-3542,-1604,43900.62109375
1683143901029728100,5245,-3542,-1000,43900.6328125
1683143901092687800,5245,-3542,-1732,43900.64453125
1683143901092731100,5245,-3543,-672,43900.65234375
1683143901092769400,5245,-3543,-1992,43900.6640625
1683143901092825200,5245,-3543,-892,43900.67578125
1683143901092834300,5245,-3543,47,43900.68359375
1683143901093466000,5245,-3543,-360,43900.69140625
1683143901154932000,5245,-3543,-464,43900.70703125
1683143901154953500,5245,-3543,-2380,43900.71484375
1683143901154958200,5245,-3543,-1480,43900.72265625
1683143901155015500,5245,-3543,1823,43900.73828125
1683143901155190800,5245,-3543,-680,43900.7421875
1683143901155447100,5245,-3543,1371,43900.75390625
1683143901155570800,5245,-3543,2355,43900.76171875
1683143901217766000,5245,-3543,-156,43900.7734375
1683143901217814400,5245,-3543,-324,43900.78125
1683143901217893000,5245,-3543,-2160,43900.796875
1683143901217984600,5245,-3543,-100,43900.8046875
1683143901218347600,5245,-3543,-972,43900.8125
1683143901218509600,5245,-3543,-696,43900.82421875
1683143901277943700,5245,-3543,683,43900.8359375
1683143901277987500,5245,-3543,1723,43900.84375
1683143901277998300,5245,-3543,-1108,43900.8515625
1683143901278005500,5245,-3543,1975,43900.86328125
1683143901278386600,5245,-3543,1799,43900.87109375
1683143901278945400,5245,-3543,915,43900.8828125
1683143901324037700,5245,-3543,1059,43900.89453125
1683143901324092100,5245,-3543,2279,43900.90234375
1683143901324103700,5245,-3543,-768,43900.9140625
1683143901324210500,5245,-3543,-112,43900.921875
1683143901324390900,5245,-3543,479,43900.93359375
1683143901384868600,5245,-3543,-1164,43900.9453125
1683143901384901700,5245,-3543,-1748,43900.953125
1683143901384907300,5245,-3543,2328,43900.96484375
1683143901384957600,5245,-3543,-2488,43900.97265625
1683143901385086000,5245,-3543,-2060,43900.984375
1683143901385165100,5245,-3543,-1852,43900.9921875
1683143901432051300,5245,-3543,-928,43901.00390625
1683143901432252000,5245,-3543,824,43901.01171875
1683143901432458500,5245,-3543,212,43901.0234375
1683143901432685900,5245,-3543,-820,43901.03125
1683143901495743100,5245,-3543,-344,43901.04296875
1683143901495799700,5245,-3543,896,43901.0546875
1683143901495911000,5245,-3543,1600,43901.0625
1683143901496007500,5245,-3543,-296,43901.07421875
1683143901496016800,5245,-3543,732,43901.08203125
1683143901496021300,5245,-3543,-352,43901.09375
1683143901496051500,5245,-3543,1240,43901.1015625
1683143901555667900,5245,-3543,617,43901.11328125
1683143901555867400,5245,-3543,945,43901.12109375
1683143901555878800,5245,-3543,-1319,43901.1328125
1683143901556073400,5245,-3543,1917,43901.14453125
1683143901556246900,5245,-3543,-2079,43901.15625
1683143901601976600,5245,-3543,941,43901.16796875
1683143901602031000,5245,-3543,2069,43901.17578125
1683143901602061600,5245,-3543,1933,43901.18359375
1683143901602368500,5245,-3543,-1267,43901.19140625
1683143901602601500,5245,-3543,1997,43901.20703125
1683143901653010600,5245,-3543,1149,43901.21484375
1683143901653035200,5245,-3543,-1411,43901.22265625
1683143901653066600,5245,-3543,1881,43901.234375
1683143901653171900,5245,-3543,-651,43901.2421875
1683143901653197700,5245,-3543,133,43901.25390625
1683143901714361600,5245,-3543,1613,43901.26953125
1683143901714408300,5245,-3543,-2279,43901.2734375
1683143901714438500,5245,-3543,1245,43901.28125
1683143901714464400,5245,-3543,2189,43901.296875
1683143901714493100,5245,-3543,2197,43901.3046875
1683143901714543600,5245,-3543,1085,43901.3125
1683143901714901000,5246,-3544,-1407,43901.32421875
1683143901776855800,5253,-3548,-63,43901.3359375
1683143901776910100,5262,-3554,1289,43901.34375
1683143901777014600,5267,-3562,-1723,43901.35546875
1683143901777155300,5272,-3566,-1839,43901.36328125
1683143901777167400,5283,-3577,2193,43901.37109375
1683143901777315600,5295,-3589,2417,43901.3828125
1683143901837180100,5307,-3602,677,43901.39453125
1683143901837229000,5316,-3612,-567,43901.40234375
1683143901837244400,5325,-3623,-2239,43901.4140625
1683143901837254400,5328,-3629,137,43901.421875
1683143901837808900,5325,-3627,-2011,43901.43359375
1683143901838140700,5324,-3627,809,43901.44140625
1683143901899669200,5322,-3621,17,43901.45703125
1683143901899727400,5321,-3616,-287,43901.46484375
1683143901899742400,5318,-3614,2413,43901.47265625
1683143901899811500,5318,-3614,-1619,43901.484375
1683143901899903400,5318,-3614,-2099,43901.4921875
1683143901900005700,5318,-3614,-2047,43901.50390625
1683143901958946800,5317,-3614,-1860,43901.515625
1683143901958997400,5317,-3611,556,43901.5234375
1683143901959098200,5315,-3607,661,43901.53125
1683143901959279100,5314,-3607,-419,43901.546875
1683143901959294100,5315,-3607,925,43901.55859375
1683143901959507300,5315,-3607,-2468,43901.56640625
1683143902019501600,5315,-3610,629,43901.5859375
1683143902019551200,5315,-3614,-2416,43901.59375
1683143902019566500,5315,-3616,-440,43901.60546875
1683143902019651400,5315,-3615,-372,43901.61328125
1683143902020185100,5315,-3615,2093,43901.625
1683143902067033700,5315,-3615,-1584,43901.63671875
1683143902067057900,5315,-3615,-916,43901.6484375
1683143902067101800,5315,-3615,812,43901.65625
1683143902067169300,5315,-3615,1229,43901.6640625
1683143902067554600,5315,-3615,-39,43901.67578125
1683143902113960600,5315,-3615,-375,43901.68359375
1683143902114013500,5315,-3615,-2259,43901.6953125
1683143902114025300,5315,-3615,-1679,43901.70703125
1683143902114321300,5315,-3615,-519,43901.71484375
1683143902175083000,5315,-3615,2357,43901.7265625
1683143902175132300,5315,-3615,-1323,43901.73828125
1683143902175142300,5315,-3615,-1591,43901.74609375
1683143902175213700,5315,-3615,53,43901.75390625
1683143902175235100,5315,-3615,9,43901.76953125
1683143902175259400,5315,-3615,-1211,43901.77734375
1683143902175271700,5315,-3615,1213,43901.78515625
1683143902239039300,5315,-3615,1669,43901.796875
1683143902239079400,5315,-3615,2109,43901.8046875
1683143902239092000,5315,-3615,521,43901.81640625
1683143902239116100,5315,-3615,401,43901.82421875
1683143902239309000,5315,-3615,2189,43901.8359375
1683143902239327800,5315,-3615,1693,43901.84375
1683143902298385500,5315,-3615,1477,43901.85546875
1683143902298433700,5315,-3615,-91,43901.86328125
1683143902298508900,5316,-3615,-1415,43901.875
1683143902298525300,5316,-3615,1477,43901.88671875
1683143902298549600,5316,-3615,-947,43901.89453125
1683143902298564200,5316,-3615,189,43901.90625
1683143902344746500,5316,-3615,-2387,43901.9140625
1683143902344762600,5316,-3615,-1475,43901.92578125
1683143902344766400,5316,-3615,444,43901.93359375
1683143902344796200,5316,-3615,245,43901.9453125
1683143902344813500,5316,-3615,677,43901.953125
1683143902390638500,5316,-3615,2125,43901.96484375
1683143902390665300,5316,-3615,181,43901.9765625
1683143902390688800,5316,-3615,117,43901.984375
1683143902390708400,5316,-3615,-247,43901.99609375
1683143902437146000,5316,-3615,-879,43902.00390625
1683143902437187200,5316,-3615,961,43902.015625
1683143902437212600,5316,-3615,-1959,43902.0234375
1683143902437227900,5316,-3615,2333,43902.03515625
1683143902437251000,5316,-3615,-1783,43902.046875
1683143902501006700,5316,-3615,-2015,43902.0546875
1683143902501068300,5316,-3615,1665,43902.06640625
1683143902501149500,5316,-3615,-2331,43902.07421875
1683143902501170400,5316,-3615,-1583,43902.0859375
1683143902501186200,5316,-3615,-391,43902.09375
1683143902501237800,5316,-3615,877,43902.10546875
1683143902560948000,5316,-3615,2021,43902.1171875
1683143902560977300,5316,-3615,-691,43902.125
1683143902560988000,5316,-3615,-1135,43902.13671875
1683143902560994800,5316,-3615,933,43902.1484375
1683143902561017700,5316,-3615,-1359,43902.15625
1683143902561052500,5316,-3615,-2148,43902.1640625
1683143902623727500,5316,-3615,-1476,43902.1796875
1683143902623840400,5316,-3615,-1240,43902.18359375
1683143902624076000,5316,-3615,336,43902.1953125
1683143902624191600,5316,-3615,-1044,43902.2109375
1683143902624293000,5316,-3615,-2264,43902.21484375
1683143902624302900,5316,-3615,369,43902.2265625
1683143902685164500,5316,-3615,-2119,43902.234375
1683143902685195400,5316,-3615,2372,43902.24609375
1683143902685231300,5316,-3615,2013,43902.25390625
1683143902685308300,5316,-3615,1837,43902.265625
1683143902685376500,5316,-3615,573,43902.2734375
1683143902685391300,5316,-3615,897,43902.28515625
1683143902685403000,5316,-3615,-355,43902.296875
1683143902750636600,5316,-3615,-2287,43902.30859375
1683143902750683800,5316,-3615,-1531,43902.31640625
1683143902750818500,5316,-3615,709,43902.32421875
1683143902750839500,5316,-3615,81,43902.33984375
1683143902751198000,5316,-3615,-939,43902.34375
1683143902751355700,5316,-3615,1665,43902.35546875
1683143902812481700,5319,-3616,-39,43902.3671875
1683143902812526700,5328,-3618,-2031,43902.375
1683143902812592500,5336,-3626,1945,43902.38671875
1683143902812829900,5345,-3635,-1115,43902.3984375
1683143902813087500,5353,-3642,-1195,43902.40625
1683143902813180500,5365,-3656,-2127,43902.4140625
1683143902873812400,5382,-3675,1861,43902.4296875
1683143902873840400,5388,-3682,-1979,43902.43359375
1683143902873844400,5396,-3693,-883,43902.4453125
1683143902873854800,5395,-3692,929,43902.4609375
1683143902873886100,5393,-3692,-1555,43902.46484375
1683143902874202900,5391,-3693,2341,43902.4765625
1683143902935473600,5391,-3692,-1563,43902.484375
1683143902935531500,5391,-3692,-1039,43902.49609375
1683143902935564600,5390,-3691,2449,43902.50390625
1683143902936002700,5389,-3689,161,43902.515625
1683143902936140800,5389,-3681,-75,43902.52734375
1683143902936193500,5388,-3679,1957,43902.53515625
1683143902998917500,5387,-3681,-1519,43902.546875
1683143902998969100,5387,-3680,-1555,43902.55859375
1683143902999010200,5387,-3680,-1695,43902.56640625
1683143902999090200,5387,-3681,-2243,43902.57421875
1683143902999107600,5387,-3681,1465,43902.58984375
1683143902999113900,5387,-3682,-919,43902.59375
1683143902999118400,5387,-3682,-1023,43902.60546875
1683143903055784800,5387,-3682,1509,43902.6171875
1683143903055896400,5387,-3682,1881,43902.625
1683143903056004600,5387,-3682,-2023,43902.63671875
1683143903056112400,5387,-3684,-415,43902.6484375
1683143903056209400,5387,-3684,1317,43902.65625
1683143903056217700,5387,-3685,-335,43902.6640625
1683143903124659100,5387,-3685,-1971,43902.6796875
1683143903124708800,5387,-3685,381,43902.68359375
1683143903124721300,5387,-3685,1113,43902.6953125
1683143903124830000,5387,-3685,1141,43902.703125
1683143903124855400,5387,-3685,741,43902.71484375
1683143903124975700,5387,-3685,-131,43902.7265625
1683143903187219200,5387,-3685,-2123,43902.73828125
1683143903187272900,5387,-3685,-523,43902.74609375
1683143903187292400,5387,-3685,-1083,43902.75390625
1683143903187316100,5387,-3685,793,43902.765625
1683143903187334100,5387,-3685,1545,43902.77734375
1683143903187350900,5387,-3685,-335,43902.78515625
1683143903187377300,5387,-3685,2097,43902.796875
1683143903241200000,5387,-3685,-2263,43902.80859375
1683143903241243800,5387,-3685,-179,43902.81640625
1683143903241269500,5387,-3685,489,43902.82421875
1683143903241280500,5387,-3685,-1915,43902.83984375
1683143903241500200,5387,-3685,-863,43902.84765625
1683143903289983400,5387,-3685,673,43902.859375
1683143903290037300,5387,-3685,621,43902.875
1683143903290067800,5387,-3685,-263,43902.87890625
1683143903290197200,5387,-3685,189,43902.88671875
1683143903290288500,5387,-3685,1073,43902.89453125
1683143903353673900,5387,-3685,1081,43902.91015625
1683143903353728700,5387,-3685,-2359,43902.9140625
1683143903353921300,5387,-3685,-71,43902.92578125
1683143903353937800,5387,-3685,1749,43902.9375
1683143903354105100,5387,-3685,545,43902.9453125
1683143903354387900,5387,-3685,-1279,43902.953125
1683143903412037200,5387,-3685,-987,43902.96875
1683143903412092900,5387,-3685,221,43902.9765625
1683143903412107300,5387,-3685,897,43902.984375
1683143903412174600,5387,-3685,-2479,43902.99609375
1683143903412720400,5387,-3685,1673,43903.00390625
1683143903412944400,5386,-3685,-2195,43903.015625
1683143903457979400,5386,-3685,-999,43903.03125
1683143903458035400,5386,-3685,253,43903.03515625
1683143903458134800,5386,-3685,-1359,43903.046875
1683143903458385800,5386,-3685,-187,43903.06640625
1683143903505340600,5386,-3685,1709,43903.07421875
1683143903505397500,5386,-3685,-2439,43903.09375
1683143903505508200,5386,-3685,1277,43903.09765625
1683143903505939700,5386,-3685,-1339,43903.10546875
1683143903551406400,5386,-3685,2021,43903.12109375
1683143903551455000,5386,-3685,1761,43903.125
1683143903551483100,5386,-3685,-1667,43903.13671875
1683143903551716500,5386,-3685,561,43903.14453125
1683143903551916900,5386,-3685,1265,43903.16015625
1683143903601710600,5386,-3685,429,43903.1640625
1683143903601739300,5386,-3685,553,43903.17578125
1683143903601747100,5386,-3685,-107,43903.1875
1683143903601791300,5386,-3685,261,43903.1953125
1683143903602017900,5386,-3685,2101,43903.20703125
1683143903663188800,5386,-3685,-31,43903.22265625
1683143903663233100,5386,-3685,-251,43903.2265625
1683143903663292500,5387,-3685,-187,43903.234375
1683143903663376300,5387,-3685,525,43903.24609375
1683143903663478200,5387,-3685,-2303,43903.2578125
1683143903663642400,5387,-3685,1693,43903.265625
1683143903724196000,5386,-3685,381,43903.28515625
1683143903724248000,5386,-3685,-2343,43903.29296875
1683143903724276400,5386,-3685,-119,43903.30078125
1683143903724304900,5386,-3685,-791,43903.30859375
1683143903724404300,5386,-3685,657,43903.3203125
1683143903724429400,5386,-3685,-807,43903.328125
1683143903782624000,5389,-3683,-1311,43903.33984375
1683143903782669000,5396,-3678,-223,43903.34765625
1683143903782703000,5414,-3666,985,43903.35546875
1683143903782833500,5433,-3649,-167,43903.3671875
1683143903783135500,5448,-3631,-931,43903.375
1683143903783245000,5451,-3619,2417,43903.38671875
1683143903830857300,5463,-3599,2385,43903.39453125
1683143903830882400,5483,-3573,-415,43903.40625
1683143903830890900,5494,-3561,1533,43903.4140625
1683143903830929800,5498,-3561,1741,43903.42578125
1683143903831019000,5496,-3561,1197,43903.4375
1683143903890838500,5496,-3561,-2479,43903.4453125
1683143903890925300,5496,-3560,1353,43903.45703125
1683143903891052400,5496,-3560,2189,43903.46875
1683143903891249300,5496,-3559,1709,43903.4765625
1683143903891293600,5497,-3557,1769,43903.484375
1683143903891545600,5508,-3546,2249,43903.49609375
1683143903937885000,5509,-3546,925,43903.5078125
1683143903937911900,5508,-3545,1769,43903.515625
1683143903937944200,5508,-3546,-1887,43903.52734375
1683143903938072100,5511,-3545,49,43903.53515625
1683143903938095700,5510,-3545,-2239,43903.546875
1683143903983549900,5511,-3545,517,43903.5546875
1683143903983597600,5516,-3543,-2467,43903.56640625
1683143903983624400,5527,-3537,-787,43903.57421875
1683143903983781800,5535,-3535,-1915,43903.5859375
1683143904030669100,5533,-3536,-603,43903.59765625
1683143904030723600,5535,-3535,1261,43903.60546875
1683143904030853500,5534,-3536,1325,43903.6171875
1683143904030994700,5534,-3538,661,43903.625
1683143904031007600,5535,-3538,2061,43903.63671875
1683143904080094200,5534,-3538,1717,43903.64453125
1683143904080141500,5535,-3540,149,43903.65625
1683143904080171500,5534,-3541,1069,43903.6640625
1683143904080184300,5533,-3541,221,43903.67578125
1683143904080285000,5533,-3541,1413,43903.6875
1683143904143098100,5533,-3542,657,43903.6953125
1683143904143141400,5533,-3545,1842,43903.70703125
1683143904143150500,5533,-3548,2345,43903.71484375
1683143904143156900,5531,-3548,1217,43903.7265625
1683143904143167700,5530,-3547,2206,43903.734375
1683143904143176000,5531,-3547,-1775,43903.74609375
1683143904202175700,5530,-3547,-1775,43903.7578125
1683143904202229600,5530,-3547,777,43903.765625
1683143904202357500,5530,-3547,-2219,43903.77734375
1683143904202464900,5530,-3547,2382,43903.78515625
1683143904202833400,5530,-3547,658,43903.796875
1683143904202876300,5530,-3547,1742,43903.8046875
1683143904262116900,5530,-3547,190,43903.81640625
1683143904262159800,5530,-3547,-730,43903.82421875
1683143904262213200,5530,-3547,1174,43903.8359375
1683143904262601800,5530,-3547,-1950,43903.84765625
1683143904262710500,5530,-3547,-1838,43903.85546875
1683143904262774100,5530,-3547,1906,43903.8671875
1683143904309682100,5529,-3546,610,43903.875
1683143904309736300,5529,-3545,1810,43903.88671875
1683143904309751800,5528,-3545,706,43903.89453125
1683143904309797100,5528,-3545,2066,43903.90625
1683143904309867000,5528,-3545,2098,43903.9140625
1683143904357824000,5528,-3545,-2174,43903.92578125
1683143904357878300,5528,-3545,1778,43903.9375
1683143904357893200,5528,-3545,-1310,43903.9453125
1683143904358465800,5528,-3545,114,43903.95703125
1683143904358473900,5528,-3545,710,43903.96484375
1683143904419532300,5528,-3545,1110,43903.9765625
1683143904419567000,5528,-3545,2362,43903.984375
1683143904419596300,5528,-3545,-690,43903.99609375
1683143904419720600,5528,-3545,-1778,43904.0078125
1683143904419726900,5528,-3545,-2010,43904.015625
1683143904419733200,5528,-3545,1794,43904.02734375
1683143904464979200,5528,-3545,-962,43904.03515625
1683143904465024600,5528,-3545,1014,43904.046875
1683143904465066500,5528,-3545,-982,43904.0546875
1683143904465285000,5528,-3545,-2354,43904.06640625
1683143904513850200,5528,-3545,-654,43904.07421875
1683143904513894100,5528,-3545,-1674,43904.0859375
1683143904513924500,5528,-3545,-1578,43904.09765625
1683143904513945900,5528,-3545,1742,43904.10546875
1683143904514136500,5528,-3545,-2090,43904.1171875
1683143904561725400,5528,-3545,2062,43904.125
1683143904562026100,5528,-3545,-1794,43904.13671875
1683143904562090900,5528,-3545,734,43904.14453125
1683143904562119500,5528,-3545,1082,43904.15625
1683143904562266700,5528,-3545,-2318,43904.1640625
1683143904607694700,5528,-3545,-1822,43904.17578125
1683143904607741800,5528,-3545,-382,43904.1875
1683143904607760700,5528,-3545,-1354,43904.1953125
1683143904607900500,5528,-3545,1850,43904.20703125
1683143904607927800,5528,-3545,-1710,43904.21484375
1683143904653393700,5528,-3545,-1150,43904.2265625
1683143904653457100,5528,-3545,1686,43904.234375
1683143904653486400,5528,-3545,-1030,43904.24609375
1683143904653521200,5528,-3545,786,43904.2578125
1683143904699509100,5528,-3545,-1458,43904.265625
1683143904699536500,5528,-3545,2382,43904.27734375
1683143904699540200,5528,-3545,-1870,43904.28515625
1683143904699545900,5528,-3545,-1174,43904.296875
1683143904699555600,5528,-3545,-1490,43904.3046875
1683143904745493600,5528,-3545,-619,43904.31640625
1683143904745732700,5528,-3545,-2490,43904.32421875
1683143904745757100,5528,-3545,1834,43904.3359375
1683143904745905200,5528,-3545,-2110,43904.34765625
1683143904791684900,5528,-3545,-1662,43904.35546875
1683143904792009800,5528,-3545,-599,43904.3671875
1683143904792021800,5528,-3545,-159,43904.375
1683143904792031900,5528,-3545,9,43904.38671875
1683143904792623900,5528,-3545,-475,43904.39453125
1683143904836645600,5528,-3545,-1515,43904.40625
1683143904836825900,5528,-3545,2297,43904.4140625
1683143904836888100,5528,-3544,1785,43904.42578125
1683143904836903400,5527,-3543,1625,43904.4375
1683143904836956200,5526,-3542,1386,43904.4453125
1683143904883573900,5526,-3542,1390,43904.45703125
1683143904883603500,5527,-3542,2042,43904.46484375
1683143904883607700,5526,-3542,130,43904.4765625
1683143904883615000,5526,-3542,-2310,43904.484375
1683143904943742600,5526,-3542,1654,43904.49609375
1683143904943814700,5526,-3542,-334,43904.5078125
1683143904943876400,5526,-3542,-2342,43904.515625
1683143904943913200,5526,-3542,1978,43904.52734375
1683143904943931900,5526,-3542,-527,43904.53515625
1683143904943941300,5526,-3542,1562,43904.546875
1683143905002995600,5527,-3542,438,43904.55859375
1683143905003104600,5527,-3542,1010,43904.56640625
1683143905003249200,5527,-3542,1026,43904.578125
1683143905003256600,5527,-3542,1862,43904.5859375
1683143905003289400,5527,-3542,2502,43904.59765625
1683143905003412000,5527,-3542,-1746,43904.60546875
1683143905052206400,5527,-3542,1518,43904.6171875
1683143905052224700,5527,-3542,518,43904.625
1683143905052228000,5527,-3542,22,43904.63671875
1683143905052233600,5527,-3542,2254,43904.64453125
1683143905052245200,5527,-3542,1614,43904.65625
1683143905112992400,5527,-3542,2038,43904.6640625
1683143905113086300,5527,-3542,1870,43904.67578125
1683143905113120000,5527,-3542,-1758,43904.6875
1683143905113134900,5527,-3542,2054,43904.6953125
1683143905113155700,5527,-3542,2116,43904.70703125
1683143905113467700,5527,-3542,-2099,43904.71484375
1683143905159300000,5527,-3542,-2131,43904.7265625
1683143905159319600,5527,-3542,2180,43904.734375
1683143905159322500,5527,-3542,2216,43904.74609375
1683143905159328500,5527,-3542,1160,43904.7578125
1683143905159528500,5527,-3542,420,43904.765625
1683143905209755100,5528,-3542,860,43904.77734375
1683143905209793800,5527,-3542,-1183,43904.78515625
1683143905209828100,5528,-3542,-1511,43904.796875
1683143905209918700,5528,-3542,2316,43904.8046875
1683143905210027900,5527,-3542,4,43904.81640625
1683143905269000300,5528,-3542,-2079,43904.82421875
1683143905269042200,5527,-3542,-1099,43904.8359375
1683143905269085200,5528,-3542,1220,43904.84765625
1683143905269112900,5528,-3542,320,43904.85546875
1683143905269140300,5528,-3542,-535,43904.8671875
1683143905269327200,5528,-3542,-2279,43904.875
1683143905316259100,5528,-3542,-1991,43904.88671875
1683143905316305900,5528,-3542,1368,43904.89453125
1683143905316322300,5528,-3542,-1127,43904.90625
1683143905316462600,5528,-3542,168,43904.91796875
1683143905316604200,5528,-3542,-1543,43904.92578125
1683143905362838800,5528,-3542,244,43904.9375
1683143905362884800,5528,-3542,1216,43904.9453125
1683143905362959500,5528,-3542,524,43904.95703125
1683143905362993600,5528,-3542,48,43904.96484375
1683143905422168100,5528,-3542,2464,43904.9765625
1683143905422206000,5528,-3542,-1803,43904.984375
1683143905422253300,5528,-3542,-995,43904.99609375
1683143905422472100,5528,-3542,-935,43905.0078125
1683143905422832000,5528,-3542,1600,43905.015625
1683143905472234600,5528,-3542,1948,43905.02734375
1683143905472282800,5528,-3542,1760,43905.03515625
1683143905472311500,5528,-3542,696,43905.046875
1683143905472326600,5528,-3542,1017,43905.0546875
1683143905472340600,5528,-3542,117,43905.06640625
1683143905472662200,5528,-3542,865,43905.07421875
1683143905519655200,5528,-3542,1157,43905.0859375
1683143905519706100,5528,-3542,-922,43905.09765625
1683143905519816800,5528,-3542,-802,43905.10546875
1683143905519847600,5528,-3542,-2283,43905.1171875
1683143905520548600,5528,-3542,701,43905.125
1683143905581836600,5528,-3542,-1659,43905.13671875
1683143905581886900,5528,-3542,92,43905.14453125
1683143905581984900,5528,-3542,669,43905.15625
1683143905581997000,5528,-3542,365,43905.1640625
1683143905582063400,5528,-3542,-895,43905.17578125
1683143905582338100,5528,-3542,-1859,43905.1875
1683143905641527500,5528,-3542,2348,43905.1953125
1683143905641578200,5528,-3542,-2451,43905.20703125
1683143905641611600,5528,-3542,981,43905.21484375
1683143905641917100,5528,-3542,1141,43905.2265625
1683143905641963300,5528,-3542,-2046,43905.234375
1683143905641975900,5528,-3542,293,43905.24609375
1683143905692544100,5528,-3542,1541,43905.2578125
1683143905692576500,5528,-3542,-778,43905.265625
1683143905692709000,5528,-3542,1369,43905.27734375
1683143905692866500,5528,-3542,5,43905.28515625
1683143905692966300,5528,-3542,453,43905.296875
1683143905751560900,5528,-3542,1493,43905.3046875
1683143905751604800,5528,-3542,-650,43905.31640625
1683143905751729400,5528,-3542,-335,43905.32421875
1683143905752177900,5528,-3542,1697,43905.3359375
1683143905752333900,5528,-3542,905,43905.34765625
1683143905752439000,5528,-3542,1809,43905.35546875
1683143905797992600,5528,-3542,-774,43905.3671875
1683143905798036900,5528,-3542,577,43905.375
1683143905798068700,5528,-3542,-1498,43905.38671875
1683143905798228400,5528,-3542,-1078,43905.39453125
1683143905798502900,5528,-3542,-359,43905.40625
1683143905859293800,5528,-3542,-679,43905.4140625
1683143905859340000,5528,-3542,660,43905.42578125
1683143905859355900,5528,-3542,665,43905.4375
1683143905859370300,5528,-3542,1317,43905.4453125
1683143905859398800,5528,-3542,1713,43905.45703125
1683143905859510000,5528,-3542,-1806,43905.46484375
1683143905904548800,5528,-3542,-683,43905.4765625
1683143905904574300,5528,-3542,-1011,43905.484375
1683143905904612300,5528,-3542,-2439,43905.49609375
1683143905904647100,5528,-3542,2040,43905.5078125
1683143905951263800,5528,-3542,1492,43905.515625
1683143905951322200,5528,-3542,149,43905.52734375
1683143905951340200,5528,-3542,-2415,43905.53515625
1683143905951376100,5528,-3542,1888,43905.546875
1683143905951664100,5528,-3542,1632,43905.5546875
1683143905997610000,5528,-3542,-1667,43905.56640625
1683143905997661300,5528,-3542,1472,43905.57421875
1683143905997696300,5528,-3542,1196,43905.5859375
1683143905997885600,5528,-3542,533,43905.59765625
1683143905997900600,5528,-3542,-2314,43905.60546875
1683143906046655600,5528,-3542,-602,43905.6171875
1683143906046708100,5528,-3542,1205,43905.625
1683143906046745300,5528,-3542,-2426,43905.63671875
1683143906046922400,5528,-3542,1797,43905.64453125
1683143906105348500,5528,-3542,-50,43905.65625
1683143906105404500,5528,-3542,1021,43905.6640625
1683143906105419600,5528,-3542,813,43905.67578125
1683143906105432200,5528,-3542,-1890,43905.6875
1683143906105444600,5528,-3542,-1650,43905.6953125
1683143906105525100,5528,-3542,-1491,43905.70703125
1683143906152087100,5528,-3542,2464,43905.71484375
1683143906152132900,5528,-3542,-1551,43905.7265625
1683143906152385200,5528,-3542,1352,43905.734375
1683143906152398600,5528,-3542,-1231,43905.74609375
1683143906152418500,5528,-3542,324,43905.7578125
1683143906200029600,5528,-3542,944,43905.765625
1683143906200110400,5528,-3542,-383,43905.77734375
1683143906200122000,5528,-3542,-2031,43905.78515625
1683143906200236400,5528,-3542,-1795,43905.796875
1683143906200305000,5528,-3542,-175,43905.8046875
1683143906260393600,5528,-3542,2024,43905.81640625
1683143906260424400,5528,-3542,2376,43905.82421875
1683143906260429300,5528,-3542,-1163,43905.8359375
1683143906260473200,5528,-3542,-1147,43905.84765625
1683143906260675000,5528,-3542,-19,43905.85546875
1683143906261301600,5528,-3542,2456,43905.8671875
1683143906307022400,5528,-3542,-1671,43905.875
1683143906307124000,5528,-3542,532,43905.88671875
1683143906307129300,5528,-3542,-2427,43905.89453125
1683143906307165700,5528,-3542,56,43905.90625
1683143906307650600,5528,-3542,1664,43905.9140625
1683143906354190500,5528,-3542,-1259,43905.92578125
1683143906354313200,5528,-3542,-2479,43905.9375
1683143906354632200,5528,-3542,1752,43905.9453125
1683143906354668900,5528,-3542,2128,43905.95703125
1683143906400266900,5528,-3542,660,43905.96484375
1683143906400300200,5528,-3542,1725,43905.9765625
1683143906400382700,5528,-3542,2029,43905.984375
1683143906400485800,5528,-3542,-1770,43905.99609375
1683143906400698700,5528,-3542,-1326,43906.0078125
1683143906446109000,5528,-3542,2445,43906.015625
1683143906446131100,5528,-3542,-354,43906.02734375
1683143906446134700,5528,-3542,1117,43906.03515625
1683143906446141600,5528,-3542,-822,43906.046875
1683143906492569500,5528,-3542,249,43906.05859375
1683143906492589800,5528,-3542,-1226,43906.06640625
1683143906492593000,5528,-3542,-86,43906.0859375
1683143906492599500,5528,-3542,1765,43906.09765625
1683143906542433900,5528,-3542,165,43906.10546875
1683143906542453100,5528,-3542,-1130,43906.1171875
1683143906542487100,5528,-3542,2273,43906.12890625
1683143906542500300,5528,-3542,1805,43906.13671875
1683143906542829100,5528,-3542,-1486,43906.1484375
1683143906602344000,5528,-3542,2441,43906.15625
1683143906602366500,5528,-3542,2041,43906.16796875
1683143906602370400,5528,-3542,-2222,43906.17578125
1683143906602376400,5528,-3542,1113,43906.1875
1683143906602379900,5528,-3542,2489,43906.1953125
1683143906602383900,5528,-3542,-2374,43906.20703125
1683143906661700000,5528,-3542,-2206,43906.21875
1683143906661723000,5528,-3542,2081,43906.2265625
1683143906661726300,5528,-3542,1517,43906.23828125
1683143906661732100,5528,-3542,-2026,43906.24609375
1683143906661735300,5528,-3542,1633,43906.2578125
1683143906661739200,5528,-3542,-1694,43906.265625
1683143906709037000,5528,-3542,1905,43906.27734375
1683143906709137400,5528,-3542,381,43906.28515625
1683143906709182400,5528,-3542,-1962,43906.296875
1683143906709292800,5528,-3542,-1294,43906.30859375
1683143906709364100,5528,-3542,-2390,43906.31640625
1683143906755614400,5528,-3542,1857,43906.328125
1683143906755665200,5528,-3542,1717,43906.3359375
1683143906755839000,5528,-3542,1721,43906.34765625
1683143906756057100,5528,-3542,1593,43906.35546875
1683143906803364000,5528,-3542,-1502,43906.3671875
1683143906803390400,5528,-3542,-1778,43906.37890625
1683143906803396700,5528,-3542,977,43906.38671875
1683143906803840500,5528,-3542,-490,43906.3984375
1683143906803988300,5528,-3542,-1842,43906.40625
1683143906865292200,5528,-3542,-1850,43906.41796875
1683143906865342900,5528,-3542,2309,43906.42578125
1683143906865357500,5528,-3542,1413,43906.4375
1683143906865685900,5528,-3544,-1246,43906.4453125
1683143906865845200,5528,-3550,-1250,43906.45703125
1683143906865963000,5529,-3552,-810,43906.46875
1683143906916455200,5530,-3553,2005,43906.4765625
1683143906916486700,5530,-3553,-2078,43906.48828125
1683143906916503100,5530,-3554,205,43906.49609375
1683143906916813500,5530,-3553,517,43906.5078125
1683143906916947800,5530,-3553,-1074,43906.515625
1683143906976129600,5530,-3553,-1427,43906.52734375
1683143906976160300,5530,-3552,2113,43906.53515625
1683143906976176400,5530,-3552,1385,43906.546875
1683143906976182500,5530,-3552,-371,43906.55859375
1683143906976186600,5530,-3550,-2355,43906.56640625
1683143906976249700,5529,-3547,-991,43906.578125
1683143906976347300,5529,-3543,-735,43906.5859375
1683143907043413800,5529,-3541,1908,43906.59765625
1683143907043463400,5529,-3542,1732,43906.60546875
1683143907043491300,5529,-3542,208,43906.6171875
1683143907043578900,5529,-3541,-23,43906.62890625
1683143907044096600,5529,-3541,421,43906.63671875
1683143907044226700,5529,-3541,1949,43906.6484375
1683143907104633800,5529,-3541,-1062,43906.65625
1683143907104678800,5529,-3541,-1183,43906.66796875
1683143907104708800,5529,-3541,2220,43906.67578125
1683143907104810300,5529,-3541,-2259,43906.6875
1683143907104833600,5529,-3541,-2255,43906.6953125
1683143907105253500,5529,-3541,1624,43906.70703125
1683143907170929800,5529,-3541,-1127,43906.71875
1683143907170983700,5529,-3542,-871,43906.7265625
1683143907171011200,5529,-3541,-2163,43906.73828125
1683143907171039600,5529,-3542,840,43906.74609375
1683143907171102000,5529,-3542,2376,43906.7578125
1683143907171127600,5529,-3542,2312,43906.765625
1683143907171165800,5528,-3542,1485,43906.77734375
1683143907222586100,5528,-3542,1025,43906.78515625
1683143907222633000,5528,-3542,-1574,43906.796875
1683143907222645000,5528,-3542,2001,43906.80859375
1683143907222679300,5528,-3542,-2122,43906.81640625
1683143907222952300,5528,-3542,1121,43906.828125
1683143907275867600,5528,-3542,-558,43906.8359375
1683143907275916500,5528,-3542,-182,43906.84765625
1683143907275948900,5528,-3542,1497,43906.85546875
1683143907276338000,5528,-3542,1325,43906.8671875
1683143907276498800,5528,-3542,1477,43906.87890625
1683143907332766700,5528,-3542,-2426,43906.88671875
1683143907332810400,5528,-3542,557,43906.8984375
1683143907332829400,5528,-3542,-1314,43906.90625
1683143907333025800,5528,-3542,-1362,43906.91796875
1683143907333336700,5528,-3542,1757,43906.92578125
1683143907333484900,5528,-3542,1653,43906.9375
1683143907379716300,5528,-3542,253,43906.9453125
1683143907379777700,5528,-3542,-2074,43906.95703125
1683143907379914900,5528,-3542,565,43906.96875
1683143907379927800,5528,-3542,-2410,43906.9765625
1683143907380488300,5528,-3542,-930,43906.98828125
1683143907426056700,5528,-3542,289,43906.99609375
1683143907426083000,5528,-3542,-310,43907.0078125
1683143907426088900,5528,-3542,2181,43907.015625
1683143907426159400,5528,-3542,-30,43907.02734375
1683143907488508700,5528,-3542,2497,43907.03515625
1683143907488540100,5528,-3543,1017,43907.046875
1683143907488637000,5528,-3543,281,43907.05859375
1683143907488691100,5528,-3543,-670,43907.06640625
1683143907488701000,5528,-3543,2001,43907.078125
1683143907488723100,5528,-3543,-2102,43907.0859375
1683143907489003600,5528,-3543,-2038,43907.09765625
1683143907561791100,5528,-3543,-1854,43907.10546875
1683143907561838700,5528,-3543,2233,43907.1171875
1683143907561866000,5528,-3543,-462,43907.12890625
1683143907561919100,5528,-3543,2109,43907.13671875
1683143907561960000,5528,-3543,1965,43907.1484375
1683143907562059000,5528,-3543,-2386,43907.15625
1683143907610971700,5528,-3543,1741,43907.16796875
1683143907611088400,5528,-3543,-1026,43907.17578125
1683143907611188700,5528,-3543,-1338,43907.1875
1683143907611262200,5528,-3543,-2210,43907.1953125
1683143907611271000,5528,-3543,-186,43907.20703125
1683143907611296600,5528,-3543,2017,43907.21875
1683143907657492400,5528,-3543,-50,43907.2265625
1683143907657537800,5528,-3543,2389,43907.23828125
1683143907657561200,5528,-3543,-1970,43907.24609375
1683143907657591900,5528,-3543,1257,43907.2578125
1683143907657604600,5528,-3543,1765,43907.265625
1683143907704566800,5528,-3543,2229,43907.27734375
1683143907704624100,5528,-3543,853,43907.28515625
1683143907704635800,5528,-3543,1817,43907.296875
1683143907704831400,5528,-3543,337,43907.30859375
1683143907751447000,5528,-3543,-366,43907.31640625
1683143907751500400,5528,-3543,2321,43907.328125
1683143907751531300,5528,-3543,-2226,43907.3359375
1683143907751627600,5528,-3543,1465,43907.34765625
1683143907751938000,5528,-3543,-710,43907.35546875
1683143907801086200,5528,-3543,213,43907.3671875
1683143907801149900,5528,-3543,-2170,43907.37890625
1683143907801218900,5528,-3543,-278,43907.38671875
1683143907801350100,5528,-3543,1465,43907.3984375
1683143907801371200,5528,-3543,-2194,43907.40625
1683143907860776100,5528,-3543,-2106,43907.41796875
1683143907860804700,5528,-3543,-398,43907.42578125
1683143907860836600,5528,-3543,1361,43907.4375
1683143907860858100,5528,-3543,1961,43907.4453125
1683143907860961200,5528,-3543,65,43907.45703125
1683143907861166600,5528,-3544,-1738,43907.46875
1683143907923781900,5528,-3544,-606,43907.4765625
1683143907923861200,5528,-3544,-1590,43907.48828125
1683143907923901200,5528,-3544,-2326,43907.49609375
1683143907924041200,5528,-3544,565,43907.5078125
1683143907924055500,5528,-3544,377,43907.515625
1683143907924072200,5528,-3544,-1862,43907.52734375
1683143907983151600,5528,-3544,-1926,43907.53515625
1683143907983220100,5528,-3544,1445,43907.546875
1683143907983565000,5528,-3544,-1362,43907.55859375
1683143907983621800,5528,-3544,613,43907.56640625
1683143907983630600,5528,-3544,1969,43907.58203125
1683143907984144400,5528,-3544,1621,43907.5859375
1683143908029465800,5528,-3544,-1386,43907.59765625
1683143908029512900,5528,-3544,1125,43907.60546875
1683143908029527300,5528,-3544,-1514,43907.6171875
1683143908029555500,5528,-3544,-290,43907.62890625
1683143908029842700,5528,-3544,-762,43907.63671875
1683143908077826200,5528,-3544,2421,43907.6484375
1683143908077876500,5528,-3544,1941,43907.65625
1683143908077910700,5528,-3544,-898,43907.66796875
1683143908078073200,5528,-3544,1161,43907.67578125
1683143908078163900,5528,-3544,-1854,43907.6875
1683143908141303500,5528,-3544,-1962,43907.6953125
1683143908141349200,5528,-3544,-1870,43907.70703125
1683143908141363200,5528,-3544,1505,43907.71875
1683143908141687100,5528,-3544,-2238,43907.7265625
1683143908141816500,5528,-3544,-1458,43907.73828125
1683143908142013100,5528,-3544,177,43907.74609375
1683143908201964200,5528,-3544,-1918,43907.7578125
1683143908201993800,5528,-3544,-474,43907.765625
1683143908202002300,5528,-3544,1709,43907.77734375
1683143908202104000,5528,-3544,-1406,43907.78515625
1683143908202113000,5528,-3544,2169,43907.796875
1683143908202172300,5528,-3544,-2306,43907.80859375
1683143908250988400,5528,-3544,-406,43907.81640625
1683143908251035000,5528,-3544,1405,43907.828125
1683143908251045500,5528,-3544,-866,43907.8359375
1683143908251197300,5528,-3544,1401,43907.84765625
1683143908251210600,5528,-3544,2409,43907.85546875
1683143908309420200,5528,-3544,509,43907.8671875
1683143908309463000,5528,-3544,933,43907.87890625
1683143908309489100,5528,-3544,-1710,43907.88671875
1683143908309503400,5528,-3544,-1902,43907.8984375
1683143908309890300,5528,-3544,-2386,43907.90625
1683143908310298800,5528,-3544,-694,43907.91796875
1683143908359302500,5528,-3544,-1582,43907.92578125
1683143908359343900,5528,-3544,593,43907.9375
1683143908359425400,5528,-3544,-754,43907.9453125
1683143908359452600,5528,-3544,2045,43907.95703125
1683143908359543400,5528,-3544,841,43907.96875
1683143908426914000,5528,-3544,2449,43907.9765625
1683143908426962300,5528,-3544,-2494,43907.98828125
1683143908427047400,5528,-3544,-1542,43907.99609375
1683143908427057100,5528,-3544,-2266,43908.0078125
1683143908427061900,5528,-3544,2285,43908.015625
1683143908427064900,5528,-3544,1186,43908.02734375
1683143908427882000,5528,-3544,1694,43908.03515625
1683143908478033000,5528,-3544,1606,43908.046875
1683143908478058300,5528,-3544,1790,43908.05859375
1683143908478083400,5528,-3544,618,43908.06640625
1683143908478097800,5528,-3544,62,43908.078125
1683143908478271100,5528,-3544,-825,43908.0859375
1683143908525171400,5528,-3544,-1465,43908.09765625
1683143908525217200,5528,-3544,2378,43908.10546875
1683143908525246800,5528,-3544,2438,43908.1171875
1683143908525567100,5528,-3544,774,43908.12890625
1683143908571618900,5528,-3544,118,43908.13671875
1683143908571673400,5528,-3544,666,43908.1484375
1683143908571708000,5528,-3544,-2277,43908.15625
1683143908571825800,5528,-3544,1662,43908.16796875
1683143908571954400,5528,-3544,-1961,43908.17578125
1683143908616831700,5528,-3544,326,43908.1875
1683143908616859000,5528,-3544,-69,43908.1953125
1683143908616865100,5528,-3544,802,43908.20703125
1683143908616872200,5528,-3544,798,43908.21875
1683143908617180000,5528,-3544,214,43908.2265625
1683143908662521300,5528,-3544,-1589,43908.23828125
1683143908662549600,5528,-3544,-1701,43908.24609375
1683143908662580700,5528,-3544,-297,43908.2578125
1683143908662595400,5528,-3544,430,43908.265625
1683143908710188700,5528,-3544,-693,43908.27734375
1683143908710217200,5528,-3544,-2021,43908.28515625
1683143908710224300,5528,-3544,1734,43908.296875
1683143908710445600,5528,-3544,-1585,43908.30859375
1683143908710601500,5528,-3544,898,43908.31640625
1683143908771274900,5528,-3544,1098,43908.328125
1683143908771516400,5528,-3544,-1121,43908.3359375
1683143908771622400,5528,-3544,606,43908.34765625
