%time,Acceleration in X,Acceleration in Y,Acceleration in Y,Angular Velocity in X,Angular Velocity in Y,Angular Velocity in Z,field.state,field.swing_time,Time in ms
1.68E+18,-0.941650391,-0.078125,0.031494141,0.65648855,-0.167938931,5.603053435,0,0,0
1.68E+18,-0.953369141,-0.081787109,-0.000976563,0.580152672,0.022900763,5.641221374,0,0,0.019968
1.68E+18,-0.953857422,-0.079589844,-0.000244141,0.526717557,0.190839695,5.618320611,0,0,0.019968
1.68E+18,-0.937744141,0.001220703,0.001708984,0.72519084,0.34351145,5.625954198,0,0,0.04992
1.68E+18,-0.950927734,-0.038574219,-0.004394531,1,0.511450382,5.549618321,0,0,0.140032
1.68E+18,-0.939941406,-0.052490234,-0.01953125,1.091603053,0.702290076,5.503816794,0,0,47.47008
1.68E+18,-0.954345703,-0.041259766,-0.052490234,1.160305344,0.86259542,5.503816794,0,0,47.480064
1.68E+18,-0.944824219,-0.0390625,-0.055419922,1.076335878,0.954198473,5.664122137,0,0,47.559936
1.68E+18,-0.947998047,-0.042724609,-0.053222656,1.045801527,1.045801527,5.755725191,0,0,47.56992
1.68E+18,-0.944335938,-0.028808594,-0.078125,1.015267176,0.961832061,5.847328244,0,0,47.56992
1.68E+18,-0.962158203,-0.024169922,-0.092529297,1.061068702,0.93129771,5.946564885,0,0,105.360128
1.68E+18,-0.959472656,-0.057128906,-0.084716797,1.030534351,0.908396947,6.221374046,0,0,105.420032
1.68E+18,-0.958251953,-0.069580078,-0.096191406,0.969465649,0.870229008,6.419847328,0,0,105.44
1.68E+18,-0.955810547,-0.069091797,-0.092285156,1,0.923664122,6.679389313,0,0,105.449984
1.68E+18,-0.979980469,-0.059570313,-0.071777344,1.20610687,1.022900763,7.022900763,0,0,105.449984
1.68E+18,-0.971679688,-0.104492188,-0.060791016,1.427480916,1.152671756,7.351145038,0,0,105.459968
1.68E+18,-0.977783203,-0.160644531,-0.041503906,1.633587786,1.183206107,5.93129771,0,0,156.679936
1.68E+18,-0.954345703,-0.209228516,-0.035644531,1.694656489,1.236641221,8.778625954,0,0,156.710144
1.68E+18,-0.989257813,-0.303955078,-0.029785156,1.419847328,1.290076336,9.786259542,0,0,156.75008
1.68E+18,-1.001953125,-0.295654297,-0.042724609,1.27480916,1.34351145,10.83206107,0,0,156.760064
1.68E+18,-1.003417969,-0.336181641,-0.075683594,1.328244275,1.351145038,11.86259542,0,0,156.819968
1.68E+18,-1.038330078,-0.347412109,-0.091064453,1.511450382,1.312977099,12.95419847,0,0,214.220032
1.68E+18,-1.079833984,-0.396972656,-0.094482422,1.572519084,1.34351145,13.96946565,0,0,214.249984
1.68E+18,-1.168701172,-0.392822266,-0.061279297,1.847328244,1.419847328,14.99236641,0,0,214.249984
1.68E+18,-1.369140625,-0.273681641,0.282958984,3.251908397,1.022900763,16.11450382,0,0,214.310144
1.68E+18,-1.779296875,-0.982666016,0.226318359,3.061068702,1.93129771,17.03053435,0,0,214.320128
1.68E+18,-1.399658203,-0.967041016,-0.056152344,2.076335878,2.381679389,18.57251908,0,0,214.380032
1.68E+18,-1.303710938,-0.767333984,-0.087402344,2.564885496,2.152671756,20.24427481,0,0,260.029952
1.68E+18,-1.357177734,-0.789550781,-0.087158203,2.893129771,2.045801527,22.55725191,0,0,260.04992
1.68E+18,-1.478271484,-1.169433594,-0.055419922,3.86259542,2.129770992,24.87022901,0,0,260.070144
1.68E+18,-1.571533203,-1.142333984,-0.116699219,0.763358779,2.34351145,26.96946565,0,0,260.11008
1.68E+18,-1.642333984,-0.955566406,-0.12109375,0.022900763,2.526717557,28.19847328,0,0,318.390016
1.68E+18,-1.639892578,-0.862548828,-0.133544922,0.045801527,2.503816794,29.18320611,0,0,318.4
1.68E+18,-1.777099609,-0.623046875,-0.008789063,0.687022901,2.633587786,30.03816794,0,0,318.4
1.68E+18,-1.877441406,-0.518554688,0.047363281,1.618320611,2.79389313,30.70992366,0,0,318.44992
1.68E+18,2,-0.360595703,0.038085938,2.27480916,2.770992366,30.71755725,0,0,318.459904
1.68E+18,-1.964111328,-0.616210938,0.073730469,1.396946565,2.992366412,29.96183206,0,0,318.470144
1.68E+18,-1.806396484,-0.638427734,0.015136719,0.244274809,3.458015267,28.78625954,0,0,365.159936
1.68E+18,-1.618408203,-0.219970703,0.056640625,-0.114503817,3.679389313,27.83206107,0,0,365.179904
1.68E+18,-1.55078125,0.353515625,0.087890625,0.984732824,4.076335878,26.17557252,0,0,365.190144
1.68E+18,2,0.531738281,0.291503906,0.770992366,4.938931298,20.89312977,0,0,365.200128
1.68E+18,-1.248291016,0.118896484,0.317871094,-6.259541985,6.496183206,12.47328244,0,0,365.210112
1.68E+18,0.514648438,1.999938965,-0.48046875,-2.106870229,3.229007634,21.2519084,0,0,413.360128
1.68E+18,-1.961669922,-0.314697266,1.314453125,5.786259542,6.702290076,3.610687023,0,0,413.39008
1.68E+18,-1.209716797,-1.164794922,1.038574219,-6.923664122,9.419847328,-3.34351145,0,0,413.400064
1.68E+18,-0.561767578,-0.318115234,0.055664063,-6.167938931,7.923664122,-3.160305344,0,0,413.400064
1.68E+18,-0.463134766,-0.300292969,-0.043701172,-3.083969466,9.748091603,-6.358778626,0,0,413.430016
1.68E+18,-0.073974609,-0.451660156,-0.03125,-5.786259542,9.458015267,-7.381679389,0,0,478.599936
1.68E+18,0.011474609,0.31640625,-0.310546875,-4.786259542,8.992366412,-9.015267176,0,0,478.630144
1.68E+18,0.047607422,0.411865234,-0.280517578,-2.717557252,8.167938931,-11.32061069,0,0,478.640128
1.68E+18,-0.063232422,0.270507813,-0.106933594,-2.938931298,6.992366412,-14.49618321,0,0,478.710016
1.68E+18,-0.207763672,0.495605469,-0.205322266,-3.732824427,6.427480916,-17.09160305,0,0,478.729984
1.68E+18,-0.386474609,0.774658203,-0.210693359,0.503816794,6.503816794,-19.99236641,0,0,478.739968
1.68E+18,-0.344726563,0.362792969,-0.01953125,0.20610687,6.045801527,-23.35877863,0,0,535.229952
1.68E+18,-0.255126953,0.370849609,-0.144775391,0.251908397,5.648854962,-25.77862595,0,0,535.24992
1.68E+18,-0.200683594,0.345947266,-0.130859375,0.938931298,4.854961832,-27.78625954,0,0,535.26016
1.68E+18,-0.146484375,0.280273438,-0.13671875,1.091603053,3.702290076,-29.59541985,0,0,535.270144
1.68E+18,-0.139648438,0.350585938,-0.167724609,1.72519084,2.488549618,-31.24427481,0,0,535.300096
1.68E+18,-0.152832031,0.347167969,-0.130859375,2.366412214,1.083969466,-32.77862595,0,0,535.330048
1.68E+18,-0.151367188,0.325439453,-0.114501953,2.877862595,-0.389312977,-34.10687023,0,0,580.819968
1.68E+18,-0.198730469,0.186035156,-0.136962891,2.893129771,-1.732824427,-35.32061069,0,0,580.84992
1.68E+18,-0.142089844,0.263671875,-0.141357422,3.65648855,-3.465648855,-36.08396947,0,0,580.84992
1.68E+18,-0.185546875,0.275634766,-0.155761719,4.099236641,-5.053435115,-36.54198473,0,0,580.859904
1.68E+18,-0.260253906,0.268066406,-0.129394531,4.65648855,-6.702290076,-37.54961832,0,0,580.880128
1.68E+18,-0.267333984,0.139892578,-0.100097656,4.625954198,-8.27480916,-37.97709924,0,0,630.08
1.68E+18,-0.368896484,0.176513672,-0.157470703,4.648854962,-9.832061069,-38.29770992,0,0,630.099968
1.68E+18,-0.407714844,0.166259766,-0.162597656,5.396946565,-11.40458015,-38.14503817,0,0,630.109952
1.68E+18,-0.548339844,0.248046875,-0.183105469,6.595419847,-13.02290076,-37.78625954,0,0,630.12992
1.68E+18,-0.631835938,0.309326172,-0.068603516,7.908396947,-13.96946565,-37.21374046,0,0,688.20992
1.68E+18,-0.746582031,0.292236328,-0.098876953,9.404580153,-14.96183206,-36.3740458,0,0,688.230144
1.68E+18,-0.919921875,0.320800781,-0.094726563,11.00763359,-15.54198473,-35.44274809,0,0,688.27008
1.68E+18,-1.166992188,0.332763672,-0.066650391,12.57251908,-15.61832061,-34.6259542,0,0,688.280064
1.68E+18,-1.459472656,0.282470703,-0.013427734,13.06870229,-14.81679389,-33.6259542,0,0,688.290048
1.68E+18,-1.749023438,0.182861328,0.046142578,12.5648855,-13,-32.55725191,0,0,688.32
1.68E+18,2,0.050537109,0.051269531,11.1221374,-10.41221374,-30.53435115,0,0,736.250112
1.68E+18,-1.995117188,-0.536132813,0.118896484,6.984732824,-10.17557252,-27.34351145,0,0,736.280064
1.68E+18,2,0.147705078,-0.345458984,2.458015267,-6.938931298,-24.9389313,0,0,736.290048
1.68E+18,2,-0.819335938,-0.034667969,-4.152671756,-3.335877863,-20.19083969,0,0,736.290048
1.68E+18,-1.991210938,-0.502685547,-0.119384766,-11.34351145,-2.671755725,-14.44274809,0,0,736.300032
1.68E+18,-1.204101563,0.363037109,-0.619140625,-13.04580153,-3.167938931,-8.167938931,0,0,789.520128
1.68E+18,-1.266113281,1.204101563,-0.888183594,-11.00763359,-3.86259542,-0.679389313,0,0,789.540096
1.68E+18,-1.887207031,0.200439453,-0.025390625,-14.18320611,-4.312977099,3.427480916,0,0,789.55008
1.68E+18,2,-0.162841797,-0.334472656,-18.29770992,-2.381679389,9.34351145,0,0,789.609984
1.68E+18,2,-0.340576172,-0.153320313,-21.2519084,-1.93129771,19.00763359,0,0,789.619968
1.68E+18,2,1.161376953,0.080078125,-19.80152672,1.778625954,24.21374046,0,0,848.460032
1.68E+18,2,0.939208984,-0.045410156,-16.49618321,3.893129771,26.01526718,0,0,848.489984
1.68E+18,-1.079833984,1.404785156,-0.520996094,-12.89312977,1.381679389,25.67175573,0,0,848.519936
1.68E+18,-0.689941406,0.195800781,-0.208007813,-10.58778626,-0.465648855,20.92366412,0,0,848.52992
1.68E+18,-0.752197266,0.831054688,0.332519531,-5.091603053,1.236641221,18.85496183,0,0,848.600064
1.68E+18,-1.411621094,1.602294922,0.634765625,4.442748092,3.969465649,18.35114504,0,0,848.610048
1.68E+18,-1.514404297,1.457519531,0.333251953,14.41221374,4.824427481,16.85496183,0,0,909.71008
1.68E+18,-0.938476563,-0.295654297,-0.155761719,12.90076336,4.961832061,13.72519084,0,0,909.730048
1.68E+18,-1.000488281,-0.401855469,-0.170166016,10.03816794,4.061068702,13.16030534,0,0,909.740032
1.68E+18,-0.955322266,-0.243164063,-0.001220703,2.709923664,2.946564885,12.58778626,0,0,909.750016
1.68E+18,-1.128417969,0.836669922,-0.550537109,1.267175573,2.496183206,12.34351145,0,0,909.779968
1.68E+18,-0.849121094,0.354003906,-0.550537109,-1.572519084,1.954198473,10.8778626,0,0,909.789952
1.68E+18,-0.975097656,0.341064453,-0.572753906,-3.79389313,1.41221374,10.01526718,0,0,953.570048
1.68E+18,-1.090576172,0.054199219,-0.564697266,-5.099236641,1.129770992,8.908396947,0,0,953.609984
1.68E+18,-0.782714844,-0.16796875,-0.513916016,-7.320610687,-0.320610687,7.389312977,0,0,953.619968
1.68E+18,-0.951660156,0.182861328,-0.372070313,-5.427480916,-0.877862595,6.854961832,0,0,953.619968
1.68E+18,-0.968017578,0.090332031,-0.130371094,-4.167938931,-1.488549618,6.488549618,0,0,953.680128
1.68E+18,-0.961669922,-0.018066406,-0.239257813,-3.824427481,-1.610687023,6.091603053,0,0,1000.240128
1.68E+18,-0.916015625,-0.240234375,-0.223388672,-0.816793893,-2.061068702,5.618320611,0,0,1000.260096
1.68E+18,-0.97265625,-0.232666016,-0.214355469,0.221374046,-2.259541985,5.916030534,0,0,1000.27008
1.68E+18,-0.960693359,-0.238769531,-0.19921875,0.564885496,-2.389312977,6.328244275,0,0,1000.280064
1.68E+18,-0.966796875,-0.19921875,-0.221191406,0.709923664,-2.297709924,6.65648855,0,0,1000.280064
1.68E+18,-0.931884766,-0.208496094,-0.182617188,0.488549618,-2.160305344,6.763358779,0,0,1045.28
1.68E+18,-0.956298828,-0.141113281,-0.133789063,0.175572519,-1.847328244,6.832061069,0,0,1045.309952
1.68E+18,-0.954101563,-0.076416016,-0.048583984,-0.083969466,-1.625954198,6.984732824,0,0,1045.309952
1.68E+18,-0.929931641,-0.009277344,0.028320313,-0.267175573,-1.404580153,7.122137405,0,0,1045.319936
1.68E+18,-0.934082031,0.068603516,0.090087891,-0.366412214,-1.160305344,7.129770992,0,0,1091.480064
1.68E+18,-0.923339844,0.147949219,0.139404297,-0.34351145,-0.816793893,7.099236641,0,0,1091.490048
1.68E+18,-0.940429688,0.171142578,0.141357422,-0.618320611,-0.687022901,7.06870229,0,0,1091.52
1.68E+18,-0.887207031,0.265869141,0.129638672,0.580152672,-0.290076336,6.824427481,0,0,1091.56992
1.68E+18,-0.895996094,0.258300781,0.09765625,0.900763359,-0.129770992,6.702290076,0,0,1091.56992
1.68E+18,-0.943603516,0.094238281,0.048339844,1.366412214,0.145038168,6.740458015,0,0,1142.109952
1.68E+18,-0.956298828,-0.03515625,-0.043945313,1.038167939,0.328244275,7.152671756,0,0,1142.119936
1.68E+18,-0.924072266,-0.114013672,-0.087890625,0.557251908,0.564885496,5.885496183,0,0,1142.12992
1.68E+18,-0.941162109,-0.195800781,-0.135742188,0,0.603053435,8.770992366,0,0,1142.19008
1.68E+18,-1.080322266,-0.251464844,-0.146728516,-0.358778626,0.809160305,9.732824427,0,0,1142.200064
1.68E+18,-0.975585938,-0.276123047,-0.095214844,-0.381679389,0.961832061,10.85496183,0,0,1201.250048
1.68E+18,-1.004394531,-0.308349609,-0.056640625,-0.198473282,1.145038168,11.96946565,0,0,1201.270016
1.68E+18,-1.057861328,-0.351318359,0.019287109,0.030534351,1.221374046,13.20610687,0,0,1201.28
1.68E+18,-1.106933594,-0.354492188,0.066650391,0.732824427,1.312977099,14.19083969,0,0,1201.289984
1.68E+18,-1.58203125,-0.133300781,-0.002685547,2.053435115,1.58778626,14.11450382,0,0,1201.299968
1.68E+18,-1.546875,-0.770263672,0.152099609,2.732824427,1.786259542,15.16030534,0,0,1201.319936
1.68E+18,-1.333984375,-0.698730469,-0.041015625,3.603053435,1.79389313,16.70229008,0,0,1247.120128
1.68E+18,-1.34765625,-0.770751953,-0.042236328,4.480916031,1.34351145,18.79389313,0,0,1247.130112
1.68E+18,-1.442626953,-0.922607422,-0.046875,4.610687023,1.061068702,21.23664122,0,0,1247.15008
1.68E+18,-1.539794922,-1.095458984,-0.112304688,4.305343511,0.93129771,23.79389313,0,0,1247.160064
1.68E+18,-1.549316406,-1.206054688,-0.156982422,3.816793893,0.961832061,26.6259542,0,0,1312.300032
1.68E+18,-1.560546875,-1.281982422,-0.156005859,3.076335878,0.885496183,29.29770992,0,0,1312.310016
1.68E+18,-1.633544922,-1.155273438,-0.139404297,2.824427481,0.41221374,31.39694656,0,0,1312.329984
1.68E+18,-1.9375,-0.502685547,-0.113769531,4.091603053,-0.06870229,31.30534351,0,0,1312.339968
1.68E+18,2,-0.820068359,0.018798828,5.122137405,-0.320610687,31.0610687,0,0,1312.349952
1.68E+18,2,-0.540527344,0.083251953,6.328244275,0.709923664,31.33587786,0,0,1312.359936
1.68E+18,2,-0.48046875,0.195068359,6.984732824,1.41221374,30.61068702,0,0,1312.359936
1.68E+18,-1.886230469,-0.557373047,0.146240234,6.755725191,1.396946565,29.32824427,0,0,1366.950144
1.68E+18,-1.518310547,-0.115966797,-0.029785156,7.328244275,1.045801527,27.80916031,0,0,1367.010048
1.68E+18,-1.401855469,0.546875,0.015380859,7.839694656,0.366412214,26.28244275,0,0,1367.020032
1.68E+18,-1.765625,1.710449219,0.200683594,12.19083969,-0.015267176,21.70992366,0,0,1367.020032
1.68E+18,-1.466308594,-1.108886719,0.657226563,6.007633588,0.34351145,12.16793893,0,0,1367.079936
1.68E+18,0.726806641,1.999938965,2,12.61832061,-1.458015267,21.58015267,0,0,1417.159936
1.68E+18,2,1.999938965,1.188720703,19.4351145,-1.061068702,6.236641221,0,0,1417.16992
1.68E+18,-1.11328125,-0.010742188,0.946044922,6.526717557,1.007633588,-2.320610687,0,0,1417.23008
1.68E+18,-0.694580078,0.247070313,-0.096191406,5.633587786,3.244274809,-2.671755725,0,0,1417.240064
1.68E+18,-0.306152344,-0.499267578,0.089599609,4.72519084,2.27480916,-5.65648855,0,0,1417.260032
1.68E+18,-0.015136719,-0.92578125,-0.139404297,1.198473282,1.610687023,-7.732824427,0,0,1478.429952
1.68E+18,0.170410156,-0.212890625,-0.4140625,0.610687023,0.366412214,-8.763358779,0,0,1478.44992
1.68E+18,-0.000488281,0.268310547,-0.429443359,1.778625954,-1.213740458,-10.65648855,0,0,1478.470144
1.68E+18,-0.132324219,0.089111328,-0.352294922,0,-2.435114504,-13.8778626,0,0,1478.480128
1.68E+18,-0.265136719,0.257324219,-0.364746094,-0.580152672,-3.022900763,-17.21374046,0,0,1478.51008
1.68E+18,-0.217773438,0.011474609,-0.224365234,-2.229007634,-3.824427481,-19.83969466,0,0,1478.520064
1.68E+18,-0.235351563,-0.014648438,-0.302978516,-3.732824427,-4.374045802,-22.14503817,0,0,1539.120128
1.68E+18,-0.2578125,-0.028320313,-0.245605469,-5.213740458,-5.076335878,-24.10687023,0,0,1539.130112
1.68E+18,-0.294921875,-0.008300781,-0.184082031,-6.748091603,-5.755725191,-26.11450382,0,0,1539.140096
1.68E+18,-0.358398438,0.031738281,-0.176269531,-7.992366412,-6.106870229,-28.16793893,0,0,1539.15008
1.68E+18,-0.395751953,0.09765625,-0.145507813,-8.816793893,-6.351145038,-29.93129771,0,0,1539.180032
1.68E+18,-0.445556641,0.194091797,-0.152099609,-9.030534351,-6.435114504,-31.61068702,0,0,1539.180032
1.68E+18,-0.473876953,0.26953125,-0.134033203,-8.755725191,-6.396946565,-31.28244275,0,0,1584.679936
1.68E+18,-0.472412109,0.281738281,-0.128662109,-8.244274809,-6.435114504,-34.3740458,0,0,1584.710144
1.68E+18,-0.431640625,0.131347656,-0.155029297,-7.58778626,-6.58778626,-35.85496183,0,0,1584.710144
1.68E+18,-0.439697266,0.262207031,-0.177001953,-6.534351145,-6.740458015,-36.70992366,0,0,1584.790016
1.68E+18,-0.427978516,0.272216797,-0.171630859,-5.381679389,-7.129770992,-37.63358779,0,0,1584.790016
1.68E+18,-0.437255859,0.290039063,-0.190429688,-4.534351145,-7.641221374,-38.55725191,0,0,1631.920128
1.68E+18,-0.481201172,0.284423828,-0.1796875,-3.801526718,-8.27480916,-39.49618321,0,0,1631.980032
1.68E+18,-0.476318359,0.272705078,-0.207763672,-3.045801527,-9.190839695,-40.32061069,0,0,1631.990016
1.68E+18,-0.528808594,0.260009766,-0.254638672,-2.41221374,-10.30534351,-41.02290076,0,0,1632.009984
1.68E+18,-0.558349609,0.244873047,-0.269775391,-2,-11.64885496,-41.64885496,0,0,1632.019968
1.68E+18,-0.636962891,0.204589844,-0.266357422,-1.93129771,-12.90839695,-42.17557252,0,0,1697.110016
1.68E+18,-0.752685547,0.127197266,-0.207519531,-2.480916031,-14.04580153,-42.41984733,0,0,1697.129984
1.68E+18,-1.012939453,-0.06640625,-0.050537109,-3.954198473,-14.35877863,-41.84732824,0,0,1697.139968
1.68E+18,-1.345458984,-0.415039063,0.133056641,-6.870229008,-13.60305344,-39.58778626,0,0,1697.139968
1.68E+18,-1.837158203,-0.479003906,0.180664063,-10.09160305,-11.59541985,-36.02290076,0,0,1697.210112
1.68E+18,2,-1.438964844,0.368652344,-14.94656489,-6.977099237,-32.03816794,0,0,1697.210112
1.68E+18,2,1.141601563,0.469482422,-13.39694656,-3.717557252,-17.63358779,0,0,1754.380032
1.68E+18,2,1.999938965,0.024658203,-7.007633588,-3.801526718,-16.6259542,0,0,1754.4
1.68E+18,-1.974365234,1.299072266,-0.261474609,-6.809160305,-0.13740458,-13.26717557,0,0,1754.4
1.68E+18,-1.310546875,1.055419922,-0.220703125,-4.687022901,-0.480916031,-7.290076336,0,0,1754.419968
1.68E+18,-1.349365234,0.823242188,0.04296875,-3.564885496,0.404580153,-1.229007634,0,0,1754.429952
1.68E+18,-1.875,0.763427734,0.113769531,-1.305343511,1.877862595,6.549618321,0,0,1754.480128
1.68E+18,2,1.108154297,0.885498047,2.854961832,5.870229008,14.52671756,0,0,1812.400128
1.68E+18,2,1.906494141,0.8515625,7.358778626,11.45801527,21.34351145,0,0,1812.420096
1.68E+18,2,0.979980469,-0.501464844,13.52671756,11.03816794,24.81679389,0,0,1812.460032
1.68E+18,-1.048583984,1.072509766,-0.325927734,18.64122137,6.458015267,22.80916031,0,0,1812.48
1.68E+18,-0.419189453,-1.038085938,0.287841797,11.22137405,3.900763359,18.11450382,0,0,1812.52992
1.68E+18,-0.23046875,-1.667480469,0.321533203,2.549618321,3.312977099,17.11450382,0,0,1812.52992
1.68E+18,-1.515380859,1.220703125,-0.389404297,4.312977099,6.015267176,18.19847328,0,0,1857.890048
1.68E+18,-1.073974609,1.999938965,-0.334716797,8.679389313,5.839694656,17.32824427,0,0,1857.910016
1.68E+18,-1.052978516,0.6484375,-0.532958984,4.832061069,4.541984733,14.58015267,0,0,1857.92
1.68E+18,-0.932861328,-0.170654297,-0.571289063,-1.603053435,3.473282443,13.39694656,0,0,1857.939968
1.68E+18,-1.033691406,-0.251220703,-0.249755859,-7.213740458,2.122137405,12.81679389,0,0,1905.720064
1.68E+18,-1.029296875,0.958251953,-0.201660156,-6.221374046,1.618320611,11.15267176,0,0,1905.740032
1.68E+18,-0.940673828,0.597900391,-0.117675781,-4.480916031,1.076335878,9.030534351,0,0,1905.740032
1.68E+18,-0.928466797,-0.078857422,-0.256835938,-3.305343511,1.099236641,7.702290076,0,0,1905.76
1.68E+18,-0.937988281,-0.316894531,-0.191894531,-3.557251908,0.58778626,7.267175573,0,0,1905.789952
1.68E+18,-1.074707031,-0.037109375,-0.240966797,-2.885496183,0.404580153,7.435114504,0,0,1949.6
1.68E+18,-1.03125,-0.043457031,-0.254882813,-1.870229008,1.938931298,7.854961832,0,0,1949.619968
1.68E+18,-0.570068359,-0.217529297,-0.23828125,-2.290076336,-1.519083969,7.083969466,0,0,1949.64992
1.68E+18,-0.954101563,0.008789063,-0.235351563,-1.442748092,-1.717557252,6.267175573,0,0,1949.66016
1.68E+18,-0.953125,-0.104980469,0.024169922,-0.114503817,-1.740458015,6.114503817,0,0,1996.64
1.68E+18,-1.006347656,-0.060058594,-0.031005859,0.625954198,-1.465648855,6.007633588,0,0,1996.649984
1.68E+18,-0.943359375,-0.169433594,-0.022705078,1.152671756,-1.129770992,5.961832061,0,0,1996.649984
1.68E+18,-0.941162109,-0.240966797,0.069824219,0.755725191,-0.961832061,6.198473282,0,0,1996.679936
1.68E+18,-0.974853516,-0.108886719,0.073242188,0.839694656,-0.671755725,6.511450382,0,0,1996.68992
1.68E+18,-0.953125,-0.145996094,0.120117188,0.557251908,-0.335877863,6.557251908,0,0,2042.51008
1.68E+18,-0.952148438,-0.140625,0.136230469,0.267175573,0.076335878,6.687022901,0,0,2042.530048
1.68E+18,-0.938964844,-0.086669922,0.162597656,0.122137405,0.435114504,6.885496183,0,0,2042.540032
1.68E+18,-0.928222656,-0.005615234,0.141845703,0.236641221,0.732824427,7.167938931,0,0,2042.540032
1.68E+18,-0.913085938,0.016113281,0.144042969,0.496183206,0.916030534,7.435114504,0,0,2042.550016
1.68E+18,-0.91015625,0.047363281,0.118896484,0.809160305,1.129770992,7.496183206,0,0,2103.450112
1.68E+18,-0.915771484,0.078369141,0.070556641,1.221374046,1.404580153,7.763358779,0,0,2103.47008
1.68E+18,-0.910400391,0.015136719,0.026367188,1.389312977,1.687022901,7.969465649,0,0,2103.480064
1.68E+18,-0.920166016,-0.046630859,-0.058105469,1.351145038,1.816793893,8.312977099,0,0,2103.480064
1.68E+18,-0.936767578,-0.007568359,-0.078857422,1.122137405,1.854961832,8.564885496,0,0,2103.480064
1.68E+18,-0.939697266,-0.022705078,-0.103271484,0.969465649,1.938931298,8.992366412,0,0,2103.559936
1.68E+18,-0.958740234,-0.060302734,-0.120117188,0.854961832,1.969465649,9.503816794,0,0,2163.389952
1.68E+18,-0.967041016,-0.127441406,-0.163574219,0.633587786,1.992366412,10.20610687,0,0,2163.40992
1.68E+18,-0.948242188,-0.210693359,-0.207763672,0.358778626,1.946564885,11.08396947,0,0,2163.430144
1.68E+18,-0.965576172,-0.234863281,-0.173583984,-0.007633588,2.007633588,12.13740458,0,0,2163.440128
1.68E+18,-0.987548828,-0.265625,-0.166992188,-0.404580153,2.183206107,13.27480916,0,0,2163.460096
1.68E+18,-1.040283203,-0.305419922,-0.104248047,-0.763358779,2.381679389,14.35877863,0,0,2163.480064
1.68E+18,-1.0859375,-0.3828125,-0.018066406,-1.015267176,2.519083969,15.18320611,0,0,2223.980032
1.68E+18,-1.810302734,-0.740234375,-0.072021484,-1.442748092,3.129770992,14.77862595,0,0,2224
1.68E+18,-1.404785156,-0.985351563,0.187988281,-2.13740458,3.229007634,16.58778626,0,0,2224.009984
1.68E+18,-1.260498047,-0.435058594,-0.0625,-0.847328244,3.030534351,18.11450382,0,0,2224.059904
1.68E+18,-1.180419922,-0.582763672,0.129638672,0.473282443,2.282442748,19.80916031,0,0,2224.059904
1.68E+18,-1.349853516,-0.593017578,0.150146484,1.893129771,1.93129771,21.69465649,0,0,2224.11008
1.68E+18,-1.353759766,-0.789306641,0.106689453,2.694656489,1.679389313,23.61832061,0,0,2270.579968
1.68E+18,-1.369384766,-0.855957031,0.010009766,3.496183206,1.290076336,25.85496183,0,0,2270.599936
1.68E+18,-1.443847656,-0.967529297,-0.027587891,3.870229008,1.030534351,28.20610687,0,0,2270.60992
1.68E+18,-1.608398438,-1.065917969,-0.091064453,3.916030534,0.832061069,30.46564885,0,0,2270.640128
1.68E+18,-1.725830078,-0.989746094,-0.162597656,3.908396947,0.519083969,31.81679389,0,0,2270.650112
1.68E+18,2,-0.642578125,-0.114501953,4.541984733,0.595419847,31.8778626,0,0,2317.830144
1.68E+18,2,-0.902832031,0.046875,4.251908397,1.839694656,32.38167939,0,0,2317.850112
1.68E+18,2,-0.627929688,0.229003906,4.473282443,2.534351145,32.17557252,0,0,2317.87008
1.68E+18,2,-0.628662109,0.167480469,4.083969466,3,31.0610687,0,0,2317.880064
1.68E+18,-1.844482422,-0.581054688,-0.038330078,3.358778626,2.58778626,29.92366412,0,0,2362.599936
1.68E+18,-1.611572266,-0.068359375,-0.029541016,3.618320611,1.480916031,28.60305344,0,0,2362.619904
1.68E+18,-1.369628906,0.401123047,0.134521484,4.076335878,0.114503817,25.38167939,0,0,2362.640128
1.68E+18,-1.953857422,-0.499511719,0.742431641,-1.160305344,-0.65648855,17.1221374,0,0,2362.690048
1.68E+18,0.938720703,-1.988037109,-1.256103516,-5.648854962,5.885496183,18.6870229,0,0,2362.700032
1.68E+18,-1.163330078,1.999938965,1.020507813,8.106870229,-2.221374046,15.41984733,0,0,2409.080064
1.68E+18,-0.880371094,-0.303710938,-0.088867188,-2.938931298,1.198473282,-1.885496183,0,0,2409.100032
1.68E+18,-0.0625,-0.28515625,-0.295898438,-4.763358779,0.13740458,-2.511450382,0,0,2409.129984
1.68E+18,-0.630859375,0.551025391,-0.239501953,-0.374045802,0.641221374,-6.259541985,0,0,2409.149952
1.68E+18,-0.256835938,-0.490966797,0.166748047,-3.854961832,1.038167939,-8.778625954,0,0,2455.780096
1.68E+18,-0.162597656,0.034912109,0.016357422,-5.290076336,1.427480916,-9.961832061,0,0,2455.830016
1.68E+18,0.026123047,0.532470703,-0.3984375,-3.809160305,1.091603053,-10.24427481,0,0,2455.859968
1.68E+18,0.00390625,0.300537109,-0.314697266,0.114503817,0.427480916,-12.72519084,0,0,2455.869952
1.68E+18,-0.047363281,0.511474609,-0.336669922,0.923664122,-0.076335878,-15.33587786,0,0,2455.879936
1.68E+18,-0.255615234,0.791503906,-0.414306641,3.832061069,0.015267176,-18.33587786,0,0,2502.520064
1.68E+18,-0.324951172,0.488525391,-0.250488281,4.923664122,-0.061068702,-21.47328244,0,0,2502.62016
1.68E+18,-0.268798828,0.403808594,-0.213134766,5.114503817,-0.442748092,-23.96946565,0,0,2502.62016
1.68E+18,-0.263671875,0.405029297,-0.1953125,5.41221374,-0.923664122,-26.88549618,0,0,2502.630144
1.68E+18,-0.259033203,0.110839844,-0.122558594,4.610687023,-1.20610687,-29.22900763,0,0,2502.630144
1.68E+18,-0.290771484,0.263183594,-0.680175781,5.618320611,-1.053435115,-32.51145038,0,0,2548.59008
1.68E+18,-0.283691406,0.089355469,-0.116943359,2.007633588,-2.083969466,-32.92366412,0,0,2548.620032
1.68E+18,-0.336914063,0.129150391,-0.184326172,0.786259542,-2.435114504,-33.86259542,0,0,2548.649984
1.68E+18,-0.357177734,0.195068359,-0.168701172,-0.251908397,-2.938931298,-35.60305344,0,0,2548.669952
1.68E+18,-0.335449219,0.146972656,-0.150390625,-1.221374046,-3.511450382,-36.96183206,0,0,2609.570048
1.68E+18,-0.332763672,0.106933594,-0.193603516,-2.160305344,-4.183206107,-38.15267176,0,0,2609.609984
1.68E+18,-0.303955078,0.071777344,-0.200927734,-3.106870229,-5.152671756,-37.16793893,0,0,2609.619968
1.68E+18,-0.333984375,0.065185547,-0.188232422,-4.038167939,-6.13740458,-39.86259542,0,0,2609.629952
1.68E+18,-0.386962891,0.065185547,-0.171630859,-4.916030534,-7.13740458,-40.41984733,0,0,2609.629952
1.68E+18,-0.431152344,0.050292969,-0.173583984,-5.877862595,-8.389312977,-40.78625954,0,0,2609.639936
1.68E+18,-0.479980469,0.047851563,-0.207275391,-6.694656489,-8.007633588,-40.85496183,0,0,2609.64992
1.68E+18,-0.556396484,0.033935547,-0.205810547,-7.839694656,-11.13740458,-41.19083969,0,0,2658.739968
1.68E+18,-0.700195313,0.050048828,-0.172119141,-8.916030534,-12.29007634,-41.57251908,0,0,2658.749952
1.68E+18,-0.83984375,-0.021240234,-0.023193359,-10.65648855,-13.03053435,-41.90076336,0,0,2658.759936
1.68E+18,-1.057617188,0.037109375,0.077880859,-12.16793893,-13.32824427,-41.5648855,0,0,2658.759936
1.68E+18,-1.397216797,-0.119384766,0.201171875,-13.90076336,-13.13740458,-39.99236641,0,0,2707.660032
1.68E+18,-1.866455078,-0.180175781,0.271728516,-15.54198473,-12.18320611,-37.45038168,0,0,2707.689984
1.68E+18,2,-0.227539063,0.396484375,-16.9389313,-10.41221374,-33.89312977,0,0,2707.699968
1.68E+18,2,0.162597656,0.369140625,-17.13740458,-8.282442748,-29.67175573,0,0,2707.699968
1.68E+18,2,0.728759766,0.132080078,-14.91603053,-5.183206107,-25.70229008,0,0,2707.72992
1.68E+18,2,0.166503906,0.330566406,-15.66412214,-3.251908397,-23.22900763,0,0,2751.960064
1.68E+18,-1.835693359,-0.032714844,0.144775391,-16.76335878,-3.992366412,-17.6870229,0,0,2751.980032
1.68E+18,-1.359375,0.875976563,-0.107666016,-11.23664122,-3.27480916,-10.35877863,0,0,2752
1.68E+18,-1.165039063,0.992675781,0.395996094,-8.083969466,-3.923664122,-5.450381679,0,0,2752.04992
1.68E+18,-1.426269531,1.395263672,0.202880859,-5.175572519,-3.572519084,-2.625954198,0,0,2752.059904
1.68E+18,-1.173828125,1.430664063,-0.087402344,-0.374045802,-2.641221374,1.053435115,0,0,2797.66016
1.68E+18,-0.817871094,1.455566406,0.107666016,4.938931298,-2.183206107,4.549618321,0,0,2797.680128
1.68E+18,-0.784423828,1.45703125,0.173828125,9.129770992,-1.519083969,5.641221374,0,0,2797.690112
1.68E+18,2,-0.420166016,1.023193359,5.702290076,1.511450382,1.954198473,0,0,2797.700096
1.68E+18,2,-1.40625,0.491455078,-5.832061069,5.34351145,12.16030534,0,0,2868.38016
1.68E+18,-1.613037109,1.999938965,0.715820313,9.030534351,14.22900763,19.64885496,0,0,2868.410112
1.68E+18,-1.65625,-0.031311035,-0.394042969,8.969465649,9.427480916,24.94656489,0,0,2868.410112
1.68E+18,-0.722167969,1.090820313,0.103759766,17.23664122,3.061068702,22.96946565,0,0,2868.460032
1.68E+18,-0.651123047,-1.068603516,0.177734375,11.5648855,-0.091603053,21.58015267,0,0,2868.470016
1.68E+18,-0.023925781,-1.402099609,-0.143310547,6.702290076,-0.633587786,21.77099237,0,0,2868.52992
1.68E+18,-1.726074219,1.999938965,-0.800292969,11.08396947,2.824427481,21.11450382,0,0,2868.539904
1.68E+18,-1.206054688,1.999938965,-0.758300781,15.4351145,4.175572519,17.19847328,0,0,2918.820096
1.68E+18,-1.151855469,1.296142578,-1.046875,13.70229008,4.045801527,13.9389313,0,0,2918.850048
1.68E+18,-0.979736328,-0.134521484,-0.692871094,8.801526718,3.259541985,12.7480916,0,0,2918.860032
1.68E+18,-0.791748047,-0.781738281,-0.181396484,1.824427481,0.778625954,12.1221374,0,0,2918.870016
1.68E+18,-1.071777344,0.084960938,-0.359375,-3.755725191,-0.549618321,11.95419847,0,0,2918.899968
1.68E+18,-0.835205078,0.580322266,0.176513672,-4.549618321,-1.885496183,10.11450382,0,0,2969.28
1.68E+18,-1.009765625,0.735839844,0.247802734,-4.908396947,-1.86259542,8.251908397,0,0,2969.299968
1.68E+18,-1.102783203,0.434570313,0.228027344,-1.694656489,-0.877862595,6.847328244,0,0,2969.319936
1.68E+18,-0.993408203,-0.094970703,0.258056641,-2.007633588,-0.41221374,5.79389313,0,0,2969.32992
1.68E+18,-0.984375,-0.140625,0.076904297,-1.236641221,-0.091603053,5.603053435,0,0,2969.350144
1.68E+18,-0.69140625,-0.334716797,0.173339844,-2.175572519,-1.20610687,5.320610687,0,0,3029.200128
1.68E+18,-0.989746094,-0.088134766,0.031738281,-1.687022901,-1.519083969,5.152671756,0,0,3029.23008
1.68E+18,-0.933837891,-0.346923828,0.249023438,-1.267175573,-1.488549618,5.396946565,0,0,3029.23008
1.68E+18,-0.973144531,-0.236816406,0.194335938,-0.946564885,-1.122137405,5.564885496,0,0,3029.299968
1.68E+18,-0.95703125,-0.040527344,0.08984375,0.351145038,-0.702290076,5.374045802,0,0,3029.309952
1.68E+18,-0.909423828,-0.156738281,0.117431641,0.664122137,-0.580152672,5.450381679,0,0,3029.350144
1.68E+18,-0.968261719,-0.186767578,0.092041016,0.969465649,-0.129770992,5.717557252,0,0,3075.940096
1.68E+18,-0.941650391,-0.255126953,0.056396484,0.79389313,0.198473282,5.977099237,0,0,3075.960064
1.68E+18,-0.930908203,-0.158691406,-0.013671875,0.603053435,0.34351145,6.351145038,0,0,3075.970048
1.68E+18,-0.918945313,-0.073730469,-0.045898438,0.79389313,0.549618321,6.625954198,0,0,3075.980032
1.68E+18,-0.903808594,-0.074462891,-0.062988281,0.763358779,0.702290076,6.816793893,0,0,3075.990016
1.68E+18,-0.913330078,-0.053710938,-0.095214844,0.847328244,0.847328244,7.007633588,0,0,3143.709952
1.68E+18,-0.920898438,-0.078125,-0.086425781,0.885496183,0.893129771,7.236641221,0,0,3143.739904
1.68E+18,-0.945800781,-0.101318359,-0.077880859,0.839694656,0.885496183,7.503816794,0,0,3143.79008
1.68E+18,-0.95703125,-0.110107422,-0.056640625,0.870229008,0.847328244,7.786259542,0,0,3143.800064
1.68E+18,-0.937988281,-0.130859375,-0.054199219,0.938931298,0.732824427,8.198473282,0,0,3143.859968
1.68E+18,-0.945068359,-0.144042969,-0.044677734,1.099236641,0.801526718,8.763358779,0,0,3143.859968
1.68E+18,-0.947509766,-0.192138672,-0.033691406,1,0.900763359,9.396946565,0,0,3143.879936
1.68E+18,-0.962646484,-0.215332031,-0.026855469,0.893129771,1.022900763,10.08396947,0,0,3198.569984
1.68E+18,-0.966796875,-0.215576172,-0.002929688,0.763358779,1.152671756,10.83206107,0,0,3198.589952
1.68E+18,-0.968261719,-0.233886719,0.031005859,0.687022901,1.190839695,11.61068702,0,0,3198.62016
1.68E+18,-0.976806641,-0.244873047,0.036132813,0.679389313,1.213740458,12.5648855,0,0,3198.630144
1.68E+18,-0.99609375,-0.246582031,0.025390625,0.847328244,1.061068702,13.48854962,0,0,3198.67008
1.68E+18,-0.989501953,-0.231689453,0.010742188,1.435114504,0.877862595,14.3129771,0,0,3245.07008
1.68E+18,-1.019287109,-0.064453125,0.010986328,3.580152672,0.496183206,15.36641221,0,0,3245.090048
1.68E+18,-1.105712891,-0.039794922,0.0859375,4.977099237,0.473282443,15.83969466,0,0,3245.100032
1.68E+18,-1.565917969,-0.078369141,0.103515625,5.549618321,1.251908397,15.42748092,0,0,3245.110016
1.68E+18,-1.420654297,-0.949951172,0.004394531,4.419847328,1.625954198,16.0610687,0,0,3245.129984
1.68E+18,-1.284423828,-0.416259766,-0.145751953,4.465648855,1.519083969,17.45801527,0,0,3293.959936
1.68E+18,-1.239013672,-0.487548828,-0.142822266,4.557251908,0.770992366,19.32061069,0,0,3293.98016
1.68E+18,-1.427246094,-0.846435547,-0.10546875,3.290076336,0.809160305,20.96946565,0,0,3293.990144
1.68E+18,-1.565429688,-1.104980469,-0.100341797,1.618320611,1.106870229,23.15267176,0,0,3293.990144
1.68E+18,-1.555908203,-1.152099609,-0.118896484,0.13740458,1.221374046,25.55725191,0,0,3294.020096
1.68E+18,-1.524902344,-1.138916016,-0.119384766,-0.778625954,1.122137405,27.80916031,0,0,3338.72
1.68E+18,-1.767333984,-0.912597656,-0.093261719,-0.770992366,1.091603053,28.58015267,0,0,3338.739968
1.68E+18,-1.889892578,-0.872314453,-0.056152344,-0.015267176,1.076335878,29.35114504,0,0,3338.759936
1.68E+18,-1.958007813,-0.658691406,0.040283203,1.198473282,1.335877863,30.29770992,0,0,3338.76992
1.68E+18,-1.847900391,-0.324707031,-0.066162109,2.519083969,1.06870229,30.48854962,0,0,3386.650112
1.68E+18,-1.818359375,-0.463867188,-0.121826172,2.893129771,0.618320611,30.03816794,0,0,3386.660096
1.68E+18,-1.656738281,-0.621582031,-0.087890625,2.366412214,0.038167939,29.14503817,0,0,3386.67008
1.68E+18,-1.424560547,-0.319091797,-0.069335938,2.435114504,-0.519083969,28.16793893,0,0,3386.690048
1.68E+18,-1.382324219,0.266845703,-0.111328125,3.946564885,-0.938931298,27.28244275,0,0,3386.739968
1.68E+18,-1.509765625,0.311035156,0.032470703,5.114503817,-1.022900763,24.64885496,0,0,3436.809984
1.68E+18,-1.062988281,-0.159179688,0.212158203,2.221374046,-0.328244275,14.64122137,0,0,3436.839936
1.68E+18,1.999938965,2,0.13671875,-5.076335878,0.847328244,19.70992366,0,0,3436.839936
1.68E+18,2,1.999938965,-0.790039063,15.78625954,-0.877862595,12.27480916,0,0,3436.84992
1.68E+18,-1.520019531,0.668212891,0.179443359,7.702290076,2.06870229,-2.114503817,0,0,3436.880128
1.68E+18,-0.746337891,1.125976563,-0.155029297,0.549618321,2.946564885,-3.290076336,0,0,3500.8
1.68E+18,-0.691650391,1.113769531,-0.249023438,7.824427481,4.290076336,-7.335877863,0,0,3500.819968
1.68E+18,-0.428466797,-0.638916016,0.118652344,7.458015267,4.847328244,-9.541984733,0,0,3500.839936
1.68E+18,-0.176025391,-0.290039063,-0.063476563,4.740458015,4.625954198,-10.52671756,0,0,3500.91008
1.68E+18,-0.07421875,0.177978516,-0.456054688,7.58778626,4.007633588,-12.07633588,0,0,3500.920064
1.68E+18,-0.080078125,0.164794922,-0.219238281,8.114503817,3.030534351,-14.72519084,0,0,3500.979968
1.68E+18,-0.1015625,0.256835938,-0.196777344,7.610687023,3.877862595,-17.19083969,0,0,3557.540096
1.68E+18,-0.189208984,0.506347656,-0.318847656,8.86259542,1.358778626,-20.02290076,0,0,3557.6
1.68E+18,-0.355957031,0.492431641,-0.204833984,9.900763359,1.007633588,-21.51908397,0,0,3557.609984
1.68E+18,-0.338623047,0.312988281,-0.598632813,9.267175573,0.419847328,-26.2519084,0,0,3557.64992
1.68E+18,-0.320800781,0.241455078,-0.250732422,7.045801527,-0.404580153,-27.58015267,0,0,3557.66016
1.68E+18,-0.243652344,0.023925781,-0.207519531,5.213740458,-1.458015267,-31.6870229,0,0,3557.71008
1.68E+18,-0.191162109,-0.068847656,-0.223876953,3.13740458,-2.763358779,-33.16030534,0,0,3606.860032
1.68E+18,-0.186035156,-0.044433594,-0.235351563,1.229007634,-2.022900763,-34.58778626,0,0,3606.88
1.68E+18,-0.216796875,-0.009277344,-0.213134766,-0.450381679,-5.198473282,-35.88549618,0,0,3606.899968
1.68E+18,-0.252197266,0.035888672,-0.224609375,-1.877862595,-6.229007634,-37.06870229,0,0,3606.899968
1.68E+18,-0.334716797,0.050292969,-0.200927734,-3.015267176,-7.221374046,-38.21374046,0,0,3606.94016
1.68E+18,-0.388671875,0.052490234,-0.210693359,-3.977099237,-7.984732824,-39.19083969,0,0,3667.020032
1.68E+18,-0.423339844,0.020751953,-0.232421875,-4.801526718,-8.740458015,-39.9389313,0,0,3667.04
1.68E+18,-0.464599609,0.049316406,-0.238037109,-5.335877863,-9.534351145,-40.60305344,0,0,3667.04
1.68E+18,-0.546875,0.119384766,-0.226318359,-5.496183206,-10.22137405,-41.24427481,0,0,3667.120128
1.68E+18,-0.632324219,0.16015625,-0.194335938,-5.580152672,-10.67938931,-41.82442748,0,0,3667.130112
1.68E+18,-0.724853516,0.117919922,-0.228515625,-5.061068702,-11.47328244,-42.03816794,0,0,3667.140096
1.68E+18,-0.847900391,0.079101563,-0.200439453,-4.625954198,-11.7480916,-41.94656489,0,0,3725.850112
1.68E+18,-0.96875,0.029785156,-0.170410156,-4.312977099,-11.70992366,-41.57251908,0,0,3725.87008
1.68E+18,-1.133544922,-0.014404297,-0.145263672,-4.229007634,-11.64885496,-41.06870229,0,0,3725.910016
1.68E+18,-1.338134766,-0.098876953,-0.063720703,-4.717557252,-10.92366412,-40.12977099,0,0,3725.92
1.68E+18,-1.563232422,-0.200439453,0.007568359,-5.763358779,-9.93129771,-38.61068702,0,0,3725.929984
1.68E+18,-1.873046875,-0.405273438,0.06640625,-7.580152672,-8.396946565,-36.22137405,0,0,3725.96992
1.68E+18,2,-0.483886719,0.080810547,-9.854961832,-6.610687023,-32.77099237,0,0,3771.79008
1.68E+18,2,-0.465820313,0.121582031,-12.16030534,-4.618320611,-28.39694656,0,0,3771.810048
1.68E+18,2,-0.296386719,0.155761719,-14.32061069,-2.847328244,-23.44274809,0,0,3771.820032
1.68E+18,-1.912109375,-0.206054688,0.530761719,-17.53435115,-3.358778626,-18.94656489,0,0,3771.849984
1.68E+18,-1.994628906,0.071533203,0.085449219,-18.38167939,-3.198473282,-16.09160305,0,0,3771.88992
1.68E+18,-1.672851563,-0.223632813,-0.348632813,-18.35877863,-0.847328244,-10.99236641,0,0,3821.730048
1.68E+18,-0.678955078,0.604980469,0.153564453,-15.78625954,-2.671755725,-5.244274809,0,0,3821.740032
1.68E+18,-0.4609375,1.729980469,-0.166503906,-11.46564885,-3.801526718,-0.893129771,0,0,3821.750016
1.68E+18,-0.856445313,1.730712891,-0.162841797,-1.748091603,-4.816793893,1.93129771,0,0,3821.799936
1.68E+18,-1.185302734,0.91796875,0.380859375,1.687022901,-5.358778626,3.679389313,0,0,3890.700032
1.68E+18,-1.075927734,0.561035156,0.291992188,2.778625954,-4.984732824,6.183206107,0,0,3890.729984
1.68E+18,-1.3671875,0.506835938,0.237304688,5.824427481,-3.572519084,7.86259542,0,0,3890.739968
1.68E+18,2,-0.767578125,1.03515625,1.091603053,0.34351145,6.969465649,0,0,3890.78016
1.68E+18,-1.893798828,2,1.301025391,-6.58778626,6.061068702,12.81679389,0,0,3890.790144
1.68E+18,2,0.063720703,-0.744140625,3.557251908,10.23664122,19.09160305,0,0,3890.840064
1.68E+18,2,1.749938965,-0.319335938,12.92366412,7.183206107,22.96946565,0,0,3890.88
1.68E+18,-1.302246094,0.875488281,0.464111328,20.41221374,3.641221374,21.51145038,0,0,3951.960064
1.68E+18,-0.754882813,-0.345947266,0.079345703,18.0610687,0.610687023,21.36641221,0,0,3951.970048
1.68E+18,-0.202636719,-1.291748047,-0.454833984,15.57251908,0.442748092,18.42748092,0,0,3951.990016
1.68E+18,-1.021972656,0.140380859,-0.674072266,12.83206107,2.259541985,17.25954198,0,0,3952.009984
1.68E+18,-1.22265625,1.119873047,-0.665527344,12.93129771,3.938931298,15.4351145,0,0,3952.059904
1.68E+18,-1.427978516,1.844482422,-0.747802734,15.28244275,4.580152672,13.20610687,0,0,3952.059904
1.68E+18,-1.228759766,1.298583984,-0.56640625,16.47328244,4.213740458,11.52671756,0,0,4005.639936
1.68E+18,-0.953857422,0.064208984,-0.212158203,12.47328244,2.809160305,9.702290076,0,0,4005.64992
1.68E+18,-0.754882813,-0.616210938,-0.033691406,7.541984733,0.809160305,8.786259542,0,0,4005.680128
1.68E+18,-0.908691406,-0.537841797,-0.015380859,-0.572519084,-0.480916031,9.366412214,0,0,4005.690112
1.68E+18,-0.942871094,0.030761719,0.107177734,-4.374045802,-1.404580153,9.770992366,0,0,4005.700096
1.68E+18,-0.951416016,0.425292969,0.166015625,-6.152671756,-1.786259542,8.34351145,0,0,4005.730048
1.68E+18,-0.806396484,0.384033203,0.207763672,-6.381679389,-1.671755725,6.801526718,0,0,4054.220032
1.68E+18,-0.935546875,0.03515625,0.260498047,-4.984732824,-0.832061069,5.610687023,0,0,4054.24
1.68E+18,-1.014892578,-0.03515625,0.298095703,-3.122137405,-0.557251908,4.465648855,0,0,4054.24
1.68E+18,-0.944824219,-0.062011719,0.174316406,-1.236641221,-0.557251908,3.687022901,0,0,4054.279936
1.68E+18,-0.944091797,-0.215332031,0.15234375,0.519083969,-0.702290076,3.534351145,0,0,4054.28992
1.68E+18,-0.892578125,-0.392333984,0.091552734,1.022900763,-0.694656489,3.839694656,0,0,4099.990016
1.68E+18,-0.938476563,-0.44140625,0.021240234,1.091603053,-0.236641221,4.488549618,0,0,4100
1.68E+18,-0.984619141,-0.4453125,-0.016357422,0.702290076,0.580152672,5.335877863,0,0,4100.039936
1.68E+18,-1.015380859,-0.340820313,-0.044677734,0.229007634,1.190839695,6.267175573,0,0,4100.04992
1.68E+18,-0.925292969,-0.268310547,-0.063476563,-0.114503817,1.282442748,7,0,0,4100.080128
1.68E+18,-0.796386719,-0.319824219,0.012207031,-0.870229008,0.687022901,6.938931298,0,0,4145.019904
1.68E+18,-0.893798828,-0.335693359,0.0546875,-1,0.740458015,6.992366412,0,0,4145.040128
1.68E+18,-0.883056641,-0.271972656,0.178955078,-0.938931298,0.86259542,7.198473282,0,0,4145.050112
1.68E+18,-0.952636719,-0.030029297,0.123046875,0.045801527,1.20610687,7.335877863,0,0,4145.07008
1.68E+18,-0.930908203,-0.002197266,0.089111328,1.251908397,1.351145038,7.435114504,0,0,4192.339968
1.68E+18,-0.909912109,-0.183105469,0.034423828,1.435114504,1.473282443,7.648854962,0,0,4192.359936
1.68E+18,-0.935302734,-0.265380859,-0.037353516,1.229007634,1.671755725,8.167938931,0,0,4192.36992
1.68E+18,-0.934570313,-0.237548828,-0.062988281,0.801526718,1.809160305,8.687022901,0,0,4192.43008
1.68E+18,-0.931396484,-0.125976563,-0.123046875,0.702290076,1.885496183,8.938931298,0,0,4192.440064
1.68E+18,-0.949707031,-0.074951172,-0.1328125,0.847328244,1.961832061,9.061068702,0,0,4239.709952
1.68E+18,-0.939208984,-0.109863281,-0.157958984,0.885496183,1.984732824,9.282442748,0,0,4239.72992
1.68E+18,-0.956787109,-0.157958984,-0.131103516,0.954198473,2.022900763,9.572519084,0,0,4239.750144
1.68E+18,-0.940917969,-0.232421875,-0.104736328,0.763358779,2.007633588,10.19083969,0,0,4239.760128
1.68E+18,-0.961181641,-0.259033203,-0.078857422,0.641221374,2.061068702,11.02290076,0,0,4239.820032
1.68E+18,-0.947509766,-0.326171875,-0.006591797,0.297709924,2.236641221,12.07633588,0,0,4288.48
1.68E+18,-0.977539063,-0.373779297,0.044921875,0.259541985,2.526717557,13.32824427,0,0,4288.519936
1.68E+18,-0.961669922,-0.380371094,0.057617188,0.625954198,2.633587786,14.44274809,0,0,4288.54016
1.68E+18,-0.969482422,-0.270751953,0.054931641,1.557251908,2.687022901,15.36641221,0,0,4288.560128
1.68E+18,-0.999267578,-0.258056641,0.036621094,2.763358779,2.740458015,16.23664122,0,0,4338.919936
1.68E+18,-1.04296875,-0.316650391,-0.002197266,3.229007634,2.847328244,16.90839695,0,0,4338.92992
1.68E+18,-1.034667969,-0.260009766,-0.095214844,3.610687023,2.717557252,17.5648855,0,0,4338.970112
1.68E+18,-1.031982422,-0.064208984,-0.063232422,4.72519084,2.244274809,18.50381679,0,0,4338.980096
1.68E+18,-1.775878906,-0.261474609,0.071044922,5.908396947,3.022900763,18.58015267,0,0,4339.030016
1.68E+18,-1.384765625,-1.231201172,0.046142578,3.893129771,3.648854962,19.41984733,0,0,4396.59008
1.68E+18,-1.34765625,-0.7265625,-0.249755859,3.687022901,3.687022901,20.90076336,0,0,4396.620032
1.68E+18,-1.263671875,-0.657470703,-0.168701172,3.923664122,3.099236641,22.70992366,0,0,4396.630016
1.68E+18,-1.491455078,-0.961914063,-0.106445313,3.511450382,3.06870229,24.7480916,0,0,4396.64
1.68E+18,-1.569335938,-1.218994141,-0.088867188,1.809160305,3.312977099,26.96183206,0,0,4396.649984
1.68E+18,-1.506835938,-1.095214844,-0.097900391,0.366412214,3.496183206,29.02290076,0,0,4396.68992
1.68E+18,-1.3984375,-0.8046875,-0.067626953,-0.022900763,3.732824427,30.29770992,0,0,4444.019968
1.68E+18,-1.676025391,-0.441162109,-0.020996094,0.603053435,3.885496183,30.10687023,0,0,4444.06016
1.68E+18,-1.882080078,-0.482177734,-0.008789063,2.015267176,3.664122137,30.44274809,0,0,4444.06016
1.68E+18,-1.856933594,-0.365234375,-0.079345703,3.839694656,3.114503817,30.7480916,0,0,4444.16
1.68E+18,-1.844238281,-0.363769531,-0.208007813,4.702290076,2.122137405,30.3129771,0,0,4444.169984
1.68E+18,-1.779541016,-0.474121094,-0.119873047,4.381679389,1.435114504,29.45801527,0,0,4490.269952
1.68E+18,-1.613769531,-0.405273438,-0.019042969,4.175572519,1.435114504,28.87022901,0,0,4490.299904
1.68E+18,-1.582519531,-0.015869141,-0.001953125,4.732824427,1.839694656,28.18320611,0,0,4490.310144
1.68E+18,-1.490722656,0.612060547,0.117431641,5.145038168,1.847328244,25.67175573,0,0,4490.4
1.68E+18,-1.993408203,0.530761719,0.422363281,4.213740458,1.992366412,18.72519084,0,0,4490.409984
1.68E+18,-1.037353516,-0.098632813,0.329833984,-5.114503817,4.282442748,9.786259542,0,0,4539.869952
1.68E+18,1.248291016,1.999938965,-1.432373047,6.664122137,2.145038168,17.55725191,0,0,4539.879936
1.68E+18,-1.924560547,-1.218261719,1.429443359,2.702290076,1,-0.022900763,0,0,4539.899904
1.68E+18,-0.930664063,-1.374511719,-0.269287109,-4.145038168,3.435114504,-9.358778626,0,0,4539.920128
1.68E+18,0.204589844,-0.135742188,0.134277344,-4.72519084,2.183206107,-6.480916031,0,0,4584.740096
1.68E+18,-0.412109375,-0.285400391,-0.165283203,-2.549618321,2.160305344,-8.404580153,0,0,4584.760064
1.68E+18,-0.161132813,-0.474121094,0.041259766,-5.312977099,2.366412214,-11.09923664,0,0,4584.780032
1.68E+18,0.019287109,-0.010009766,-0.196289063,-5.572519084,2.312977099,-11.23664122,0,0,4584.790016
1.68E+18,-0.05859375,0.415771484,-0.315673828,-2.908396947,1.984732824,-12.98473282,0,0,4584.8
1.68E+18,-0.03515625,0.197509766,-0.196533203,-3.061068702,1.229007634,-15.48091603,0,0,4631.980032
1.68E+18,-0.094970703,0.508544922,-0.262451172,-2.435114504,0.893129771,-15.72519084,0,0,4632.009984
1.68E+18,-0.196044922,0.579589844,-0.203125,-0.946564885,0.625954198,-20.75572519,0,0,4632.039936
1.68E+18,-0.221679688,0.533203125,-0.163330078,-0.297709924,0.328244275,-21.70992366,0,0,4632.039936
1.68E+18,-0.205810547,0.526367188,-0.145019531,0.114503817,-0.236641221,-26.22137405,0,0,4632.04992
1.68E+18,-0.254150391,0.452148438,-0.142333984,0.511450382,-0.946564885,-28.81679389,0,0,4682.490112
1.68E+18,-0.256347656,0.268310547,-0.067382813,0.106870229,-1.511450382,-30.96183206,0,0,4682.520064
1.68E+18,-0.303955078,0.135986328,-0.027587891,-0.664122137,-1.86259542,-32.5648855,0,0,4682.530048
1.68E+18,-0.329101563,0.057861328,0.036132813,-1.755725191,-2.167938931,-33.72519084,0,0,4682.550016
1.68E+18,-0.379882813,0.050048828,0.014160156,-2.664122137,-2.305343511,-34.6870229,0,0,4682.589952
1.68E+18,-0.417724609,0.110839844,-0.018554688,-3.541984733,-2.625954198,-35.59541985,0,0,4738.67008
1.68E+18,-0.413330078,0.191650391,-0.060058594,-3.847328244,-3.122137405,-36.51145038,0,0,4738.690048
1.68E+18,-0.423828125,0.235351563,-0.08984375,-4.106870229,-4.145038168,-37.81679389,0,0,4738.710016
1.68E+18,-0.444335938,0.235351563,-0.103027344,-4.045801527,-4.580152672,-38.32824427,0,0,4738.749952
1.68E+18,-0.453369141,0.176757813,-0.097412109,-3.938931298,-5.297709924,-38.81679389,0,0,4738.749952
1.68E+18,-0.510986328,0.145263672,-0.114990234,-3.740458015,-6.175572519,-39.01526718,0,0,4738.78016
1.68E+18,-0.572753906,0.144287109,-0.143798828,-3.541984733,-7.114503817,-39.05343511,0,0,4788.68992
1.68E+18,-0.684570313,0.17578125,-0.182861328,-3.022900763,-7.893129771,-38.96946565,0,0,4788.710144
1.68E+18,-0.736572266,0.14453125,-0.177490234,-2.473282443,-8.847328244,-38.80916031,0,0,4788.730112
1.68E+18,-0.843994141,0.239257813,-0.196777344,-1.564885496,-9.603053435,-38.55725191,0,0,4788.740096
1.68E+18,-0.944335938,0.23046875,-0.182617188,0.160305344,-10.3129771,-38.48091603,0,0,4849.48992
1.68E+18,-1.118164063,0.211425781,-0.127685547,1.664122137,-10.48854962,-38.16030534,0,0,4849.50016
1.68E+18,-1.276855469,0.172607422,0.017333984,2.977099237,-10.3129771,-37.4351145,0,0,4849.50016
1.68E+18,-1.524414063,0.061035156,-0.010498047,3.93129771,-9.702290076,-36.11450382,0,0,4849.540096
1.68E+18,2,-0.013916016,0.28125,3.839694656,-7.526717557,-34.34351145,0,0,4849.560064
1.68E+18,2,-0.945556641,-0.156494141,1.198473282,-4.27480916,-26.49618321,0,0,4849.590016
1.68E+18,2,0.725585938,-0.045166016,2.816793893,-2.58778626,-19.70229008,0,0,4849.6
1.68E+18,2,0.5234375,-0.476074219,2.152671756,-0.015267176,-17.47328244,0,0,4894.24
1.68E+18,-1.198486328,0.497558594,-0.424072266,-0.58778626,-0.27480916,-12.29770992,0,0,4894.259968
1.68E+18,-1.053466797,0.451171875,-0.754638672,-0.061068702,-1.312977099,-7.282442748,0,0,4894.279936
1.68E+18,-1.579101563,-0.124023438,-0.55859375,-0.129770992,-0.740458015,-1.259541985,0,0,4894.310144
1.68E+18,2,-0.353515625,-0.343261719,-4.992366412,0.190839695,5.79389313,0,0,4943.58016
1.68E+18,2,-0.028564453,-0.078613281,-7.641221374,1.519083969,13.09923664,0,0,4943.600128
1.68E+18,-1.900634766,1.226806641,0.159667969,-7.282442748,4.251908397,18.3740458,0,0,4943.620096
1.68E+18,2,0.723876953,0.134033203,-4.351145038,7.442748092,24.24427481,0,0,4943.620096
1.68E+18,-1.984130859,0.880859375,-0.171875,-3.450381679,7.687022901,26.70229008,0,0,4943.699968
1.68E+18,-0.341308594,0.681152344,-0.140380859,2.41221374,1.572519084,23.08396947,0,0,4997.750016
1.68E+18,-0.334716797,-0.66015625,0.19140625,1.938931298,0.564885496,19,0,0,4997.80992
1.68E+18,0.013183594,-0.929931641,0.360107422,-2.030534351,0.557251908,17.00763359,0,0,4997.830144
1.68E+18,-1.598144531,0.80859375,0.123779297,3.229007634,4.099236641,17.54198473,0,0,4997.830144
1.68E+18,-1.256347656,1.999938965,-0.229003906,12.97709924,6.671755725,18.78625954,0,0,4997.840128
1.68E+18,-1.104003906,0.914550781,-0.035888672,11.13740458,5.34351145,15,0,0,5052.199936
1.68E+18,-0.785888672,-0.029052734,-0.75390625,8.160305344,4.877862595,12.44274809,0,0,5052.20992
1.68E+18,-0.853271484,-0.966552734,-0.116699219,0.290076336,3.366412214,11.94656489,0,0,5052.20992
1.68E+18,-1.034423828,0.160888672,-0.278808594,-5.320610687,2.221374046,12.18320611,0,0,5052.250112
1.68E+18,-1.023925781,1.101318359,-0.374755859,-2.93129771,1.526717557,11.05343511,0,0,5052.260096
1.68E+18,-0.77734375,0.295654297,-0.184570313,-4.694656489,0.809160305,8.809160305,0,0,5052.260096
1.68E+18,-0.986083984,0.089599609,-0.358154297,-4.183206107,0.79389313,8.145038168,0,0,5099.559936
1.68E+18,-1.028076172,-0.219970703,-0.3125,-4.717557252,0.694656489,7.992366412,0,0,5099.590144
1.68E+18,-0.942382813,-0.229248047,-0.608642578,-5.091603053,-0.198473282,8.114503817,0,0,5099.600128
1.68E+18,-0.834472656,-0.110107422,-0.353515625,-5.648854962,-1.167938931,7.34351145,0,0,5099.650048
1.68E+18,-0.955322266,-0.028320313,-0.284423828,-4.282442748,-1.633587786,7.366412214,0,0,5148.38016
1.68E+18,-0.965332031,-0.07421875,-0.256103516,-3.076335878,-1.938931298,7.381679389,0,0,5148.400128
1.68E+18,-0.920166016,-0.094726563,-0.364013672,-1.549618321,-2.145038168,7.053435115,0,0,5148.400128
1.68E+18,-0.896728516,-0.148193359,-0.316162109,-0.603053435,-2.526717557,6.801526718,0,0,5148.43008
1.68E+18,-0.953125,-0.080810547,-0.299804688,0.267175573,-2.671755725,6.870229008,0,0,5148.470016
1.68E+18,-0.957763672,-0.113525391,-0.239013672,0.648854962,-2.671755725,6.93129771,0,0,5224.43008
1.68E+18,-0.950195313,-0.232177734,-0.407470703,0.496183206,-2.86259542,6.977099237,0,0,5224.450048
1.68E+18,-0.952636719,-0.076904297,-0.06640625,0.572519084,-2.541984733,6.847328244,0,0,5224.460032
1.68E+18,-0.967773438,-0.035888672,0.01171875,0.213740458,-2.190839695,6.824427481,0,0,5224.460032
1.68E+18,-0.982177734,-0.064453125,0.065673828,-0.335877863,-1.79389313,6.770992366,0,0,5224.470016
1.68E+18,-0.986572266,-0.083251953,0.120605469,-1.160305344,-1.290076336,6.732824427,0,0,5224.48
1.68E+18,-0.975830078,-0.031494141,0.131347656,-1.740458015,-0.816793893,6.824427481,0,0,5224.509952
1.68E+18,-0.959472656,0.010253906,0.135742188,-2.27480916,-0.358778626,6.969465649,0,0,5224.560128
1.68E+18,-0.958251953,0.04296875,0.137451172,-2.312977099,0.061068702,7.038167939,0,0,5272.870144
1.68E+18,-0.958007813,0.037353516,0.101806641,-2.938931298,0.511450382,7.229007634,0,0,5272.890112
1.68E+18,-0.942871094,0.041259766,0.100585938,-3.34351145,0.893129771,7.404580153,0,0,5272.890112
1.68E+18,-0.931152344,0.075683594,0.048828125,-3.335877863,1.152671756,7.610687023,0,0,5272.900096
1.68E+18,-0.925537109,0.067871094,0.053222656,-3.030534351,1.236641221,7.755725191,0,0,5272.920064
1.68E+18,-0.889160156,0.063720703,0.030761719,-2.801526718,1.534351145,8.229007634,0,0,5319.590144
1.68E+18,-0.935791016,0.087402344,0.013183594,-2.030534351,1.572519084,8.580152672,0,0,5319.610112
1.68E+18,-0.964599609,0.01171875,0.009033203,-1.152671756,1.610687023,8.938931298,0,0,5319.63008
1.68E+18,-0.976318359,-0.114501953,0.020019531,-0.534351145,1.824427481,9.465648855,0,0,5319.640064
1.68E+18,-1.016845703,-0.175537109,0.034423828,-0.106870229,2.015267176,10.2519084,0,0,5364.260096
1.68E+18,-1.041503906,-0.253173828,0.048828125,0.198473282,2.27480916,11.19847328,0,0,5364.290048
1.68E+18,-1.164306641,-0.312988281,0.052978516,0.335877863,2.580152672,12.51145038,0,0,5364.310016
1.68E+18,-1.466064453,-0.515625,0.082763672,0.465648855,3.099236641,12.89312977,0,0,5364.310016
1.68E+18,-1.317382813,-0.754394531,0.049560547,0.213740458,3.534351145,13.83969466,0,0,5364.359936
1.68E+18,-1.287841797,-0.590332031,0.045410156,1.152671756,3.595419847,15.28244275,0,0,5416.349952
1.68E+18,-1.286621094,-0.555419922,-0.011474609,2.755725191,3.175572519,16.96183206,0,0,5416.36992
1.68E+18,-1.326171875,-0.798583984,0.039794922,3.564885496,3.076335878,18.94656489,0,0,5416.460032
1.68E+18,-1.438476563,-0.965820313,0.003173828,3.664122137,3.229007634,21.13740458,0,0,5416.560128
1.68E+18,-1.502929688,-1.050048828,-0.044433594,3.076335878,3.603053435,23.67175573,0,0,5416.59008
1.68E+18,-1.572265625,-1.181884766,-0.080078125,3.893129771,3.877862595,26.32824427,0,0,5476.219904
1.68E+18,-1.631347656,-1.263916016,-0.132568359,0.801526718,4.13740458,28.91603053,0,0,5476.240128
1.68E+18,-1.675537109,-1.061035156,-0.12890625,0.152671756,4.167938931,30.40458015,0,0,5476.250112
1.68E+18,2,-0.502685547,-0.110839844,1.244274809,3.809160305,30.58778626,0,0,5476.310016
1.68E+18,-1.989990234,-0.579101563,-0.053222656,2.511450382,3.977099237,31.03053435,0,0,5476.32
1.68E+18,-1.949951172,-0.360107422,-0.077636719,3.709923664,3.465648855,30.9389313,0,0,5476.329984
1.68E+18,-1.837158203,-0.343994141,-0.210449219,4.167938931,2.702290076,30.0610687,0,0,5520.890112
1.68E+18,-1.563964844,-0.399414063,-0.289550781,4.366412214,1.618320611,28.78625954,0,0,5520.91008
1.68E+18,-1.310302734,-0.072265625,-0.230712891,5.076335878,0.442748092,27.6870229,0,0,5520.920064
1.68E+18,-1.219482422,0.455078125,-0.276855469,7.076335878,-0.702290076,26.64122137,0,0,5520.920064
1.68E+18,-0.658691406,0.73046875,-0.035644531,7.572519084,-2.450381679,23.55725191,0,0,5520.930048
1.68E+18,-1.782958984,0.048583984,0.147705078,2.885496183,-5.839694656,14.64122137,0,0,5567.930112
1.68E+18,-1.436767578,1.829589844,-1.984375,3.885496183,5.41221374,17.75572519,0,0,5567.960064
1.68E+18,-1.230712891,1.999938965,1.179443359,6.832061069,-4.541984733,11.6259542,0,0,5567.970048
1.68E+18,-1.268554688,0.323242188,-0.235595703,-2.564885496,-0.015267176,-2.015267176,0,0,5567.980032
1.68E+18,-0.006347656,0.199462891,0.091308594,-3.916030534,-3.664122137,-3.977099237,0,0,5615.110144
1.68E+18,-0.723632813,-0.125488281,-0.312744141,-0.244274809,-2.053435115,-9.213740458,0,0,5615.130112
1.68E+18,-0.251464844,-0.848876953,0.2109375,-4.175572519,-1.992366412,-11.15267176,0,0,5615.15008
1.68E+18,-0.149658203,-0.079101563,-0.187011719,-6.374045802,-2.236641221,-11.58778626,0,0,5615.170048
1.68E+18,-0.077392578,0.593505859,-0.655273438,-1.877862595,-2.114503817,-12.74045802,0,0,5615.180032
1.68E+18,-0.129150391,0.454589844,-0.471191406,0.351145038,-2.290076336,-15.63358779,0,0,5660.029952
1.68E+18,-0.135742188,0.577148438,-0.489990234,0.290076336,-2.938931298,-18.42748092,0,0,5660.04992
1.68E+18,-0.215576172,0.731689453,-0.429199219,5.335877863,-3.442748092,-21.46564885,0,0,5660.130048
1.68E+18,-0.256591797,0.588378906,-0.341064453,7.427480916,-3.763358779,-24.58778626,0,0,5660.140032
1.68E+18,-0.213623047,0.486572266,-0.301513672,8.541984733,-4.320610687,-25.54198473,0,0,5660.150016
1.68E+18,-0.263916016,0.344970703,-0.209472656,8.709923664,-4.755725191,-30.36641221,0,0,5707.760128
1.68E+18,-0.198974609,0.189453125,-0.202880859,9.091603053,-5.366412214,-32.40458015,0,0,5707.770112
1.68E+18,-0.177734375,-0.004150391,-0.198242188,7.916030534,-5.763358779,-34.13740458,0,0,5707.770112
1.68E+18,-0.191650391,0.01171875,-0.215332031,7.106870229,-6.404580153,-35.53435115,0,0,5707.79008
1.68E+18,-0.233642578,0.109375,-0.278564453,6.41221374,-6.847328244,-36.97709924,0,0,5752.710144
1.68E+18,-0.280761719,0.1640625,-0.305175781,5.992366412,-7.480916031,-38.54961832,0,0,5752.720128
1.68E+18,-0.285400391,0.141601563,-0.318603516,5.496183206,-8.190839695,-39.96183206,0,0,5752.740096
1.68E+18,-0.300537109,0.104492188,-0.322509766,5.221374046,-8.877862595,-41.01526718,0,0,5752.740096
1.68E+18,-0.317626953,0.052001953,-0.343994141,4.908396947,-9.671755725,-41.74045802,0,0,5752.75008
1.68E+18,-0.364257813,0.030029297,-0.331542969,4.58778626,-10.47328244,-42.39694656,0,0,5801.240064
1.68E+18,-0.426269531,0.023193359,-0.311523438,4.145038168,-11.29007634,-42.88549618,0,0,5801.260032
1.68E+18,-0.515869141,-0.026611328,-0.323486328,3.610687023,-11.82442748,-44.87022901,0,0,5801.270016
1.68E+18,-0.627197266,-0.106689453,-0.336669922,2.763358779,-12.54198473,-43.04580153,0,0,5801.309952
1.68E+18,-0.790283203,-0.190917969,-0.313232422,1.58778626,-12.83969466,-42.6870229,0,0,5801.360128
1.68E+18,-0.997558594,-0.312255859,-0.237304688,-0.259541985,-12.77099237,-41.77862595,0,0,5860.349952
1.68E+18,-1.332763672,-0.412841797,-0.158691406,-3.061068702,-12.29007634,-40.29770992,0,0,5860.359936
1.68E+18,-1.742675781,-0.501953125,-0.118164063,-6.022900763,-11.51145038,-38.41221374,0,0,5860.390144
1.68E+18,2,-0.614746094,-0.061279297,-9.526717557,-10.27480916,-35.87022901,0,0,5860.400128
1.68E+18,2,-0.581298828,-0.011474609,-11.82442748,-8.786259542,-32.57251908,0,0,5860.400128
1.68E+18,2,-0.567626953,0.024658203,-17.55725191,-7.152671756,-28.3740458,0,0,5860.410112
1.68E+18,2,-0.443359375,0.064453125,-21.54961832,-6.129770992,-23.19847328,0,0,5910.03008
1.68E+18,-1.95703125,-0.232910156,0.046875,-24.67938931,-5.954198473,-17.22900763,0,0,5910.050048
1.68E+18,-1.905029297,-0.643798828,0.893066406,-29.53435115,-7.328244275,-16.09160305,0,0,5910.050048
1.68E+18,-1.590332031,-1.605712891,-0.340576172,-32.70992366,-5.312977099,-9.954198473,0,0,5910.060032
1.68E+18,-0.642333984,0.255371094,0.277832031,-30.65648855,-7.633587786,-2.427480916,0,0,5962.409984
1.68E+18,-0.525878906,1.398193359,0.023193359,-26.5648855,-8.603053435,2.213740458,0,0,5962.429952
1.68E+18,-0.813720703,1.481201172,-0.107910156,-21.34351145,-9.267175573,5,0,0,5962.439936
1.68E+18,-0.942382813,0.924804688,0.252441406,-17.88549618,-9.900763359,7.198473282,0,0,5962.44992
1.68E+18,-1.936767578,0.336425781,0.451416016,-17.19083969,-8.229007634,7.603053435,0,0,5962.46016
1.68E+18,2,0.873046875,-0.001708984,-18.19083969,-3.534351145,8.366412214,0,0,5962.46016
1.68E+18,2,0.475585938,1.187744141,-18.45801527,-1.175572519,19.25954198,0,0,6023.120128
1.68E+18,2,1.995361328,-0.27734375,-2.038167939,4.503816794,21.47328244,0,0,6023.15008
1.68E+18,-1.895996094,1.999938965,-0.429199219,9.045801527,2.282442748,22.41221374,0,0,6023.170048
1.68E+18,-0.3203125,0.353759766,0.791503906,18.38167939,-1.984732824,20.06870229,0,0,6023.170048
1.68E+18,-0.951416016,-0.290039063,0.544921875,21.21374046,-0.923664122,18.90076336,0,0,6023.24992
1.68E+18,-0.347412109,-1.067382813,0.013916016,21.01526718,0.045801527,17.89312977,0,0,6092.64
1.68E+18,-1.012451172,0.364990234,-0.313476563,21.85496183,2.458015267,16.26717557,0,0,6092.669952
1.68E+18,-1.410644531,1.768554688,-0.578613281,24.94656489,4.465648855,14.44274809,0,0,6092.679936
1.68E+18,-1.394287109,1.935302734,-0.487792969,29,5.496183206,12.67938931,0,0,6092.68992
1.68E+18,-1.1484375,0.777832031,-0.306640625,28.54198473,5.572519084,10.61832061,0,0,6092.720128
1.68E+18,-0.828369141,-0.467285156,-0.258544922,25.03816794,4.320610687,9.709923664,0,0,6092.760064
1.68E+18,-0.737304688,-1.021240234,-0.214355469,16.92366412,2.427480916,10.51145038,0,0,6092.8
1.68E+18,-0.934326172,-0.517089844,-0.208007813,6.763358779,0.099236641,11.35877863,0,0,6146.12992
1.68E+18,-0.714355469,-0.371826172,-0.042236328,-1.870229008,-2.557251908,11.35877863,0,0,6146.160128
1.68E+18,-1.072753906,0.420898438,-0.169921875,-5.427480916,-2.72519084,10.73282443,0,0,6146.200064
1.68E+18,-1.035888672,0.531982422,0.022216797,-5.832061069,-2.145038168,9.076335878,0,0,6146.220032
1.68E+18,-0.950683594,0.24609375,0.061767578,-6.389312977,-1.167938931,6.839694656,0,0,6146.230016
1.68E+18,-1.052246094,0.189208984,0.032714844,-2.992366412,-0.419847328,5.641221374,0,0,6146.259968
1.68E+18,-0.913330078,-0.280273438,0.217773438,-1.312977099,-1.038167939,5.541984733,0,0,6204.75008
1.68E+18,-0.947265625,-0.351318359,0.130126953,0.083969466,-1.427480916,6.061068702,0,0,6204.770048
1.68E+18,-0.959228516,-0.438720703,0.123779297,0.396946565,-1.41221374,6.702290076,0,0,6204.780032
1.68E+18,-1.032470703,-0.382568359,0.000976563,0.099236641,-0.603053435,7.595419847,0,0,6204.809984
1.68E+18,-0.758789063,-0.293701172,-0.083007813,-0.366412214,-0.534351145,9.748091603,0,0,6204.819968
1.68E+18,-0.837646484,-0.171142578,-0.155273438,-1.160305344,-0.778625954,7.114503817,0,0,6204.839936
1.68E+18,-0.934814453,-0.023193359,-0.012939453,1.93129771,-0.534351145,6.969465649,0,0,6251.539968
1.68E+18,-0.916259766,-0.089111328,0.098632813,-0.145038168,-0.580152672,7.030534351,0,0,6251.559936
1.68E+18,-0.970458984,-0.018798828,0.035644531,0.435114504,-0.351145038,7.198473282,0,0,6251.579904
1.68E+18,-0.896972656,-0.194580078,0.122070313,0.259541985,-0.282442748,7.27480916,0,0,6251.610112
1.68E+18,-0.922607422,-0.131347656,0.123291016,0.167938931,-0.045801527,7.564885496,0,0,6251.620096
1.68E+18,-0.946533203,-0.072998047,0.125976563,0.580152672,0.320610687,7.801526718,0,0,6297.23008
1.68E+18,-0.927001953,-0.075683594,0.08984375,0.786259542,0.664122137,7.885496183,0,0,6297.240064
1.68E+18,-0.939941406,-0.062255859,0.053955078,1.183206107,1.015267176,7.969465649,0,0,6297.260032
1.68E+18,-0.951660156,-0.032958984,0.043212891,1.419847328,1.160305344,8.114503817,0,0,6297.28
1.68E+18,-0.947021484,-0.049804688,-0.010742188,1.595419847,1.236641221,8.335877863,0,0,6341.779968
1.68E+18,-0.947265625,-0.1015625,-0.012695313,1.442748092,1.282442748,8.572519084,0,0,6341.779968
1.68E+18,-0.963867188,-0.067138672,-0.059082031,1.236641221,1.335877863,8.839694656,0,0,6341.830144
1.68E+18,-0.953125,-0.025634766,-0.093505859,1.167938931,1.381679389,9.061068702,0,0,6341.840128
1.68E+18,-0.952880859,-0.049804688,-0.127685547,1.06870229,1.419847328,9.389312977,0,0,6341.890048
1.68E+18,-0.938476563,-0.077392578,-0.134521484,0.992366412,1.41221374,9.679389313,0,0,6388.009984
1.68E+18,-0.953613281,-0.099121094,-0.133056641,0.885496183,1.358778626,10.08396947,0,0,6388.029952
1.68E+18,-0.960205078,-0.091796875,-0.116943359,0.938931298,1.297709924,10.48854962,0,0,6388.039936
1.68E+18,-0.987060547,-0.128417969,-0.092773438,0.86259542,1.358778626,11.04580153,0,0,6388.04992
1.68E+18,-1.002197266,-0.198730469,-0.061523438,0.694656489,1.419847328,11.60305344,0,0,6435.490048
1.68E+18,-1.001464844,-0.166992188,-0.036621094,0.664122137,1.435114504,12.03053435,0,0,6435.510016
1.68E+18,-1.046142578,-0.181884766,0.002685547,0.801526718,1.534351145,12.52671756,0,0,6435.529984
1.68E+18,-1.063476563,-0.173339844,0.021484375,1.20610687,1.549618321,13,0,0,6435.539968
1.68E+18,-1.333496094,0.162109375,0.134765625,2.091603053,1.954198473,12.83969466,0,0,6435.559936
1.68E+18,-1.324951172,-0.437255859,0.084716797,2.34351145,2.27480916,12.9389313,0,0,6481.71008
1.68E+18,-1.245117188,-0.296386719,-0.009033203,2.603053435,2.259541985,13.81679389,0,0,6481.720064
1.68E+18,-1.123046875,-0.253662109,-0.083984375,3.053435115,1.778625954,14.76335878,0,0,6481.740032
1.68E+18,-1.175292969,-0.290039063,-0.088378906,3.183206107,1.526717557,16.01526718,0,0,6481.750016
1.68E+18,-1.257080078,-0.472167969,-0.066162109,2.595419847,1.633587786,17.32061069,0,0,6481.799936
1.68E+18,-1.4375,-0.653808594,-0.116455078,1.633587786,1.770992366,18.75572519,0,0,6538.409984
1.68E+18,-1.384765625,-0.755126953,-0.1875,0.603053435,1.679389313,20.48854962,0,0,6538.429952
1.68E+18,-1.444580078,-0.776611328,-0.181152344,-0.129770992,1.442748092,22.09160305,0,0,6538.439936
1.68E+18,-1.633300781,-0.667236328,-0.151367188,-0.213740458,1.496183206,22.48854962,0,0,6538.480128
1.68E+18,-1.536865234,-0.575927734,-0.149902344,0.099236641,1.34351145,23.00763359,0,0,6592.420096
1.68E+18,-1.553710938,-0.199462891,-0.112548828,1.198473282,1.358778626,23.58015267,0,0,6592.440064
1.68E+18,-1.543945313,-0.156005859,-0.118896484,2.06870229,0.770992366,23.79389313,0,0,6592.450048
1.68E+18,-1.542724609,0.106933594,-0.159423828,2.893129771,0.20610687,23.52671756,0,0,6592.460032
1.68E+18,-1.433349609,0.076904297,-0.113769531,2.893129771,-0.389312977,22.91603053,0,0,6592.470016
1.68E+18,-1.243164063,0.141357422,-0.130859375,2.893129771,-0.641221374,21.87022901,0,0,6592.499968
1.68E+18,-1.01953125,0.284667969,-0.149414063,2.86259542,-0.801526718,20.52671756,0,0,6592.509952
1.68E+18,-0.940429688,0.646484375,-0.221923828,3.755725191,-0.954198473,19.73282443,0,0,6639.020032
1.68E+18,-0.927978516,0.832275391,-0.250244141,5.305343511,-1.20610687,18.19083969,0,0,6639.059968
1.68E+18,-1.402587891,1.213378906,-0.312744141,7.65648855,-0.908396947,14.12977099,0,0,6639.110144
1.68E+18,-0.762207031,0.475830078,-0.138183594,1.610687023,-1.900763359,7.648854962,0,0,6639.120128
1.68E+18,1.594238281,-1.830810547,0.580078125,-6.213740458,-0.06870229,8.267175573,0,0,6701.200128
1.68E+18,-1.541992188,1.999938965,-1.099365234,7.541984733,-1.129770992,7.72519084,0,0,6701.220096
1.68E+18,-1.240722656,0.770751953,0.145507813,0.305343511,0.480916031,-3.312977099,0,0,6701.240064
1.68E+18,-0.686767578,0.373291016,-0.22265625,-7.297709924,2.160305344,-5.251908397,0,0,6701.250048
1.68E+18,-0.542236328,0.877929688,-0.466308594,-4.114503817,3.832061069,-6.496183206,0,0,6701.28
1.68E+18,0.055664063,-0.261474609,-0.208984375,-5.045801527,3.740458015,-6.267175573,0,0,6701.360128
1.68E+18,-0.169677734,0.194091797,-0.284912109,-5.86259542,3.65648855,-8.297709924,0,0,6747.980032
1.68E+18,-0.083740234,0.47265625,-0.334472656,-4.374045802,3.557251908,-8.755725191,0,0,6748
1.68E+18,-0.010742188,0.678222656,-0.181640625,-2.679389313,2.41221374,-10.38167939,0,0,6748.029952
1.68E+18,-0.1953125,0.66796875,-0.252197266,-0.679389313,2.374045802,-13.06870229,0,0,6748.080128
1.68E+18,-0.248779297,0.641845703,-0.113037109,-0.297709924,2.229007634,-15.6259542,0,0,6748.130048
1.68E+18,-0.328125,0.686279297,-0.120849609,0.916030534,2.236641221,-18.03053435,0,0,6818.939904
1.68E+18,-0.327880859,0.6640625,-0.121337891,2.458015267,2.305343511,-20.10687023,0,0,6818.960128
1.68E+18,-0.358886719,0.581054688,-0.088867188,3.435114504,2.526717557,-21.88549618,0,0,6818.970112
1.68E+18,-0.334960938,0.518066406,-0.072509766,4.267175573,2.618320611,-23.29770992,0,0,6818.980096
1.68E+18,-0.319335938,0.395751953,-0.088134766,4.824427481,2.984732824,-24.4351145,0,0,6819.000064
1.68E+18,-0.425537109,0.759521484,-0.236816406,7.152671756,3.27480916,-26.25954198,0,0,6819.04
1.68E+18,-0.306640625,0.487548828,-0.02734375,7.511450382,2.816793893,-27.51145038,0,0,6880.669952
1.68E+18,-0.351806641,0.448974609,-0.102050781,7.305343511,2.183206107,-28.71755725,0,0,6880.679936
1.68E+18,-0.355712891,0.420166016,-0.224121094,7.908396947,1.427480916,-29.61068702,0,0,6880.760064
1.68E+18,-0.34765625,0.209716797,-0.175537109,7.297709924,0.290076336,-30.14503817,0,0,6880.790016
1.68E+18,-0.358642578,0.197753906,-0.229980469,6.175572519,-1.076335878,-30.39694656,0,0,6880.8
1.68E+18,-0.413330078,0.176757813,-0.243896484,4.847328244,-2.480916031,-30.67175573,0,0,6880.829952
1.68E+18,-0.482421875,0.063720703,-0.264404297,2.694656489,-4.053435115,-30.86259542,0,0,6880.839936
1.68E+18,-0.664794922,0.013183594,-0.351806641,0.580152672,-5.099236641,-30.96946565,0,0,6933.420032
1.68E+18,-0.727050781,-0.027099609,-0.192626953,-2.595419847,-6.770992366,-30.94656489,0,0,6933.430016
1.68E+18,-0.798583984,-0.032714844,-0.236816406,-5.152671756,-7.870229008,-30.58015267,0,0,6933.44
1.68E+18,-0.896484375,-0.041259766,-0.165039063,-7.595419847,-8.824427481,-29.96946565,0,0,6933.48992
1.68E+18,-1.025634766,0.023681641,-0.100097656,-7.938931298,-9.450381679,-29.16030534,0,0,6933.499904
1.68E+18,-1.171630859,0.062744141,-0.049804688,-11.38931298,-9.786259542,-28.34351145,0,0,6933.540096
1.68E+18,-1.265869141,0.166748047,-0.002441406,-12.16030534,-9.79389313,-27.44274809,0,0,6981.949952
1.68E+18,-1.370605469,0.225097656,0.056884766,-12.38931298,-9.236641221,-26.26717557,0,0,6981.96992
1.68E+18,-1.451660156,0.270263672,0.085205078,-11.96183206,-8.282442748,-24.80152672,0,0,6981.98016
1.68E+18,-1.566650391,0.350097656,0.127197266,-10.90076336,-6.786259542,-23.33587786,0,0,6981.990144
1.68E+18,-1.570800781,0.277099609,0.104492188,-9.801526718,-5.404580153,-22.06870229,0,0,7042.010112
1.68E+18,-1.523193359,0.141113281,0.107421875,-9.183206107,-4.480916031,-20.61832061,0,0,7042.03008
1.68E+18,-1.348144531,-0.0625,0.063476563,-8.664122137,-4.007633588,-18.81679389,0,0,7042.040064
1.68E+18,-1.302490234,0.152099609,-0.070068359,-6.312977099,-3.251908397,-15.81679389,0,0,7042.050048
1.68E+18,-1.272460938,0.159179688,0.076171875,-4.984732824,-3.122137405,-12.67938931,0,0,7042.089984
1.68E+18,-1.327392578,0.323730469,-0.044433594,-2.961832061,-2.801526718,-10.32061069,0,0,7042.089984
1.68E+18,-1.258544922,0.239013672,-0.058105469,-1.427480916,-2.969465649,-8.160305344,0,0,7042.089984
1.68E+18,-1.154541016,0.092041016,-0.049316406,-0.305343511,-3.061068702,-6.221374046,0,0,7088.900096
1.68E+18,-1.154296875,0.023193359,-0.139160156,0.969465649,-2.580152672,-4.13740458,0,0,7088.930048
1.68E+18,-1.000976563,-0.072753906,-0.165527344,2.129770992,-1.786259542,-1.580152672,0,0,7088.940032
1.68E+18,-0.882324219,0.149414063,-0.147705078,3.786259542,-1.335877863,0.740458015,0,0,7088.940032
1.68E+18,-1.518310547,-0.470947266,0.093017578,2.099236641,-0.72519084,1.885496183,0,0,7148.349952
1.68E+18,2,0.634033203,-0.4375,2.244274809,0.885496183,0.961832061,0,0,7148.38016
1.68E+18,-0.704345703,0.114013672,-0.301269531,0.061068702,0.022900763,2.091603053,0,0,7148.390144
1.68E+18,-1.388183594,0.243896484,-0.150146484,1.732824427,0.022900763,7.748091603,0,0,7148.400128
1.68E+18,-1.045166016,0.514892578,0.061767578,5.41221374,1.763358779,10.0610687,0,0,7148.450048
1.68E+18,-0.837890625,0.291992188,0.203125,7.961832061,3.045801527,7.320610687,0,0,7148.499968
1.68E+18,-1.364257813,-0.778808594,0.190673828,4.20610687,2.93129771,5.923664122,0,0,7194.619904
1.68E+18,-0.944580078,-0.363037109,-0.057128906,4.549618321,1.969465649,6.13740458,0,0,7194.650112
1.68E+18,-0.921142578,-0.438964844,-0.087402344,6.122137405,1.236641221,6.923664122,0,0,7194.67008
1.68E+18,-0.971679688,-0.588867188,0.027587891,5.488549618,0.320610687,7.190839695,0,0,7194.749952
1.68E+18,-0.797119141,-0.464355469,-0.141357422,3.954198473,-0.534351145,7.122137405,0,0,7194.78016
1.68E+18,-1.079345703,0.056152344,-0.453369141,4.702290076,-0.328244275,7.290076336,0,0,7266.310144
1.68E+18,-1.034423828,0.146972656,-0.421142578,5.259541985,-0.13740458,7.007633588,0,0,7266.330112
1.68E+18,-0.978759766,0.090820313,-0.442626953,4.290076336,-0.122137405,6.335877863,0,0,7266.330112
1.68E+18,-0.966308594,0.012939453,-0.456298828,3.396946565,-0.122137405,5.86259542,0,0,7266.390016
1.68E+18,-0.915527344,-0.135253906,-0.305908203,1.954198473,-0.610687023,5.381679389,0,0,7266.4
1.68E+18,-0.921875,-0.173339844,-0.164306641,0.030534351,-1.27480916,4.977099237,0,0,7266.439936
1.68E+18,-0.992431641,0.025634766,-0.085205078,-0.564885496,-1.572519084,4.763358779,0,0,7328.760064
1.68E+18,-0.922851563,0.016113281,0.073974609,-1.20610687,-1.900763359,4.114503817,0,0,7328.790016
1.68E+18,-0.924316406,0.070800781,0.096679688,-1.541984733,-2.038167939,3.06870229,0,0,7328.8
1.68E+18,-0.956542969,-0.000488281,0.180175781,-1.259541985,-1.770992366,2.229007634,0,0,7328.839936
1.68E+18,-0.930419922,-0.152587891,0.195068359,-1.419847328,-1.526717557,1.786259542,0,0,7328.890112
1.68E+18,-0.948242188,-0.072753906,0.188720703,-1.152671756,-1.236641221,1.435114504,0,0,7328.900096
1.68E+18,-0.906982422,-0.115234375,0.190429688,-0.885496183,-1.183206107,1.236641221,0,0,7381.520128
1.68E+18,-0.948730469,-0.238525391,0.176757813,-1.007633588,-1.122137405,1.175572519,0,0,7381.540096
1.68E+18,-0.909179688,-0.257080078,0.204833984,-2.396946565,-1.305343511,1.541984733,0,0,7381.55008
1.68E+18,-0.895507813,-0.205810547,0.145263672,-1.27480916,-0.992366412,1.152671756,0,0,7381.590016
1.68E+18,-0.946289063,-0.217041016,0.037353516,-1.129770992,-0.79389313,1.145038168,0,0,7381.6
1.68E+18,-0.955566406,-0.264160156,0.009765625,-1.022900763,-0.580152672,1.091603053,0,0,7381.629952
1.68E+18,-0.961914063,-0.235107422,-0.092285156,-0.717557252,-0.229007634,1.06870229,0,0,7381.64992
1.68E+18,-0.953369141,-0.265869141,-0.111328125,-0.419847328,0.053435115,1.083969466,0,0,7430.470144
1.68E+18,-0.937011719,-0.320068359,-0.120361328,-0.358778626,0.175572519,1.358778626,0,0,7430.490112
1.68E+18,-0.925292969,-0.323730469,-0.108398438,-0.305343511,0.221374046,1.65648855,0,0,7430.490112
1.68E+18,-0.93359375,-0.339599609,-0.071289063,-0.404580153,0.175572519,2.022900763,0,0,7430.490112
1.68E+18,-0.933837891,-0.33203125,-0.043457031,-0.534351145,0.20610687,2.34351145,0,0,7489.890048
1.68E+18,-0.937011719,-0.282470703,-0.004394531,-0.549618321,0.229007634,2.488549618,0,0,7489.910016
1.68E+18,-0.939697266,-0.234130859,0.044921875,-0.358778626,0.320610687,2.557251908,0,0,7489.92
1.68E+18,-0.952392578,-0.185058594,0.058105469,-0.022900763,0.435114504,2.603053435,0,0,7489.929984
1.68E+18,-0.940673828,-0.190185547,0.059082031,0.221374046,0.557251908,2.572519084,0,0,7489.990144
1.68E+18,-0.935302734,-0.194824219,0.062255859,0.267175573,0.664122137,2.427480916,0,0,7490.040064
1.68E+18,-0.935546875,-0.153320313,0.052978516,0.267175573,0.755725191,2.221374046,0,0,7490.050048
1.68E+18,-0.947509766,-0.093994141,0.04296875,0.320610687,0.832061069,2.083969466,0,0,7540.48
1.68E+18,-0.948730469,-0.072265625,0.016601563,0.297709924,0.900763359,1.839694656,0,0,7540.499968
1.68E+18,-0.940917969,-0.101806641,-0.012451172,0.053435115,0.893129771,1.610687023,0,0,7540.509952
1.68E+18,-0.942382813,-0.105224609,-0.025634766,-0.198473282,0.870229008,1.404580153,0,0,7540.509952
1.68E+18,-0.959228516,-0.091064453,-0.054443359,-0.34351145,0.893129771,1.152671756,0,0,7599.739904
1.68E+18,-0.950439453,-0.079101563,-0.052001953,-0.480916031,0.86259542,0.923664122,0,0,7599.750144
1.68E+18,-0.952880859,-0.107666016,-0.055419922,-0.580152672,0.854961832,0.72519084,0,0,7599.780096
1.68E+18,-0.942138672,-0.132324219,-0.079101563,-0.633587786,0.870229008,0.557251908,0,0,7599.79008
1.68E+18,-0.940429688,-0.147949219,-0.09375,-0.633587786,0.885496183,0.442748092,0,0,7599.830016
1.68E+18,-0.941894531,-0.162841797,-0.091796875,-0.580152672,0.93129771,0.366412214,0,0,7599.859968
1.68E+18,-0.943603516,-0.171630859,-0.085449219,-0.480916031,0.984732824,0.335877863,0,0,7599.879936
1.68E+18,-0.948974609,-0.169433594,-0.075439453,-0.34351145,1.007633588,0.366412214,0,0,7657.910016
1.68E+18,-0.956787109,-0.204589844,-0.062744141,-0.213740458,0.938931298,0.480916031,0,0,7657.929984
1.68E+18,-0.951416016,-0.223388672,-0.091064453,-0.122137405,0.816793893,0.603053435,0,0,7657.929984
1.68E+18,-0.946289063,-0.236083984,-0.084472656,-0.106870229,0.664122137,0.709923664,0,0,7657.939968
1.68E+18,-0.961669922,-0.223632813,-0.090332031,-0.045801527,0.564885496,0.809160305,0,0,7708.740096
1.68E+18,-0.952148438,-0.197265625,-0.105224609,0.038167939,0.419847328,0.900763359,0,0,7708.760064
1.68E+18,-0.943115234,-0.178466797,-0.111816406,0.083969466,0.351145038,0.885496183,0,0,7708.770048
1.68E+18,-0.94140625,-0.181152344,-0.122070313,0.030534351,0.320610687,0.877862595,0,0,7708.8
1.68E+18,-0.944091797,-0.157226563,-0.117431641,-0.045801527,0.34351145,0.847328244,0,0,7708.8
1.68E+18,-0.952880859,-0.1484375,-0.101806641,-0.13740458,0.41221374,0.801526718,0,0,7708.829952
1.68E+18,-0.963378906,-0.15625,-0.0546875,-0.190839695,0.435114504,0.86259542,0,0,7756.310016
1.68E+18,-0.970214844,-0.153076172,-0.052246094,-0.167938931,0.450381679,0.877862595,0,0,7756.410112
1.68E+18,-0.957519531,-0.145996094,-0.045898438,-0.152671756,0.435114504,0.86259542,0,0,7756.43008
1.68E+18,-0.948242188,-0.123535156,-0.054931641,-0.129770992,0.335877863,0.79389313,0,0,7756.450048
1.68E+18,-0.943359375,-0.1171875,-0.056396484,-0.053435115,0.335877863,0.65648855,0,0,7756.460032
1.68E+18,-0.937988281,-0.134521484,-0.067626953,-0.122137405,0.351145038,0.503816794,0,0,7803.079936
1.68E+18,-0.940429688,-0.125732422,-0.080810547,-0.145038168,0.404580153,0.374045802,0,0,7803.08992
1.68E+18,-0.938476563,-0.134765625,-0.082275391,-0.175572519,0.358778626,0.259541985,0,0,7803.110144
1.68E+18,-0.923095703,-0.128173828,-0.089111328,-0.152671756,0.34351145,0.129770992,0,0,7803.120128
1.68E+18,-0.938964844,-0.131347656,-0.091308594,-0.27480916,0.320610687,0.061068702,0,0,7803.180032
1.68E+18,-0.947509766,-0.147460938,-0.089599609,-0.282442748,0.282442748,0.061068702,0,0,7850.56
1.68E+18,-0.944091797,-0.15625,-0.089355469,-0.328244275,0.282442748,0.061068702,0,0,7850.569984
1.68E+18,-0.948242188,-0.175048828,-0.092285156,-0.427480916,0.305343511,0.030534351,0,0,7850.619904
1.68E+18,-0.947753906,-0.155029297,-0.085449219,-0.404580153,0.305343511,0.061068702,0,0,7850.619904
1.68E+18,-0.949462891,-0.163818359,-0.094726563,-0.320610687,0.335877863,0.061068702,0,0,7850.680064
1.68E+18,-0.944335938,-0.168945313,-0.083007813,-0.27480916,0.335877863,0.076335878,0,0,7910.390016
1.68E+18,-0.942382813,-0.18359375,-0.076904297,-0.244274809,0.328244275,0.091603053,0,0,7910.409984
1.68E+18,-0.942871094,-0.173095703,-0.083984375,-0.190839695,0.297709924,0.122137405,0,0,7910.429952
1.68E+18,-0.951660156,-0.164550781,-0.076416016,-0.160305344,0.259541985,0.160305344,0,0,7910.439936
1.68E+18,-0.946533203,-0.158447266,-0.077148438,-0.129770992,0.267175573,0.183206107,0,0,7910.51008
1.68E+18,-0.946289063,-0.161132813,-0.080810547,-0.152671756,0.244274809,0.190839695,0,0,7956.140032
1.68E+18,-0.950683594,-0.182128906,-0.089355469,-0.236641221,0.229007634,0.122137405,0,0,7956.16
1.68E+18,-0.940185547,-0.136474609,-0.076171875,-0.167938931,0.198473282,0.06870229,0,0,7956.169984
1.68E+18,-0.944824219,-0.107666016,-0.090576172,-0.122137405,0.236641221,-0.022900763,0,0,7956.189952
1.68E+18,-0.943847656,-0.114746094,-0.101806641,-0.106870229,0.244274809,-0.13740458,0,0,7956.199936
1.68E+18,-0.938964844,-0.116210938,-0.106445313,-0.175572519,0.259541985,-0.198473282,0,0,8007.079936
1.68E+18,-0.944335938,-0.138916016,-0.109375,-0.251908397,0.297709924,-0.244274809,0,0,8007.099904
1.68E+18,-0.947753906,-0.153564453,-0.103759766,-0.259541985,0.27480916,-0.259541985,0,0,8007.120128
1.68E+18,-0.944091797,-0.145263672,-0.108642578,-0.244274809,0.190839695,-0.267175573,0,0,8007.140096
1.68E+18,-0.947998047,-0.157470703,-0.094482422,-0.229007634,0.190839695,-0.27480916,0,0,8007.160064
1.68E+18,-0.947265625,-0.169677734,-0.093261719,-0.229007634,0.198473282,-0.251908397,0,0,8056.780032
1.68E+18,-0.951904297,-0.183349609,-0.100830078,-0.190839695,0.175572519,-0.198473282,0,0,8056.790016
1.68E+18,-0.950927734,-0.183105469,-0.109375,-0.13740458,0.152671756,-0.122137405,0,0,8056.8
1.68E+18,-0.946289063,-0.189208984,-0.099121094,-0.099236641,0.175572519,-0.083969466,0,0,8056.8
1.68E+18,-0.955078125,-0.178710938,-0.096435547,-0.083969466,0.129770992,0.007633588,0,0,8056.809984
1.68E+18,-0.954589844,-0.168701172,-0.105957031,-0.045801527,0.076335878,0.007633588,0,0,8117.939968
1.68E+18,-0.951416016,-0.142089844,-0.093994141,-0.007633588,0.06870229,0.022900763,0,0,8117.96992
1.68E+18,-0.956298828,-0.160644531,-0.0859375,-0.061068702,0.053435115,0.038167939,0,0,8118.000128
1.68E+18,-0.950927734,-0.153076172,-0.097167969,-0.114503817,0.030534351,0.038167939,0,0,8118.010112
1.68E+18,-0.944824219,-0.142333984,-0.096191406,-0.145038168,0,0,0,0,8118.020096
1.68E+18,-0.950683594,-0.1328125,-0.107910156,-0.160305344,-0.038167939,-0.038167939,0,0,8118.040064
1.68E+18,-0.953125,-0.132080078,-0.105224609,-0.145038168,-0.053435115,-0.099236641,0,0,8187.160064
1.68E+18,-0.950683594,-0.133789063,-0.115722656,-0.145038168,-0.061068702,-0.160305344,0,0,8187.190016
1.68E+18,-0.946777344,-0.143798828,-0.117431641,-0.167938931,-0.099236641,-0.167938931,0,0,8187.219968
1.68E+18,-0.948730469,-0.150634766,-0.109130859,-0.213740458,-0.106870229,-0.198473282,0,0,8187.229952
1.68E+18,-0.948486328,-0.156005859,-0.115966797,-0.236641221,-0.122137405,-0.221374046,0,0,8187.259904
1.68E+18,-0.947265625,-0.149169922,-0.09765625,-0.27480916,-0.129770992,-0.251908397,0,0,8187.270144
1.68E+18,-0.948486328,-0.141601563,-0.100830078,-0.183206107,-0.175572519,-0.259541985,0,0,8187.300096
1.68E+18,-0.945800781,-0.149169922,-0.100341797,-0.20610687,-0.160305344,-0.290076336,0,0,8240.260096
1.68E+18,-0.9453125,-0.147705078,-0.104980469,-0.160305344,-0.167938931,-0.305343511,0,0,8240.280064
1.68E+18,-0.950195313,-0.158447266,-0.103759766,-0.167938931,-0.145038168,-0.312977099,0,0,8240.32
1.68E+18,-0.947265625,-0.152832031,-0.106201172,-0.145038168,-0.122137405,-0.351145038,0,0,8240.339968
1.68E+18,-0.956054688,-0.150634766,-0.094970703,-0.129770992,-0.160305344,-0.358778626,0,0,8240.36992
1.68E+18,-0.948242188,-0.1484375,-0.084228516,-0.167938931,-0.167938931,-0.374045802,0,0,8240.36992
1.68E+18,-0.95703125,-0.155517578,-0.088378906,-0.167938931,-0.152671756,-0.381679389,0,0,8286.370048
1.68E+18,-0.946044922,-0.153564453,-0.086669922,-0.183206107,-0.183206107,-0.396946565,0,0,8286.380032
1.68E+18,-0.947998047,-0.147216797,-0.094238281,-0.175572519,-0.183206107,-0.396946565,0,0,8286.409984
1.68E+18,-0.946289063,-0.148925781,-0.086914063,-0.129770992,-0.183206107,-0.450381679,0,0,8286.409984
1.68E+18,-0.967285156,-0.154296875,-0.104492188,-0.106870229,-0.160305344,-0.480916031,0,0,8332.659968
1.68E+18,-0.939453125,-0.157226563,-0.098388672,-0.083969466,-0.145038168,-0.511450382,0,0,8332.68992
1.68E+18,-0.948242188,-0.153320313,-0.096923828,-0.091603053,-0.167938931,-0.526717557,0,0,8332.730112
1.68E+18,-0.947753906,-0.148681641,-0.103759766,-0.083969466,-0.198473282,-0.58778626,0,0,8332.740096
1.68E+18,-0.9453125,-0.153564453,-0.112548828,-0.076335878,-0.244274809,-0.603053435,0,0,8332.760064
1.68E+18,-0.948486328,-0.142822266,-0.112304688,-0.106870229,-0.282442748,-0.633587786,0,0,8382.76992
1.68E+18,-0.947265625,-0.159179688,-0.116699219,-0.167938931,-0.328244275,-0.625954198,0,0,8382.779904
1.68E+18,-0.938964844,-0.166259766,-0.106445313,-0.198473282,-0.358778626,-0.633587786,0,0,8382.800128
1.68E+18,-0.947753906,-0.175048828,-0.109130859,-0.213740458,-0.381679389,-0.595419847,0,0,8382.820096
1.68E+18,-0.944091797,-0.175292969,-0.099609375,-0.259541985,-0.366412214,-0.549618321,0,0,8382.840064
