%time,field.mx,field.my,field.fz,field.t
1689262743209046000,-5.0,-4.0,-23.52,62743.06801247597
1689262743209047500,-5.0,-3.0,-21.56,62743.07961463928
1689262743209067500,-4.0,-5.0,-21.56,62743.09002947807
1689262743209070500,-4.0,-5.0,-23.52,62743.10048007965
1689262743209072600,-4.0,-5.0,-23.52,62743.110921144485
1689262743209109400,-4.0,-4.0,-23.52,62743.12129020691
1689262743209112800,-5.0,-4.0,-23.52,62743.13177084923
1689262743209230500,-4.0,-3.0,-23.52,62743.14223599434
1689262743281360300,-5.0,-5.0,-23.52,62743.15271496773
1689262743281365100,-4.0,-4.0,-21.56,62743.16342878342
1689262743281368900,-4.0,-4.0,-23.52,62743.173783540726
1689262743281383400,-4.0,-5.0,-21.56,62743.18468308449
1689262743281464300,-5.0,-5.0,-23.52,62743.195075035095
1689262743281466100,-5.0,-4.0,-23.52,62743.20551729202
1689262743281467500,-5.0,-4.0,-23.52,62743.216030836105
1689262743328841600,-4.0,-3.0,-23.52,62743.22661566734
1689262743328855600,-3.0,-3.0,-21.56,62743.23712992668
1689262743328918500,-3.0,-4.0,-21.56,62743.247530937195
1689262743328928700,-4.0,-5.0,-23.52,62743.25837087631
1689262743437340400,-3.0,-4.0,-21.56,62743.26887702942
1689262743437344500,-5.0,-4.0,-23.52,62743.27952957153
1689262743437346000,-4.0,-3.0,-23.52,62743.28998923302
1689262743437359200,-4.0,-4.0,-21.56,62743.30050754547
1689262743437364600,-4.0,-4.0,-23.52,62743.3111076355
1689262743437371800,-4.0,-3.0,-23.52,62743.32151937485
1689262743506229600,-3.0,-4.0,-21.56,62743.33199477196
1689262743506349300,-4.0,-4.0,-23.52,62743.34238767624
1689262743506365600,-5.0,-4.0,-23.52,62743.35336470604
1689262743506370300,-5.0,-4.0,-23.52,62743.36377620697
1689262743506371800,-4.0,-4.0,-23.52,62743.37461781502
1689262743506382200,-4.0,-4.0,-23.52,62743.385033369064
1689262743506394400,-4.0,-3.0,-21.56,62743.39550280571
1689262743506477400,-3.0,-4.0,-21.56,62743.40603065491
1689262743506492800,-4.0,-4.0,-21.56,62743.41660809517
1689262743506511300,-4.0,-4.0,-23.52,62743.427122592926
1689262743599829200,-4.0,-4.0,-21.56,62743.43752861023
1689262743599851700,-4.0,-4.0,-23.52,62743.44795703888
1689262743599878300,-3.0,-3.0,-23.52,62743.4584312439
1689262743599881900,-4.0,-4.0,-23.52,62743.46908426285
1689262743600080100,-5.0,-5.0,-23.52,62743.47977542877
1689262743600085700,-4.0,-4.0,-23.52,62743.490245342255
1689262743600089900,-4.0,-4.0,-21.56,62743.50070810318
1689262743600094000,-4.0,-5.0,-17.64,62743.511113882065
1689262743600096200,-4.0,-5.0,-7.84,62743.52151179314
1689262743664903100,-4.0,-5.0,-9.8,62743.53193616867
1689262743664916500,-4.0,-5.0,-7.84,62743.54252576828
1689262743664918400,-4.0,-5.0,-9.8,62743.55327129364
1689262743664919800,-4.0,-4.0,-7.84,62743.56369924545
1689262743664921100,-4.0,-5.0,-9.8,62743.57550430298
1689262743664955200,-3.0,-4.0,-9.8,62743.58588433266
1689262743729857100,-4.0,-4.0,-9.8,62743.59633874893
1689262743729860300,-4.0,-5.0,-7.84,62743.60682344437
1689262743729862000,-4.0,-5.0,-9.8,62743.617284059525
1689262743729877700,-4.0,-5.0,-9.8,62743.627747774124
1689262743729879500,-4.0,-4.0,-9.8,62743.63812637329
1689262743729881000,-3.0,-4.0,-9.8,62743.64854001999
1689262743729884200,-4.0,-4.0,-7.84,62743.658990859985
1689262743798558900,-4.0,-5.0,-9.8,62743.669501543045
1689262743798564300,-4.0,-5.0,-9.8,62743.680006980896
1689262743798625800,-4.0,-4.0,-9.8,62743.6904399395
1689262743798628200,-4.0,-4.0,-9.8,62743.70103907585
1689262743798632900,-4.0,-4.0,-9.8,62743.71212100983
1689262743798647700,-4.0,-4.0,-9.8,62743.72276139259
1689262743857113300,-5.0,-5.0,-9.8,62743.733478307724
1689262743857134800,-4.0,-4.0,-9.8,62743.74435400963
1689262743857176500,-4.0,-5.0,-7.84,62743.754796266556
1689262743857180100,-4.0,-5.0,-9.8,62743.765244722366
1689262743857181600,-4.0,-5.0,-7.84,62743.77562665939
1689262743857201500,-5.0,-5.0,-9.8,62743.78603410721
1689262743935312200,-5.0,-4.0,-7.84,62743.79649448395
1689262743935323600,-4.0,-5.0,-7.84,62743.807202100754
1689262743935340300,-4.0,-5.0,-9.8,62743.817789793015
1689262743935351300,-4.0,-4.0,-7.84,62743.82836008072
1689262743935369900,-4.0,-5.0,-9.8,62743.83878850937
1689262743935378800,-4.0,-4.0,-9.8,62743.8492436409
1689262743935396600,-3.0,-4.0,-7.84,62743.859634160995
1689262743992889200,-4.0,-4.0,-9.8,62743.87052822113
1689262743992946500,-5.0,-5.0,-9.8,62743.88111495972
1689262743992975100,-4.0,-4.0,-9.8,62743.89161491394
1689262743992988300,-4.0,-5.0,-9.8,62743.902020931244
1689262743992993000,-4.0,-5.0,-9.8,62743.91252350807
1689262743993075400,-4.0,-4.0,-9.8,62743.92325806618
1689262744062532200,-5.0,-5.0,-9.8,62743.933693647385
1689262744062552200,-4.0,-4.0,-9.8,62743.94462299347
1689262744062631700,-3.0,-5.0,-7.84,62743.955045223236
1689262744062665600,-4.0,-5.0,-7.84,62743.965499162674
1689262744062670300,-4.0,-4.0,-9.8,62743.97627902031
1689262744062680500,-4.0,-4.0,-7.84,62743.9868183136
1689262744121698200,-4.0,-4.0,-9.8,62743.997276067734
1689262744121703300,-3.0,-3.0,-7.84,62744.00774526596
1689262744121705600,-3.0,-5.0,-7.84,62744.01827979088
1689262744121709600,-3.0,-3.0,-7.84,62744.02872848511
1689262744121730200,-4.0,-4.0,-9.8,62744.03944039345
1689262744121769200,-3.0,-4.0,-7.84,62744.0500292778
1689262744217930800,-4.0,-3.0,-9.8,62744.060458660126
1689262744217934700,-4.0,-5.0,-9.8,62744.07079935074
1689262744217936900,-4.0,-5.0,-9.8,62744.08128666878
1689262744218128400,-4.0,-4.0,-7.84,62744.09185671806
1689262744218130500,-4.0,-5.0,-7.84,62744.102276325226
1689262744218137300,-4.0,-5.0,-9.8,62744.11319732666
1689262744218201100,-4.0,-4.0,-9.8,62744.1235435009
1689262744218218100,-4.0,-4.0,-11.76,62744.134197711945
1689262744218229600,-4.0,-5.0,-7.84,62744.14473295212
1689262744274093000,-5.0,-5.0,-7.84,62744.155129909515
1689262744274219900,-5.0,-5.0,-9.8,62744.165543317795
1689262744274222900,-4.0,-5.0,-7.84,62744.176015377045
1689262744274226100,-4.0,-5.0,-9.8,62744.186455488205
1689262744274227500,-4.0,-4.0,-7.84,62744.19713759422
1689262744274257600,-4.0,-4.0,-9.8,62744.2075419426
1689262744381766400,-4.0,-4.0,-9.8,62744.217960596085
1689262744381797800,-4.0,-4.0,-9.8,62744.22871136665
1689262744381831000,-4.0,-4.0,-9.8,62744.23936343193
1689262744381859100,-4.0,-4.0,-7.84,62744.24979329109
1689262744381866100,-4.0,-4.0,-9.8,62744.26028037071
1689262744382059100,-3.0,-4.0,-7.84,62744.27072310448
1689262744382065700,-4.0,-4.0,-7.84,62744.28113627434
1689262744382068400,-4.0,-4.0,-9.8,62744.29269385338
1689262744382358600,-4.0,-5.0,-7.84,62744.30336666107
1689262744382373100,-5.0,-4.0,-9.8,62744.313782930374
1689262744445400200,-4.0,-4.0,-9.8,62744.324629068375
1689262744445412000,-4.0,-4.0,-7.84,62744.33529090881
1689262744445415500,-4.0,-5.0,-9.8,62744.345745801926
1689262744445416900,-4.0,-4.0,-13.719999999999999,62744.35613155365
1689262744445419800,-4.0,-4.0,-23.52,62744.36654162407
1689262744445461900,-3.0,-4.0,-21.56,62744.37703704834
1689262744549497800,-4.0,-4.0,-23.52,62744.38748574257
1689262744549501000,-5.0,-4.0,-23.52,62744.398087739944
1689262744549503500,-4.0,-3.0,-21.56,62744.40878748894
1689262744549520300,-5.0,-4.0,-21.56,62744.41934466362
1689262744549524300,-4.0,-4.0,-23.52,62744.42979097366
1689262744549536300,-4.0,-4.0,-23.52,62744.44053244591
1689262744549540300,-5.0,-4.0,-23.52,62744.45100188255
1689262744549554100,-4.0,-4.0,-21.56,62744.46139240265
1689262744549562900,-3.0,-4.0,-21.56,62744.472054481506
1689262744549570900,-4.0,-4.0,-21.56,62744.482535123825
1689262744613092400,-5.0,-4.0,-23.52,62744.493183135986
1689262744613112700,-4.0,-4.0,-23.52,62744.50355863571
1689262744613119100,-3.0,-4.0,-21.56,62744.51405262947
1689262744613128100,-4.0,-4.0,-21.56,62744.52456617355
1689262744613134200,-4.0,-4.0,-23.52,62744.53627514839
1689262744613143900,-4.0,-4.0,-21.56,62744.54712986946
1689262744701362500,-4.0,-4.0,-21.56,62744.55753493309
1689262744701376900,-4.0,-4.0,-21.56,62744.56796503067
1689262744701389200,-4.0,-4.0,-21.56,62744.57851719856
1689262744701394000,-3.0,-4.0,-21.56,62744.58921790123
1689262744701398700,-4.0,-4.0,-23.52,62744.600009441376
1689262744701402600,-4.0,-4.0,-21.56,62744.61039161682
1689262744701406900,-4.0,-4.0,-21.56,62744.62079644203
1689262744701438100,-4.0,-4.0,-23.52,62744.631252765656
1689262744752902900,-4.0,-3.0,-23.52,62744.641869306564
1689262744752910600,-4.0,-4.0,-21.56,62744.652359724045
1689262744752917200,-4.0,-4.0,-23.52,62744.663284778595
1689262744752923000,-4.0,-4.0,-21.56,62744.67370510101
1689262744752928300,-3.0,-4.0,-21.56,62744.684634685516
1689262744833141600,-4.0,-4.0,-23.52,62744.695486307144
1689262744833195400,-3.0,-4.0,-21.56,62744.7058839798
1689262744833212200,-4.0,-4.0,-23.52,62744.7165453434
1689262744833215800,-3.0,-4.0,-21.56,62744.72720336914
1689262744833217600,-4.0,-5.0,-21.56,62744.73779463768
1689262744833221600,-4.0,-4.0,-21.56,62744.74824285507
1689262744833223100,-5.0,-5.0,-23.52,62744.75876736641
1689262744889107400,-5.0,-4.0,-23.52,62744.769288778305
1689262744889167600,-4.0,-4.0,-23.52,62744.77970814705
1689262744889172500,-4.0,-5.0,-23.52,62744.790508031845
1689262744889205700,-4.0,-4.0,-23.52,62744.80088233948
1689262744889236200,-4.0,-4.0,-21.56,62744.81153655052
1689262744889255400,-5.0,-4.0,-23.52,62744.82203364372
1689262744986305100,-5.0,-4.0,-23.52,62744.833250284195
1689262744986307900,-4.0,-4.0,-21.56,62744.84364056587
1689262744986309400,-4.0,-4.0,-23.52,62744.85455107689
1689262744986311300,-4.0,-4.0,-21.56,62744.86503076553
1689262745053016000,-3.0,-4.0,-23.52,62744.87563943863
1689262745053045400,-4.0,-4.0,-23.52,62744.88629245758
1689262745053055500,-4.0,-4.0,-23.52,62744.896829366684
1689262745053059300,-4.0,-4.0,-21.56,62744.907289505005
1689262745053064400,-4.0,-4.0,-23.52,62744.91774940491
1689262745053092300,-4.0,-4.0,-21.56,62744.9285030365
1689262745053103400,-3.0,-4.0,-23.52,62744.93893933296
1689262745053159400,-4.0,-4.0,-23.52,62744.9492995739
1689262745053172600,-5.0,-4.0,-23.52,62744.95976305008
1689262745053176100,-4.0,-4.0,-21.56,62744.97035861015
1689262745053183600,-4.0,-4.0,-21.56,62744.98078131676
1689262745157063800,-4.0,-3.0,-21.56,62744.991533756256
1689262745157074800,-5.0,-4.0,-23.52,62745.00199484825
1689262745157076500,-4.0,-3.0,-23.52,62745.01239967346
1689262745157093200,-3.0,-4.0,-21.56,62745.02353191376
1689262745157101100,-5.0,-4.0,-23.52,62745.03463625908
1689262745157107300,-4.0,-4.0,-23.52,62745.04520249367
1689262745157112600,-4.0,-4.0,-21.56,62745.05580711365
1689262745157118100,-4.0,-5.0,-23.52,62745.066375017166
1689262745157128100,-4.0,-4.0,-23.52,62745.076828718185
1689262745157136300,-4.0,-3.0,-21.56,62745.08727121353
1689262745221264900,-4.0,-4.0,-23.52,62745.09769773483
1689262745221305000,-4.0,-4.0,-21.56,62745.108342170715
1689262745221308600,-4.0,-4.0,-23.52,62745.118793964386
1689262745221331200,-3.0,-4.0,-23.52,62745.12925744057
1689262745221351000,-4.0,-4.0,-23.52,62745.13974714279
1689262745221389300,-4.0,-4.0,-21.56,62745.15014529228
1689262745280941200,-4.0,-4.0,-23.52,62745.16062951088
1689262745280942600,-4.0,-4.0,-23.52,62745.17138147354
1689262745280985000,-4.0,-3.0,-21.56,62745.181794166565
1689262745281016300,-5.0,-4.0,-23.52,62745.192489147186
1689262745281021300,-4.0,-4.0,-23.52,62745.20300769806
1689262745281028300,-4.0,-4.0,-23.52,62745.21421742439
1689262745345027100,-4.0,-4.0,-23.52,62745.22505426407
1689262745345037100,-4.0,-3.0,-21.56,62745.23557281494
1689262745345040500,-5.0,-4.0,-23.52,62745.24605846405
1689262745345042900,-4.0,-5.0,-21.56,62745.25650310516
1689262745345083800,-4.0,-3.0,-21.56,62745.26748037338
1689262745345085400,-4.0,-4.0,-23.52,62745.27787256241
1689262745445519500,-4.0,-4.0,-21.56,62745.288299798965
1689262745445587900,-5.0,-5.0,-23.52,62745.29887795448
1689262745445591100,-5.0,-5.0,-23.52,62745.3093996048
1689262745445611000,-4.0,-4.0,-23.52,62745.31981420517
1689262745445619200,-3.0,-4.0,-21.56,62745.33074235916
1689262745445624000,-4.0,-4.0,-21.56,62745.3413105011
1689262745445634000,-5.0,-4.0,-23.52,62745.351734638214
1689262745445637900,-5.0,-4.0,-21.56,62745.36250925064
1689262745445639500,-4.0,-4.0,-21.56,62745.373475551605
1689262745505161300,-4.0,-5.0,-23.52,62745.38412809372
1689262745505163600,-4.0,-4.0,-23.52,62745.39488315582
1689262745505165000,-3.0,-4.0,-21.56,62745.405303001404
1689262745505166400,-4.0,-4.0,-23.52,62745.41578745842
1689262745505179400,-4.0,-4.0,-21.56,62745.42647242546
1689262745505191600,-4.0,-4.0,-21.56,62745.4368994236
1689262745609460700,-4.0,-4.0,-23.52,62745.447544813156
1689262745609469300,-4.0,-3.0,-21.56,62745.45801138878
1689262745609471100,-4.0,-4.0,-23.52,62745.468395233154
1689262745609476200,-4.0,-4.0,-21.56,62745.47880792618
1689262745609573700,-4.0,-4.0,-23.52,62745.489258527756
1689262745609592800,-5.0,-5.0,-23.52,62745.49964952469
1689262745609606500,-5.0,-4.0,-23.52,62745.51019644737
1689262745609661400,-4.0,-4.0,-21.56,62745.520612716675
1689262745609665500,-4.0,-5.0,-23.52,62745.531036138535
1689262745609667100,-5.0,-5.0,-23.52,62745.541465997696
1689262745669342200,-5.0,-5.0,-21.56,62745.551813840866
1689262745669343900,-5.0,-5.0,-23.52,62745.562271595
1689262745669453900,-4.0,-4.0,-21.56,62745.574275016785
1689262745669475800,-5.0,-5.0,-21.56,62745.58495616913
1689262745669546900,-4.0,-4.0,-23.52,62745.595537662506
1689262745669624900,-4.0,-4.0,-21.56,62745.606142520905
1689262745773170800,-5.0,-4.0,-21.56,62745.61673641205
1689262745773176600,-4.0,-4.0,-21.56,62745.62732243538
1689262745773179600,-4.0,-4.0,-21.56,62745.637773513794
1689262745773184400,-4.0,-5.0,-21.56,62745.6482155323
1689262745773192200,-4.0,-4.0,-21.56,62745.65889310837
1689262745773238800,-4.0,-4.0,-23.52,62745.66935133934
1689262745773270700,-4.0,-4.0,-21.56,62745.67977499962
1689262745773281000,-5.0,-4.0,-23.52,62745.69059729576
1689262745773325100,-4.0,-4.0,-21.56,62745.701288461685
1689262745824890700,-4.0,-4.0,-21.56,62745.71171665192
1689262745824899300,-4.0,-4.0,-23.52,62745.72203350067
1689262745824941800,-4.0,-4.0,-23.52,62745.73252224922
1689262745825093000,-3.0,-4.0,-21.56,62745.743478536606
1689262745825132800,-3.0,-4.0,-21.56,62745.754382133484
1689262745885187500,-5.0,-5.0,-23.52,62745.764899492264
1689262745885243100,-4.0,-4.0,-21.56,62745.77556371689
1689262745885262100,-5.0,-4.0,-23.52,62745.78603076935
1689262745885271600,-4.0,-4.0,-23.52,62745.79647350311
1689262745885275000,-5.0,-4.0,-23.52,62745.80697989464
1689262745885279900,-4.0,-4.0,-21.56,62745.817392110825
1689262745948880700,-4.0,-3.0,-23.52,62745.828114032745
1689262745948884000,-5.0,-5.0,-23.52,62745.83856296539
1689262745948989500,-5.0,-5.0,-23.52,62745.84903669357
1689262745949070400,-5.0,-5.0,-23.52,62745.85948705673
1689262745949117100,-5.0,-4.0,-23.52,62745.87012887001
1689262745949119300,-4.0,-4.0,-21.56,62745.88088083267
1689262746058164100,-5.0,-4.0,-23.52,62745.8915412426
1689262746058211600,-4.0,-4.0,-21.56,62745.90201210976
1689262746058237100,-5.0,-5.0,-23.52,62745.912539958954
1689262746058242500,-5.0,-4.0,-23.52,62745.92327237129
1689262746058243900,-4.0,-4.0,-21.56,62745.934388160706
1689262746058258500,-5.0,-4.0,-23.52,62745.94488406181
1689262746058264700,-4.0,-4.0,-23.52,62745.9555580616
1689262746058273100,-4.0,-4.0,-23.52,62745.96630644798
1689262746058280800,-5.0,-5.0,-23.52,62745.97683644295
1689262746058396600,-5.0,-4.0,-23.52,62745.98728513718
1689262746117053400,-5.0,-3.0,-21.56,62745.99811172485
1689262746117060000,-5.0,-3.0,-21.56,62746.00898909569
1689262746117062300,-4.0,-4.0,-21.56,62746.01948094368
1689262746117068300,-5.0,-5.0,-23.52,62746.030260801315
1689262746117086500,-5.0,-4.0,-25.48,62746.04133558273
1689262746117163900,-4.0,-4.0,-17.64,62746.05178427696
1689262746225819500,-4.0,-4.0,-9.8,62746.062148332596
1689262746225825800,-5.0,-4.0,-7.84,62746.07255220413
1689262746225833400,-4.0,-5.0,-7.84,62746.08329629898
1689262746225837400,-4.0,-5.0,-7.84,62746.09376788139
1689262746225897800,-5.0,-4.0,-7.84,62746.10421562195
1689262746225901900,-4.0,-4.0,-7.84,62746.114727020264
1689262746225903400,-5.0,-4.0,-7.84,62746.12521839142
1689262746225906200,-5.0,-5.0,-7.84,62746.135640621185
1689262746225909200,-4.0,-5.0,-9.8,62746.14622116089
1689262746289106600,-4.0,-4.0,-7.84,62746.156749248505
1689262746289109300,-5.0,-4.0,-9.8,62746.167217731476
1689262746289139900,-5.0,-3.0,-7.84,62746.177642822266
1689262746289143000,-3.0,-4.0,-7.84,62746.18813896179
1689262746289195700,-5.0,-4.0,-7.84,62746.199014902115
1689262746289202800,-5.0,-4.0,-9.8,62746.20945286751
1689262746289205500,-5.0,-4.0,-9.8,62746.21986961365
1689262746353143200,-3.0,-3.0,-9.8,62746.230294942856
1689262746353160300,-5.0,-4.0,-7.84,62746.24073767662
1689262746353187500,-3.0,-4.0,-7.84,62746.25113725662
1689262746353209800,-5.0,-4.0,-9.8,62746.26156926155
1689262746353222900,-4.0,-3.0,-7.84,62746.27201962471
1689262746353224600,-5.0,-4.0,-9.8,62746.2825191021
1689262746417423000,-4.0,-4.0,-7.84,62746.29326438904
1689262746417424600,-5.0,-4.0,-9.8,62746.303752183914
1689262746417529100,-5.0,-4.0,-9.8,62746.31412816048
1689262746417559400,-5.0,-4.0,-7.84,62746.324870586395
1689262746417581500,-5.0,-5.0,-7.84,62746.3355717659
1689262746417583100,-5.0,-4.0,-9.8,62746.34604859352
1689262746517705200,-4.0,-4.0,-7.84,62746.35655474663
1689262746517706800,-5.0,-4.0,-9.8,62746.36738228798
1689262746517711100,-4.0,-3.0,-7.84,62746.37781262398
1689262746517753300,-4.0,-4.0,-7.84,62746.388311862946
1689262746517755200,-5.0,-5.0,-9.8,62746.39903354645
1689262746517756500,-4.0,-4.0,-7.84,62746.40961790085
1689262746517775800,-4.0,-4.0,-9.8,62746.420063734055
1689262746517780800,-5.0,-4.0,-9.8,62746.43050408363
1689262746517788600,-5.0,-3.0,-7.84,62746.4409031868
1689262746569649700,-5.0,-4.0,-7.84,62746.45228648186
1689262746569673500,-4.0,-4.0,-7.84,62746.46283531189
1689262746569697000,-4.0,-4.0,-9.8,62746.47328901291
1689262746569706700,-5.0,-5.0,-9.8,62746.48376059532
1689262746569822400,-5.0,-4.0,-9.8,62746.49432969093
1689262746569835800,-5.0,-4.0,-7.84,62746.50479364395
1689262746661055100,-4.0,-4.0,-7.84,62746.51522254944
1689262746661075000,-5.0,-4.0,-9.8,62746.52598452568
1689262746661094600,-4.0,-4.0,-7.84,62746.53674244881
1689262746661108100,-5.0,-4.0,-9.8,62746.547234773636
1689262746661110600,-5.0,-3.0,-9.8,62746.55763173103
1689262746661132700,-5.0,-4.0,-9.8,62746.56831049919
1689262746661134200,-5.0,-3.0,-9.8,62746.57877969742
1689262746661193700,-4.0,-4.0,-7.84,62746.58947849274
1689262746737299100,-5.0,-4.0,-9.8,62746.60005950928
1689262746737301000,-4.0,-3.0,-7.84,62746.61075735092
1689262746737306600,-4.0,-4.0,-7.84,62746.621156692505
1689262746737308500,-5.0,-4.0,-9.8,62746.631559848785
1689262746737312400,-4.0,-4.0,-7.84,62746.64202785492
1689262746737314300,-4.0,-4.0,-9.8,62746.652502536774
1689262746737319000,-5.0,-4.0,-7.84,62746.6632437706
1689262746737442400,-5.0,-4.0,-7.84,62746.67379617691
1689262746784867400,-4.0,-4.0,-7.84,62746.684227228165
1689262746784880800,-5.0,-4.0,-9.8,62746.695516586304
1689262746784908500,-5.0,-4.0,-9.8,62746.70595240593
1689262746784913100,-4.0,-4.0,-7.84,62746.71677160263
1689262746849474800,-4.0,-3.0,-7.84,62746.72724890709
1689262746849478800,-5.0,-4.0,-9.8,62746.73764228821
1689262746849482500,-5.0,-4.0,-9.8,62746.74813055992
1689262746849654600,-4.0,-4.0,-9.8,62746.758538246155
1689262746849664300,-5.0,-4.0,-7.84,62746.76896357536
1689262746849730000,-4.0,-4.0,-7.84,62746.779306173325
1689262746908972900,-5.0,-4.0,-9.8,62746.7897708416
1689262746908983600,-5.0,-4.0,-7.84,62746.80098319054
1689262746909042000,-5.0,-4.0,-9.8,62746.81147527695
1689262746909045500,-5.0,-4.0,-9.8,62746.82188916206
1689262746909087800,-4.0,-4.0,-7.84,62746.832521915436
1689262746909094500,-5.0,-4.0,-9.8,62746.84351491928
1689262746972980100,-5.0,-3.0,-9.8,62746.85396361351
1689262746972983000,-4.0,-4.0,-7.84,62746.86456298828
1689262746972984600,-5.0,-4.0,-9.8,62746.875037670135
1689262746973059000,-5.0,-4.0,-9.8,62746.88541293144
1689262746973066900,-5.0,-3.0,-9.8,62746.895823955536
1689262746973069400,-5.0,-4.0,-9.8,62746.90630340576
1689262747033556000,-5.0,-4.0,-9.8,62746.916788339615
1689262747033593000,-5.0,-4.0,-9.8,62746.92724227905
1689262747033618200,-5.0,-3.0,-7.84,62746.93851900101
1689262747033620300,-4.0,-4.0,-7.84,62746.94904541969
1689262747033787100,-5.0,-4.0,-9.8,62746.95947098732
1689262747093236000,-5.0,-3.0,-7.84,62746.969809770584
1689262747093238100,-5.0,-5.0,-9.8,62746.98026537895
1689262747093270500,-5.0,-4.0,-7.84,62746.99104952812
1689262747093281000,-4.0,-5.0,-7.84,62747.001824855804
1689262747093294000,-5.0,-4.0,-9.8,62747.012400627136
1689262747093299800,-4.0,-4.0,-9.8,62747.02299261093
1689262747153076700,-5.0,-4.0,-9.8,62747.033645153046
1689262747153108400,-5.0,-4.0,-9.8,62747.04414486885
1689262747153128600,-5.0,-4.0,-9.8,62747.05482649803
1689262747153145800,-5.0,-3.0,-9.8,62747.06531524658
1689262747153176400,-5.0,-4.0,-7.84,62747.07606339455
1689262747153229800,-5.0,-4.0,-9.8,62747.08650684357
1689262747213146500,-5.0,-4.0,-9.8,62747.097012758255
1689262747213195300,-5.0,-4.0,-9.8,62747.1074616909
1689262747213205400,-5.0,-4.0,-9.8,62747.11779356003
1689262747213213100,-5.0,-4.0,-9.8,62747.12821483612
1689262747213216400,-4.0,-4.0,-9.8,62747.13856458664
1689262747213233600,-5.0,-4.0,-9.8,62747.14897418022
1689262747281478700,-5.0,-4.0,-9.8,62747.159544467926
1689262747281491200,-4.0,-5.0,-9.8,62747.16992306709
1689262747281494100,-5.0,-4.0,-9.8,62747.1803355217
1689262747281496700,-5.0,-4.0,-9.8,62747.19078207016
1689262747281500700,-5.0,-3.0,-7.84,62747.20123386383
1689262747281591600,-4.0,-4.0,-9.8,62747.21202301979
1689262747363617700,-5.0,-5.0,-9.8,62747.222494363785
1689262747363639100,-4.0,-4.0,-7.84,62747.23328256607
1689262747363708000,-5.0,-5.0,-7.84,62747.24376296997
1689262747363713000,-5.0,-4.0,-9.8,62747.254383802414
1689262747363715000,-4.0,-4.0,-9.8,62747.26507115364
1689262747425296400,-4.0,-3.0,-9.8,62747.27556204796
1689262747425350100,-5.0,-4.0,-7.84,62747.286019325256
1689262747425351500,-4.0,-3.0,-9.8,62747.29647350311
1689262747425353000,-4.0,-4.0,-9.8,62747.30698800087
1689262747425365800,-5.0,-3.0,-9.8,62747.3173930645
1689262747425395400,-4.0,-3.0,-7.84,62747.328760147095
1689262747425398600,-5.0,-4.0,-9.8,62747.33930873871
1689262747425400000,-4.0,-3.0,-7.84,62747.34973549843
1689262747425404200,-4.0,-4.0,-7.84,62747.36033177376
1689262747481334500,-5.0,-4.0,-9.8,62747.37098360062
1689262747481336100,-5.0,-4.0,-9.8,62747.381715774536
1689262747481366400,-5.0,-4.0,-9.8,62747.3927359581
1689262747481368800,-4.0,-4.0,-9.8,62747.40373277664
1689262747481442700,-5.0,-5.0,-9.8,62747.41450691223
1689262747577034300,-4.0,-4.0,-7.84,62747.42490029335
1689262747577037100,-5.0,-4.0,-9.8,62747.43531727791
1689262747577038800,-5.0,-4.0,-7.84,62747.44577860832
1689262747577040200,-4.0,-4.0,-7.84,62747.456168174744
1689262747577146600,-5.0,-4.0,-9.8,62747.466571331024
1689262747577157000,-5.0,-4.0,-9.8,62747.47714948654
1689262747577161100,-5.0,-4.0,-9.8,62747.487634420395
1689262747577166000,-5.0,-3.0,-7.84,62747.498059272766
1689262747577206700,-5.0,-4.0,-9.8,62747.50853037834
1689262747637177800,-5.0,-4.0,-9.8,62747.51896929741
1689262747637201700,-5.0,-4.0,-9.8,62747.5297203064
1689262747637210900,-4.0,-4.0,-9.8,62747.54025053978
1689262747637214900,-5.0,-4.0,-9.8,62747.55064892769
1689262747637216900,-4.0,-4.0,-7.84,62747.56105494499
1689262747637218700,-5.0,-4.0,-9.8,62747.57149362564
1689262747693059500,-5.0,-4.0,-9.8,62747.5818297863
1689262747693072100,-4.0,-4.0,-7.84,62747.59228229523
1689262747693078400,-5.0,-4.0,-9.8,62747.60273504257
1689262747693085500,-5.0,-3.0,-9.8,62747.61321020126
1689262747693095200,-5.0,-4.0,-7.84,62747.623559713364
1689262747760989100,-4.0,-4.0,-7.84,62747.63404035568
1689262747760990600,-5.0,-4.0,-9.8,62747.6444208622
1689262747760994600,-4.0,-4.0,-7.84,62747.65505552292
1689262747760996400,-5.0,-4.0,-9.8,62747.66555476189
1689262747761035900,-5.0,-4.0,-9.8,62747.6760122776
1689262747761046700,-5.0,-4.0,-9.8,62747.686492443085
1689262747761052400,-4.0,-5.0,-7.84,62747.69697475433
1689262747817122100,-5.0,-5.0,-9.8,62747.70749545097
1689262747817131300,-5.0,-3.0,-9.8,62747.71922636032
1689262747817140200,-4.0,-3.0,-7.84,62747.729904174805
1689262747817145300,-4.0,-4.0,-7.84,62747.74038481712
1689262747817153300,-5.0,-5.0,-9.8,62747.750809431076
1689262747885210200,-4.0,-5.0,-7.84,62747.76123857498
1689262747885226300,-5.0,-4.0,-9.8,62747.771824121475
1689262747885289300,-6.0,-4.0,-9.8,62747.78224682808
1689262747885335900,-4.0,-3.0,-7.84,62747.79338812828
1689262747885376400,-5.0,-4.0,-9.8,62747.80380678177
1689262747885383200,-4.0,-4.0,-7.84,62747.81432771683
1689262747941120500,-4.0,-5.0,-7.84,62747.82475209236
1689262747941156700,-4.0,-4.0,-7.84,62747.835426568985
1689262747941163200,-5.0,-4.0,-9.8,62747.84607553482
1689262747941172200,-4.0,-4.0,-7.84,62747.856546878815
1689262747941179500,-4.0,-5.0,-9.8,62747.86705613136
1689262747941184800,-5.0,-4.0,-7.84,62747.87751030922
1689262748009285200,-5.0,-4.0,-9.8,62747.888164281845
1689262748009288100,-5.0,-4.0,-9.8,62747.89865899086
1689262748009291300,-4.0,-3.0,-9.8,62747.90916919708
1689262748009293200,-4.0,-4.0,-7.84,62747.91957902908
1689262748009297000,-4.0,-4.0,-7.84,62747.930055856705
1689262748009298400,-5.0,-5.0,-9.8,62747.94049286842
1689262748069361500,-4.0,-3.0,-9.8,62747.95105886459
1689262748069363700,-5.0,-4.0,-9.8,62747.96336913109
1689262748069365200,-5.0,-3.0,-9.8,62747.97381949425
1689262748069366700,-4.0,-3.0,-9.8,62747.984305143356
1689262748069416100,-5.0,-4.0,-9.8,62747.99475479126
1689262748124927200,-4.0,-3.0,-7.84,62748.00553274155
1689262748124946800,-4.0,-4.0,-9.8,62748.01599097252
1689262748124949400,-5.0,-4.0,-9.8,62748.02642631531
1689262748124952800,-5.0,-4.0,-9.8,62748.036997795105
1689262748124972300,-5.0,-5.0,-7.84,62748.047410964966
1689262748124976000,-5.0,-4.0,-9.8,62748.05807232857
1689262748188981200,-4.0,-4.0,-7.84,62748.068521261215
1689262748188982900,-5.0,-4.0,-9.8,62748.079016685486
1689262748188984400,-4.0,-4.0,-7.84,62748.08965086937
1689262748188985900,-5.0,-4.0,-9.8,62748.100059986115
1689262748189050200,-4.0,-4.0,-7.84,62748.1104786396
1689262748189061800,-5.0,-4.0,-7.84,62748.121062994
1689262748256214000,-4.0,-3.0,-9.8,62748.13165259361
1689262748256237800,-4.0,-4.0,-7.84,62748.142063856125
1689262748256245500,-5.0,-5.0,-9.8,62748.152572631836
1689262748256251500,-5.0,-4.0,-7.84,62748.163259744644
1689262748256258100,-4.0,-4.0,-9.8,62748.173649311066
1689262748256274900,-5.0,-4.0,-9.8,62748.18406057358
1689262748314103400,-4.0,-3.0,-7.84,62748.194516181946
1689262748314104700,-5.0,-4.0,-9.8,62748.20501804352
1689262748314181100,-4.0,-3.0,-7.84,62748.21556353569
1689262748314214300,-5.0,-4.0,-9.8,62748.22607302666
1689262748314216300,-5.0,-4.0,-9.8,62748.23656630516
1689262748314222100,-4.0,-4.0,-9.8,62748.24727988243
1689262748389370100,-5.0,-4.0,-9.8,62748.257791996
1689262748389372700,-5.0,-4.0,-9.8,62748.26824569702
1689262748389392900,-5.0,-5.0,-9.8,62748.27866625786
1689262748389402300,-5.0,-5.0,-9.8,62748.289147138596
1689262748389447800,-5.0,-4.0,-7.84,62748.2995762825
1689262748389449300,-4.0,-4.0,-7.84,62748.30999946594
1689262748389484000,-5.0,-4.0,-9.8,62748.32041120529
1689262748461097100,-4.0,-3.0,-7.84,62748.33088469505
1689262748461102700,-4.0,-4.0,-9.8,62748.34131336212
1689262748461201100,-4.0,-4.0,-7.84,62748.35226035118
1689262748461212700,-5.0,-4.0,-9.8,62748.362585544586
1689262748461214900,-4.0,-4.0,-7.84,62748.372982501984
1689262748461231900,-5.0,-4.0,-9.8,62748.383328437805
1689262748461243800,-5.0,-4.0,-9.8,62748.393748521805
1689262748512610000,-3.0,-4.0,-9.8,62748.40426445007
1689262748512687200,-5.0,-4.0,-9.8,62748.41474986076
1689262748512691700,-4.0,-4.0,-9.8,62748.42523956299
1689262748512786400,-5.0,-3.0,-9.8,62748.43577694893
1689262748512795700,-4.0,-4.0,-9.8,62748.446259498596
1689262748572941600,-4.0,-4.0,-9.8,62748.45680999756
1689262748572949000,-5.0,-5.0,-9.8,62748.46725988388
1689262748572970900,-4.0,-3.0,-9.8,62748.477734565735
1689262748572974900,-4.0,-3.0,-7.84,62748.48817110062
1689262748572982900,-5.0,-4.0,-9.8,62748.4990541935
1689262748572993300,-4.0,-4.0,-9.8,62748.50954198837
1689262748641905300,-4.0,-3.0,-9.8,62748.5199110508
1689262748641915400,-4.0,-4.0,-9.8,62748.53038883209
1689262748642038700,-5.0,-4.0,-9.8,62748.54080533981
1689262748642161800,-4.0,-3.0,-7.84,62748.55122447014
1689262748642236000,-5.0,-4.0,-9.8,62748.5615606308
1689262748642250000,-4.0,-4.0,-7.84,62748.57197523117
1689262748693091600,-5.0,-4.0,-9.8,62748.582320690155
1689262748693101800,-5.0,-3.0,-7.84,62748.59279751778
1689262748693107500,-5.0,-4.0,-7.84,62748.603180885315
1689262748693125900,-5.0,-4.0,-9.8,62748.61356759071
1689262748693235200,-4.0,-3.0,-7.84,62748.6239926815
1689262748757124000,-5.0,-4.0,-9.8,62748.63451743126
1689262748757125600,-5.0,-5.0,-9.8,62748.64530277252
1689262748757201800,-5.0,-4.0,-9.8,62748.65585851669
1689262748757210100,-4.0,-4.0,-7.84,62748.66650772095
1689262748757212100,-5.0,-5.0,-9.8,62748.67702770233
1689262748757232000,-4.0,-4.0,-7.84,62748.687482595444
1689262748817073600,-4.0,-4.0,-9.8,62748.69803857803
1689262748817078700,-5.0,-4.0,-9.8,62748.708540439606
1689262748817085600,-5.0,-4.0,-7.84,62748.71899962425
1689262748817091000,-5.0,-4.0,-9.8,62748.729521751404
1689262748817101100,-4.0,-4.0,-9.8,62748.73992919922
1689262748817114500,-4.0,-3.0,-9.8,62748.750306367874
1689262748881196200,-5.0,-4.0,-9.8,62748.760726213455
1689262748881199500,-4.0,-3.0,-7.84,62748.77107810974
1689262748881201500,-5.0,-5.0,-7.84,62748.7821598053
1689262748881203100,-4.0,-4.0,-9.8,62748.79257249832
1689262748881303200,-5.0,-4.0,-7.84,62748.80292701721
1689262748881389800,-4.0,-3.0,-9.8,62748.813316106796
1689262748941044400,-5.0,-4.0,-9.8,62748.823746442795
1689262748941047700,-4.0,-4.0,-7.84,62748.83417439461
1689262748941049500,-4.0,-3.0,-9.8,62748.84466600418
1689262748941141400,-5.0,-4.0,-9.8,62748.85509300232
1689262748941148800,-5.0,-4.0,-7.84,62748.865558862686
1689262748941152100,-4.0,-4.0,-7.84,62748.87605571747
1689262749005579000,-5.0,-4.0,-9.8,62748.88654637337
1689262749005662000,-5.0,-4.0,-9.8,62748.89717292786
1689262749005667300,-4.0,-4.0,-9.8,62748.90766453743
1689262749005670400,-5.0,-4.0,-9.8,62748.9182343483
1689262749005673800,-4.0,-4.0,-7.84,62748.92882180214
1689262749065185300,-4.0,-3.0,-7.84,62748.939326524734
1689262749065188000,-5.0,-4.0,-7.84,62748.9497730732
1689262749065224500,-5.0,-4.0,-9.8,62748.960156202316
1689262749065233700,-5.0,-4.0,-7.84,62748.970564842224
1689262749065275500,-4.0,-4.0,-7.84,62748.98093485832
1689262749065287500,-5.0,-4.0,-9.8,62748.99131798744
1689262749065291600,-4.0,-4.0,-9.8,62749.001725673676
1689262749125204300,-5.0,-3.0,-9.8,62749.01239681244
1689262749125213300,-4.0,-4.0,-7.84,62749.02284860611
1689262749125219700,-4.0,-4.0,-7.84,62749.03349351883
1689262749125281000,-4.0,-5.0,-9.8,62749.04382443428
1689262749125396400,-5.0,-4.0,-7.84,62749.05427336693
1689262749189267600,-5.0,-5.0,-7.84,62749.064761161804
1689262749189282500,-5.0,-4.0,-9.8,62749.0751824379
1689262749189288700,-4.0,-3.0,-7.84,62749.08567523956
1689262749189294200,-5.0,-4.0,-9.8,62749.09624123573
1689262749189298000,-4.0,-4.0,-7.84,62749.106855630875
1689262749189300600,-5.0,-4.0,-9.8,62749.11732530594
1689262749248913400,-5.0,-4.0,-7.84,62749.127778053284
1689262749248937000,-5.0,-4.0,-9.8,62749.13824367523
1689262749248939600,-5.0,-4.0,-9.8,62749.14873671532
1689262749248959600,-5.0,-5.0,-9.8,62749.15923285484
1689262749248981500,-5.0,-4.0,-9.8,62749.169652700424
1689262749248985900,-5.0,-4.0,-7.84,62749.18161535263
1689262749308785300,-5.0,-4.0,-7.84,62749.192081451416
1689262749308793000,-5.0,-4.0,-9.8,62749.20252132416
1689262749308797400,-5.0,-5.0,-9.8,62749.212918281555
1689262749308804300,-4.0,-4.0,-7.84,62749.2233235836
1689262749308813800,-4.0,-4.0,-9.8,62749.23381137848
1689262749308823700,-5.0,-5.0,-9.8,62749.24427628517
1689262749373013500,-5.0,-4.0,-7.84,62749.25475668907
1689262749373015400,-4.0,-4.0,-9.8,62749.26524806023
1689262749373017200,-5.0,-4.0,-9.8,62749.27573680878
1689262749373027600,-4.0,-3.0,-7.84,62749.28618431091
1689262749373068900,-5.0,-4.0,-7.84,62749.29678249359
1689262749373071400,-5.0,-5.0,-9.8,62749.30729866028
1689262749433000600,-5.0,-4.0,-9.8,62749.317791461945
1689262749433004100,-4.0,-4.0,-9.8,62749.32825732231
1689262749433008300,-5.0,-5.0,-9.8,62749.33875489235
1689262749433041200,-4.0,-5.0,-9.8,62749.349249362946
1689262749433057800,-4.0,-4.0,-9.8,62749.35965371132
1689262749433059500,-4.0,-4.0,-9.8,62749.37006235123
1689262749493248000,-5.0,-4.0,-9.8,62749.380491256714
1689262749493277600,-4.0,-4.0,-7.84,62749.390832424164
1689262749493291800,-4.0,-4.0,-7.84,62749.40129518509
1689262749493315500,-5.0,-4.0,-9.8,62749.4116795063
1689262749493367200,-4.0,-4.0,-13.719999999999999,62749.42206931114
1689262749564891900,-5.0,-5.0,-23.52,62749.432515859604
1689262749564894600,-4.0,-4.0,-21.56,62749.44292807579
1689262749564917100,-5.0,-5.0,-23.52,62749.4533302784
1689262749564921700,-5.0,-4.0,-23.52,62749.463773965836
1689262749564940000,-4.0,-4.0,-21.56,62749.47425413132
1689262749564943800,-5.0,-5.0,-23.52,62749.48484373093
1689262749564973900,-4.0,-4.0,-21.56,62749.49530482292
1689262749616864400,-5.0,-4.0,-23.52,62749.505782842636
1689262749616868100,-4.0,-5.0,-21.56,62749.51626372337
1689262749616903500,-5.0,-5.0,-23.52,62749.526820898056
1689262749616905900,-5.0,-4.0,-23.52,62749.53733301163
1689262749616919300,-5.0,-5.0,-23.52,62749.54784440994
1689262749711051500,-4.0,-4.0,-21.56,62749.55832719803
1689262749711054000,-4.0,-4.0,-23.52,62749.5687918663
1689262749711056100,-5.0,-4.0,-23.52,62749.579185009
1689262749711063800,-4.0,-4.0,-21.56,62749.58958482742
1689262749711090500,-4.0,-5.0,-21.56,62749.60004234314
1689262749711106400,-5.0,-5.0,-23.52,62749.61048936844
1689262749773069500,-4.0,-4.0,-21.56,62749.62129020691
1689262749773081400,-4.0,-5.0,-21.56,62749.63181972504
1689262749773120000,-5.0,-5.0,-23.52,62749.642236709595
1689262749773124400,-5.0,-5.0,-21.56,62749.65265536308
1689262749773127300,-5.0,-5.0,-21.56,62749.66310095787
1689262749773142100,-5.0,-5.0,-23.52,62749.67355132103
1689262749773170200,-4.0,-4.0,-21.56,62749.684067726135
1689262749773194700,-4.0,-4.0,-23.52,62749.694818258286
1689262749773199100,-4.0,-4.0,-23.52,62749.70549869537
1689262749836858700,-5.0,-5.0,-23.52,62749.71601366997
1689262749836860800,-4.0,-4.0,-21.56,62749.72650766373
1689262749836863000,-5.0,-5.0,-21.56,62749.73705077171
1689262749836902200,-4.0,-4.0,-21.56,62749.74757170677
1689262749836919000,-5.0,-5.0,-23.52,62749.75805020332
1689262749836922000,-5.0,-4.0,-23.52,62749.768512010574
1689262749905027600,-4.0,-4.0,-21.56,62749.77899026871
1689262749905032900,-5.0,-5.0,-21.56,62749.789434194565
1689262749905059100,-4.0,-4.0,-21.56,62749.799834012985
1689262749905082100,-4.0,-4.0,-21.56,62749.81024837494
1689262749905087400,-5.0,-5.0,-23.52,62749.82065534592
1689262749905093400,-5.0,-4.0,-23.52,62749.83106446266
1689262749965101200,-4.0,-4.0,-21.56,62749.84142923355
1689262749965137500,-4.0,-3.0,-21.56,62749.85182261467
1689262749965165000,-4.0,-4.0,-21.56,62749.86225795746
1689262749965169100,-5.0,-4.0,-23.52,62749.87258338928
1689262749965179700,-4.0,-4.0,-21.56,62749.88300156593
1689262749965199800,-5.0,-4.0,-23.52,62749.893417835236
1689262750024934800,-4.0,-4.0,-21.56,62749.90383410454
1689262750024954600,-5.0,-5.0,-23.52,62749.914840221405
1689262750024957700,-5.0,-4.0,-21.56,62749.925347566605
1689262750024960100,-3.0,-4.0,-21.56,62749.9358215332
1689262750024963800,-5.0,-5.0,-21.56,62749.9462954998
1689262750024988600,-4.0,-4.0,-23.52,62749.95682001114
1689262750089471700,-4.0,-5.0,-21.56,62749.96732926369
1689262750089498300,-4.0,-4.0,-21.56,62749.97777414322
1689262750089501900,-5.0,-5.0,-23.52,62749.98825716972
1689262750089526900,-5.0,-5.0,-23.52,62749.998675107956
1689262750089530000,-5.0,-4.0,-21.56,62750.00973415375
1689262750089555500,-4.0,-4.0,-21.56,62750.02007603645
1689262750145039700,-5.0,-5.0,-21.56,62750.03054213524
1689262750145049400,-5.0,-4.0,-21.56,62750.04103899002
1689262750145064100,-5.0,-5.0,-23.52,62750.051434755325
1689262750145070400,-5.0,-5.0,-21.56,62750.06190443039
1689262750145088900,-4.0,-4.0,-21.56,62750.07232546806
1689262750145094100,-5.0,-4.0,-23.52,62750.082793712616
1689262750213583400,-4.0,-4.0,-21.56,62750.09318161011
1689262750213605100,-4.0,-4.0,-21.56,62750.1035759449
1689262750213627900,-5.0,-5.0,-23.52,62750.11400723457
1689262750213631900,-4.0,-4.0,-21.56,62750.124767541885
1689262750213708500,-5.0,-4.0,-23.52,62750.13527369499
1689262750213715000,-5.0,-4.0,-23.52,62750.14583992958
1689262750268894200,-4.0,-4.0,-21.56,62750.15639472008
1689262750268973400,-5.0,-4.0,-23.52,62750.16702699661
1689262750268986700,-4.0,-4.0,-21.56,62750.17758321762
1689262750269091400,-5.0,-4.0,-23.52,62750.18809366226
1689262750269094700,-4.0,-4.0,-23.52,62750.199025154114
1689262750329254800,-5.0,-4.0,-23.52,62750.20952248573
1689262750329268600,-4.0,-4.0,-21.56,62750.2199819088
1689262750329270700,-5.0,-4.0,-23.52,62750.2303943634
1689262750329320100,-5.0,-4.0,-23.52,62750.240817546844
1689262750329328400,-5.0,-4.0,-23.52,62750.251277685165
1689262750329413000,-4.0,-4.0,-21.56,62750.26165318489
1689262750393048500,-5.0,-4.0,-23.52,62750.272072553635
1689262750393050200,-5.0,-4.0,-21.56,62750.28252410889
1689262750393064300,-5.0,-4.0,-23.52,62750.29292201996
1689262750393065900,-5.0,-4.0,-23.52,62750.30332779884
1689262750393152900,-4.0,-5.0,-21.56,62750.313759088516
1689262750393259700,-5.0,-4.0,-23.52,62750.32417845726
1689262750461827700,-4.0,-4.0,-23.52,62750.33494114876
1689262750461830300,-5.0,-4.0,-23.52,62750.34543418884
1689262750461846900,-5.0,-5.0,-21.56,62750.35602355003
1689262750461852500,-5.0,-4.0,-23.52,62750.366523981094
1689262750461855400,-4.0,-4.0,-21.56,62750.37708711624
1689262750461859300,-5.0,-4.0,-23.52,62750.387552022934
1689262750517289300,-5.0,-4.0,-21.56,62750.39805150032
1689262750517291700,-4.0,-4.0,-23.52,62750.40852403641
1689262750517306900,-4.0,-4.0,-21.56,62750.41901946068
1689262750517331300,-5.0,-5.0,-23.52,62750.42955946922
1689262750517404100,-5.0,-4.0,-23.52,62750.439942121506
1689262750517442400,-4.0,-4.0,-23.52,62750.45038509369
1689262750581823000,-4.0,-3.0,-23.52,62750.46080327034
1689262750581825500,-4.0,-5.0,-21.56,62750.471184015274
1689262750581830000,-5.0,-4.0,-23.52,62750.48167896271
1689262750581892700,-4.0,-4.0,-21.56,62750.49207735062
1689262750581910600,-4.0,-3.0,-21.56,62750.50256752968
1689262750581918100,-5.0,-4.0,-23.52,62750.51299524307
1689262750641715600,-5.0,-4.0,-23.52,62750.5235581398
1689262750641717400,-3.0,-4.0,-21.56,62750.534007549286
1689262750641739700,-5.0,-4.0,-23.52,62750.54480314255
1689262750641783800,-4.0,-4.0,-21.56,62750.55525827408
1689262750641803800,-5.0,-4.0,-23.52,62750.56594109535
1689262750641816800,-5.0,-4.0,-23.52,62750.57649588585
1689262750727947500,-4.0,-4.0,-21.56,62750.58704996109
1689262750727978800,-5.0,-5.0,-23.52,62750.59752368927
1689262750727981400,-5.0,-4.0,-21.56,62750.60800123215
1689262750728004400,-5.0,-4.0,-23.52,62750.61858344078
1689262750728009100,-4.0,-4.0,-21.56,62750.629057884216
1689262750728029600,-4.0,-3.0,-23.52,62750.63950610161
1689262750780996900,-5.0,-5.0,-23.52,62750.6499068737
1689262750780999300,-4.0,-4.0,-21.56,62750.66031002998
1689262750781019100,-5.0,-5.0,-23.52,62750.67068815231
1689262750781039100,-5.0,-4.0,-23.52,62750.681094408035
1689262750781041000,-4.0,-4.0,-21.56,62750.6923699379
1689262750781067200,-4.0,-4.0,-23.52,62750.70280432701
1689262750781076100,-4.0,-3.0,-23.52,62750.71319937706
1689262750841013700,-4.0,-4.0,-21.56,62750.72359228134
1689262750841029000,-5.0,-4.0,-23.52,62750.73407411575
1689262750841033700,-5.0,-4.0,-23.52,62750.74485492706
1689262750841041700,-5.0,-4.0,-21.56,62750.75531291962
1689262750841044100,-5.0,-4.0,-23.52,62750.76579260826
1689262750841077100,-4.0,-3.0,-21.56,62750.77628850937
1689262750905143900,-4.0,-3.0,-21.56,62750.78682613373
1689262750905175600,-4.0,-4.0,-23.52,62750.79727625847
1689262750905179800,-5.0,-4.0,-23.52,62750.80769610405
1689262750905223700,-5.0,-4.0,-21.56,62750.818197250366
1689262750905248100,-4.0,-4.0,-21.56,62750.82877922058
1689262750905254700,-5.0,-4.0,-23.52,62750.83951473236
1689262750965035800,-4.0,-4.0,-21.56,62750.84990787506
1689262750965065700,-5.0,-4.0,-23.52,62750.86032485962
1689262750965070700,-4.0,-4.0,-21.56,62750.870745658875
1689262750965073200,-5.0,-4.0,-23.52,62750.88108253479
1689262750965075400,-5.0,-3.0,-23.52,62750.8914501667
1689262750965083100,-4.0,-4.0,-21.56,62750.901837825775
1689262751032877300,-5.0,-5.0,-23.52,62750.91230559349
1689262751032901900,-4.0,-3.0,-21.56,62750.92275977135
1689262751032925800,-5.0,-4.0,-23.52,62750.933326244354
1689262751032927700,-5.0,-3.0,-21.56,62750.94375228882
1689262751032933900,-5.0,-4.0,-23.52,62750.95411777496
1689262751032949000,-5.0,-4.0,-21.56,62750.96485424042
1689262751089080300,-4.0,-4.0,-21.56,62750.97535967827
1689262751089157400,-5.0,-4.0,-23.52,62750.986157894135
1689262751089235000,-4.0,-3.0,-21.56,62750.99693822861
1689262751089255500,-5.0,-4.0,-23.52,62751.00755763054
1689262751089265700,-4.0,-4.0,-23.52,62751.01801276207
1689262751153502300,-5.0,-4.0,-23.52,62751.028421878815
1689262751153522000,-5.0,-4.0,-23.52,62751.03903675079
1689262751153546800,-4.0,-3.0,-21.56,62751.049592256546
1689262751153548900,-4.0,-4.0,-21.56,62751.06002497673
1689262751153550400,-5.0,-4.0,-23.52,62751.07042551041
1689262751153558300,-4.0,-4.0,-21.56,62751.080830574036
1689262751217441500,-5.0,-4.0,-23.52,62751.091247320175
1689262751217482700,-4.0,-4.0,-23.52,62751.101583004
1689262751217498800,-4.0,-4.0,-23.52,62751.11199426651
1689262751217507900,-4.0,-4.0,-21.56,62751.12236618996
1689262751217526600,-5.0,-4.0,-23.52,62751.13283038139
1689262751217574000,-5.0,-4.0,-21.56,62751.14319729805
1689262751281598000,-4.0,-4.0,-21.56,62751.15366148949
1689262751281626000,-5.0,-3.0,-23.52,62751.164106845856
1689262751281630800,-4.0,-3.0,-21.56,62751.17485880852
1689262751281633600,-5.0,-4.0,-23.52,62751.18534731865
1689262751281641900,-4.0,-3.0,-23.52,62751.195867061615
1689262751281651700,-5.0,-4.0,-23.52,62751.20655918121
1689262751339657200,-4.0,-3.0,-21.56,62751.217168569565
1689262751339679300,-4.0,-4.0,-23.52,62751.22768688202
1689262751339695300,-4.0,-4.0,-21.56,62751.23809790611
1689262751339697800,-4.0,-4.0,-23.52,62751.248571395874
1689262751339739600,-5.0,-4.0,-23.52,62751.259016513824
1689262751339745200,-5.0,-3.0,-23.52,62751.2695581913
1689262751401091000,-4.0,-4.0,-21.56,62751.27999210358
1689262751401110800,-4.0,-4.0,-23.52,62751.29041481018
1689262751401116300,-4.0,-4.0,-21.56,62751.30083966255
1689262751401121200,-4.0,-3.0,-21.56,62751.31125855446
1689262751401129000,-5.0,-4.0,-23.52,62751.32166004181
1689262751401140100,-5.0,-4.0,-23.52,62751.33207678795
1689262751469600700,-4.0,-4.0,-21.56,62751.34252476692
1689262751469610200,-4.0,-4.0,-23.52,62751.3529419899
1689262751469618800,-4.0,-4.0,-21.56,62751.363411188126
1689262751469623300,-4.0,-4.0,-21.56,62751.37501001358
1689262751469628700,-5.0,-4.0,-23.52,62751.38535761833
1689262751469630900,-4.0,-3.0,-21.56,62751.39582180977
1689262751525220000,-5.0,-4.0,-23.52,62751.40629673004
1689262751525222400,-5.0,-4.0,-23.52,62751.416835308075
1689262751525251600,-4.0,-4.0,-21.56,62751.42730140686
1689262751525270900,-4.0,-4.0,-21.56,62751.437777757645
1689262751525273600,-4.0,-4.0,-23.52,62751.44825387001
1689262751525297200,-4.0,-3.0,-23.52,62751.458609342575
1689262751585027500,-4.0,-4.0,-21.56,62751.46909451485
1689262751585041300,-5.0,-4.0,-21.56,62751.4795563221
1689262751585092800,-4.0,-4.0,-21.56,62751.48993778229
1689262751585099400,-5.0,-4.0,-23.52,62751.50041437149
1689262751585107000,-5.0,-4.0,-23.52,62751.51084136963
1689262751585119900,-4.0,-4.0,-21.56,62751.521354198456
1689262751653634300,-5.0,-4.0,-21.56,62751.531831264496
1689262751653640600,-4.0,-4.0,-21.56,62751.54226207733
1689262751653644300,-5.0,-4.0,-23.52,62751.552684783936
1689262751653657600,-5.0,-4.0,-23.52,62751.56327533722
1689262751653663700,-4.0,-3.0,-21.56,62751.573667526245
1689262751653669400,-5.0,-4.0,-21.56,62751.5840985775
1689262751712924200,-5.0,-3.0,-21.56,62751.59479761124
1689262751712933500,-5.0,-3.0,-21.56,62751.60527205467
1689262751712937000,-4.0,-4.0,-21.56,62751.61576795578
1689262751712998400,-5.0,-4.0,-21.56,62751.62630486488
1689262751713000400,-4.0,-4.0,-21.56,62751.63681745529
1689262751768877400,-5.0,-4.0,-23.52,62751.64731454849
1689262751768893200,-4.0,-4.0,-21.56,62751.65778374672
1689262751768897900,-4.0,-3.0,-23.52,62751.66826725006
1689262751768908600,-4.0,-4.0,-21.56,62751.678663015366
1689262751768931900,-5.0,-4.0,-21.56,62751.68910193443
1689262751768936500,-4.0,-3.0,-21.56,62751.69961452484
1689262751829199200,-4.0,-3.0,-21.56,62751.71004986763
1689262751829209300,-5.0,-4.0,-21.56,62751.72044801712
1689262751829222200,-4.0,-4.0,-23.52,62751.73093342781
1689262751829239100,-5.0,-4.0,-23.52,62751.741345882416
1689262751829255400,-5.0,-4.0,-23.52,62751.751814842224
1689262751829269700,-4.0,-4.0,-23.52,62751.762196063995
1689262751892867200,-5.0,-3.0,-21.56,62751.7726957798
1689262751892882400,-4.0,-4.0,-21.56,62751.78319478035
1689262751892906800,-5.0,-4.0,-23.52,62751.79358649254
1689262751892919600,-4.0,-4.0,-21.56,62751.80400800705
1689262751892923400,-4.0,-4.0,-21.56,62751.81469869614
1689262751892926900,-5.0,-3.0,-21.56,62751.825113773346
1689262751953117200,-4.0,-4.0,-23.52,62751.83561062813
1689262751953129900,-5.0,-4.0,-23.52,62751.84609794617
1689262751953132400,-4.0,-4.0,-23.52,62751.8566133976
1689262751953162100,-5.0,-4.0,-23.52,62751.86719226837
1689262751953177700,-4.0,-4.0,-21.56,62751.87769174576
1689262751953180500,-5.0,-4.0,-23.52,62751.88819718361
1689262752021168900,-4.0,-4.0,-21.56,62751.898678302765
1689262752021171200,-4.0,-4.0,-21.56,62751.90910792351
1689262752021197000,-5.0,-4.0,-23.52,62751.91966032982
1689262752021200200,-4.0,-4.0,-23.52,62751.930094480515
1689262752021223700,-4.0,-4.0,-17.64,62751.94053196907
1689262752021250900,-5.0,-5.0,-9.8,62751.95093345642
1689262752077233500,-4.0,-4.0,-7.84,62751.96132183075
1689262752077258600,-5.0,-4.0,-9.8,62751.97169685364
1689262752077261700,-4.0,-4.0,-7.84,62751.98209095001
1689262752077290400,-5.0,-4.0,-9.8,62751.992555618286
1689262752077295200,-5.0,-4.0,-9.8,62752.00303387642
1689262752077304800,-5.0,-4.0,-9.8,62752.01376605034
1689262752137411400,-5.0,-4.0,-7.84,62752.02428030968
1689262752137416500,-4.0,-3.0,-7.84,62752.035053253174
1689262752137420300,-4.0,-4.0,-7.84,62752.04545879364
1689262752137433900,-5.0,-4.0,-9.8,62752.0560195446
1689262752137455500,-5.0,-4.0,-9.8,62752.06677174568
1689262752185206900,-5.0,-4.0,-7.84,62752.077209711075
1689262752185228900,-4.0,-3.0,-7.84,62752.0876891613
1689262752185233400,-4.0,-4.0,-7.84,62752.09819459915
1689262752185261000,-4.0,-4.0,-7.84,62752.10867643356
1689262752185278800,-4.0,-3.0,-7.84,62752.11919617653
1689262752249232600,-4.0,-4.0,-7.84,62752.12968444824
1689262752249251300,-5.0,-4.0,-9.8,62752.140184640884
1689262752249254200,-4.0,-3.0,-7.84,62752.15058732033
1689262752249266100,-4.0,-4.0,-7.84,62752.1609582901
1689262752249279000,-4.0,-4.0,-7.84,62752.17134785652
1689262752249299700,-5.0,-4.0,-9.8,62752.18175792694
1689262752318209100,-4.0,-4.0,-7.84,62752.192111968994
1689262752318216000,-5.0,-4.0,-9.8,62752.20408463478
1689262752318219700,-5.0,-5.0,-7.84,62752.2149002552
1689262752318238800,-5.0,-4.0,-9.8,62752.22536444664
1689262752318245800,-4.0,-3.0,-7.84,62752.235877513885
1689262752318259800,-4.0,-4.0,-9.8,62752.246357917786
1689262752373002700,-5.0,-4.0,-9.8,62752.25707817078
1689262752373004100,-5.0,-4.0,-9.8,62752.267555475235
1689262752373005400,-4.0,-3.0,-9.8,62752.27795982361
1689262752373016500,-5.0,-4.0,-7.84,62752.28843474388
1689262752373021400,-5.0,-4.0,-9.8,62752.298939704895
1689262752373024500,-4.0,-3.0,-7.84,62752.309427022934
1689262752437260100,-5.0,-5.0,-9.8,62752.319841861725
1689262752437280700,-4.0,-4.0,-7.84,62752.33021044731
1689262752437294000,-5.0,-4.0,-9.8,62752.340646743774
1689262752437305700,-4.0,-4.0,-9.8,62752.351044893265
1689262752437329400,-5.0,-4.0,-9.8,62752.361438035965
1689262752493241100,-4.0,-3.0,-7.84,62752.37184762955
1689262752493250600,-5.0,-4.0,-9.8,62752.38227009773
1689262752493257900,-4.0,-4.0,-7.84,62752.3926987648
1689262752493403300,-5.0,-4.0,-7.84,62752.40309858322
1689262752493407200,-4.0,-4.0,-7.84,62752.41351366043
1689262752493430200,-4.0,-4.0,-7.84,62752.4238884449
1689262752561905700,-5.0,-4.0,-9.8,62752.434351205826
1689262752561972800,-5.0,-3.0,-7.84,62752.44486737251
1689262752561976700,-4.0,-4.0,-7.84,62752.45531511307
1689262752562008100,-3.0,-4.0,-9.8,62752.46577048302
1689262752562018700,-5.0,-4.0,-9.8,62752.476278305054
1689262752562024600,-4.0,-3.0,-7.84,62752.48682761192
1689262752562037700,-4.0,-4.0,-9.8,62752.497309446335
1689262752625531200,-4.0,-3.0,-7.84,62752.50784802437
1689262752625548400,-5.0,-4.0,-9.8,62752.5182890892
1689262752625550800,-5.0,-5.0,-7.84,62752.52884411812
1689262752625619700,-5.0,-4.0,-7.84,62752.53929615021
1689262752625654900,-4.0,-4.0,-7.84,62752.54970860481
1689262752681131800,-5.0,-4.0,-9.8,62752.560200452805
1689262752681144900,-4.0,-3.0,-7.84,62752.57064294815
1689262752681147600,-5.0,-5.0,-7.84,62752.5810649395
1689262752681205900,-5.0,-4.0,-9.8,62752.591455221176
1689262752681242200,-4.0,-4.0,-7.84,62752.60184574127
1689262752681277500,-5.0,-4.0,-9.8,62752.612276792526
1689262752745101700,-5.0,-4.0,-7.84,62752.622693777084
1689262752745105000,-4.0,-4.0,-7.84,62752.63309550285
1689262752745106600,-5.0,-4.0,-9.8,62752.643458366394
1689262752745128200,-4.0,-4.0,-7.84,62752.65387010574
1689262752745138000,-4.0,-3.0,-7.84,62752.66433763504
1689262752745277000,-5.0,-4.0,-7.84,62752.67479348183
1689262752805417100,-4.0,-4.0,-7.84,62752.68528199196
1689262752805463400,-5.0,-4.0,-9.8,62752.69587659836
1689262752805465700,-4.0,-3.0,-7.84,62752.70656275749
1689262752805513700,-4.0,-4.0,-7.84,62752.7171356678
1689262752805520300,-5.0,-5.0,-9.8,62752.72782921791
1689262752805596300,-5.0,-4.0,-9.8,62752.73827838898
1689262752865064300,-4.0,-4.0,-7.84,62752.74861288071
1689262752865069000,-5.0,-4.0,-7.84,62752.759090423584
1689262752865086400,-5.0,-4.0,-9.8,62752.769525289536
1689262752865194400,-4.0,-4.0,-7.84,62752.77994441986
1689262752865206000,-5.0,-4.0,-9.8,62752.79052591324
1689262752865279300,-4.0,-3.0,-7.84,62752.80104637146
1689262752933496600,-5.0,-4.0,-9.8,62752.811442136765
1689262752933500100,-5.0,-4.0,-9.8,62752.82185006142
1689262752933509500,-4.0,-4.0,-7.84,62752.832268476486
1689262752933622300,-5.0,-4.0,-9.8,62752.84281563759
1689262752933634300,-4.0,-4.0,-7.84,62752.853328466415
1689262752933650500,-4.0,-4.0,-9.8,62752.863714933395
1689262752993447800,-5.0,-5.0,-7.84,62752.874121665955
1689262752993454300,-5.0,-4.0,-9.8,62752.88633966446
1689262752993474400,-5.0,-4.0,-7.84,62752.89687228203
1689262752993493500,-4.0,-4.0,-7.84,62752.907353401184
1689262752993502600,-5.0,-4.0,-9.8,62752.91779613495
1689262753053097300,-4.0,-4.0,-7.84,62752.9286711216
1689262753053101100,-4.0,-3.0,-9.8,62752.93910622597
1689262753053192100,-5.0,-5.0,-7.84,62752.94955301285
1689262753053206900,-5.0,-5.0,-7.84,62752.960069179535
1689262753053212500,-4.0,-4.0,-7.84,62752.97045445442
1689262753053225000,-5.0,-4.0,-7.84,62752.98086118698
1689262753113790800,-4.0,-4.0,-7.84,62752.99127840996
1689262753113812600,-5.0,-4.0,-9.8,62753.00170660019
1689262753113834800,-4.0,-4.0,-7.84,62753.01210260391
1689262753113846700,-5.0,-4.0,-9.8,62753.02254128456
1689262753113852800,-4.0,-4.0,-7.84,62753.03302574158
1689262753113864800,-5.0,-4.0,-9.8,62753.043437719345
1689262753177408300,-4.0,-3.0,-7.84,62753.05385828018
1689262753177409600,-5.0,-4.0,-7.84,62753.064333200455
1689262753177411400,-4.0,-4.0,-7.84,62753.074884176254
1689262753177413300,-4.0,-4.0,-7.84,62753.08536171913
1689262753177421300,-5.0,-4.0,-9.8,62753.09587240219
1689262753177459600,-4.0,-4.0,-7.84,62753.10634493828
1689262753237596600,-5.0,-4.0,-9.8,62753.11684966087
1689262753237632000,-4.0,-5.0,-9.8,62753.12732076645
1689262753237637400,-5.0,-4.0,-9.8,62753.137774944305
1689262753237643600,-5.0,-4.0,-7.84,62753.148208379745
1689262753237648900,-5.0,-4.0,-9.8,62753.1587061882
1689262753237654600,-5.0,-4.0,-7.84,62753.169203042984
1689262753293608000,-5.0,-5.0,-9.8,62753.17960977554
1689262753293609700,-4.0,-4.0,-9.8,62753.1900370121
1689262753293611100,-4.0,-4.0,-9.8,62753.20043540001
1689262753293612500,-4.0,-4.0,-7.84,62753.21084475517
1689262753293667400,-5.0,-4.0,-9.8,62753.221319913864
1689262753353450800,-4.0,-4.0,-9.8,62753.23177218437
1689262753353461300,-4.0,-3.0,-9.8,62753.2421233654
1689262753353478300,-5.0,-4.0,-9.8,62753.252574920654
1689262753353488600,-5.0,-4.0,-7.84,62753.26297092438
1689262753353530400,-6.0,-5.0,-7.84,62753.27343606949
1689262753353569800,-5.0,-3.0,-7.84,62753.283856868744
1689262753409121300,-5.0,-5.0,-7.84,62753.29430961609
1689262753409126600,-5.0,-4.0,-7.84,62753.30486893654
1689262753409128600,-5.0,-4.0,-9.8,62753.31533527374
1689262753409130100,-5.0,-4.0,-9.8,62753.325818777084
1689262753409131500,-5.0,-3.0,-7.84,62753.33627510071
1689262753409133100,-4.0,-4.0,-7.84,62753.346828222275
1689262753473426100,-4.0,-4.0,-7.84,62753.35727906227
1689262753473428300,-4.0,-4.0,-9.8,62753.3677008152
1689262753473432500,-5.0,-4.0,-7.84,62753.37828826904
1689262753473452600,-6.0,-5.0,-7.84,62753.38886451721
1689262753473463600,-5.0,-4.0,-7.84,62753.399518966675
1689262753473538700,-4.0,-4.0,-7.84,62753.409932374954
1689262753533693900,-5.0,-4.0,-9.8,62753.42035865784
1689262753533703100,-5.0,-4.0,-7.84,62753.43087673187
1689262753533710000,-5.0,-5.0,-9.8,62753.441329956055
1689262753533784900,-5.0,-4.0,-7.84,62753.45180296898
1689262753533794500,-4.0,-4.0,-7.84,62753.46222281456
1689262753601251500,-4.0,-4.0,-7.84,62753.4726164341
1689262753601254000,-5.0,-5.0,-9.8,62753.482973098755
1689262753601255600,-5.0,-4.0,-7.84,62753.493359565735
1689262753601260400,-5.0,-5.0,-7.84,62753.50377225876
1689262753601301500,-5.0,-5.0,-9.8,62753.51427984238
1689262753601312200,-5.0,-4.0,-9.8,62753.524842739105
1689262753601327500,-4.0,-4.0,-7.84,62753.53532361984
1689262753657183300,-5.0,-4.0,-9.8,62753.54579401016
1689262753657186000,-4.0,-5.0,-7.84,62753.55645418167
1689262753657189600,-5.0,-4.0,-9.8,62753.566967487335
1689262753657197400,-5.0,-4.0,-9.8,62753.57737016678
1689262753657200800,-5.0,-5.0,-7.84,62753.58783316612
1689262753705471100,-5.0,-4.0,-9.8,62753.59831094742
1689262753705495400,-4.0,-4.0,-9.8,62753.608788728714
1689262753705499400,-4.0,-4.0,-7.84,62753.619200229645
1689262753705525800,-5.0,-4.0,-9.8,62753.62968158722
1689262753705567600,-4.0,-5.0,-7.84,62753.640115737915
1689262753765323200,-5.0,-4.0,-7.84,62753.65054035187
1689262753765360800,-5.0,-4.0,-9.8,62753.660952329636
1689262753765363900,-5.0,-4.0,-7.84,62753.67138314247
1689262753765415300,-4.0,-4.0,-7.84,62753.681854486465
1689262753765417200,-4.0,-4.0,-11.76,62753.69226908684
1689262753880883700,-4.0,-5.0,-7.84,62753.70310091972
1689262753880885300,-5.0,-4.0,-9.8,62753.713554382324
1689262753880947100,-5.0,-4.0,-9.8,62753.72459983826
1689262753880978700,-4.0,-4.0,-9.8,62753.735342264175
1689262753880985100,-5.0,-4.0,-9.8,62753.74583816528
1689262753880986700,-5.0,-5.0,-9.8,62753.75632929802
1689262753880988000,-5.0,-4.0,-9.8,62753.76683473587
1689262753880989700,-5.0,-4.0,-7.84,62753.77728533745
1689262753880993800,-5.0,-5.0,-7.84,62753.78796625137
1689262753880998300,-5.0,-5.0,-7.84,62753.79845547676
1689262753953402700,-5.0,-4.0,-7.84,62753.80918741226
1689262753953412300,-5.0,-5.0,-7.84,62753.819947481155
1689262753953428200,-5.0,-5.0,-9.8,62753.83060836792
1689262753953437200,-5.0,-4.0,-7.84,62753.84104561806
1689262753953440600,-5.0,-4.0,-9.8,62753.85161995888
1689262753953453200,-4.0,-4.0,-7.84,62753.862070798874
1689262753953457100,-4.0,-4.0,-9.8,62753.872685194016
1689262753953466600,-5.0,-5.0,-9.8,62753.88332104683
1689262754033477600,-4.0,-4.0,-7.84,62753.89376497269
1689262754033481300,-5.0,-4.0,-9.8,62753.904121637344
1689262754033589900,-4.0,-4.0,-9.8,62753.9147028923
1689262754033610100,-5.0,-4.0,-7.84,62753.92514228821
1689262754033613800,-5.0,-4.0,-9.8,62753.93561387062
1689262754033617600,-4.0,-4.0,-7.84,62753.94620728493
1689262754033627700,-5.0,-5.0,-7.84,62753.95706272125
1689262754033816300,-5.0,-4.0,-9.8,62753.96752691269
1689262754126037500,-4.0,-5.0,-7.84,62753.97832489014
1689262754126039800,-5.0,-4.0,-9.8,62753.98880338669
1689262754126041500,-4.0,-4.0,-7.84,62753.999562978745
1689262754126116700,-5.0,-4.0,-9.8,62754.009967803955
1689262754126177200,-5.0,-4.0,-7.84,62754.02061152458
1689262754126191400,-5.0,-4.0,-9.8,62754.03105163574
1689262754205491900,-4.0,-4.0,-9.8,62754.041472673416
1689262754205505200,-5.0,-5.0,-9.8,62754.05187821388
1689262754205506500,-4.0,-4.0,-7.84,62754.0623319149
1689262754205509000,-5.0,-5.0,-7.84,62754.073108911514
1689262754205510300,-4.0,-4.0,-7.84,62754.083527565
1689262754205511800,-5.0,-4.0,-9.8,62754.09387779236
1689262754205513300,-4.0,-3.0,-7.84,62754.104301929474
1689262754205514600,-4.0,-4.0,-9.8,62754.11462831497
1689262754205515700,-5.0,-4.0,-9.8,62754.12536287308
1689262754205517000,-4.0,-3.0,-7.84,62754.13581895828
1689262754265620000,-4.0,-4.0,-9.8,62754.146451711655
1689262754265622000,-5.0,-4.0,-9.8,62754.15704035759
1689262754265625000,-4.0,-4.0,-7.84,62754.16772198677
1689262754265627900,-5.0,-4.0,-9.8,62754.17819929123
1689262754265629500,-4.0,-4.0,-7.84,62754.18863201141
1689262754265631400,-5.0,-5.0,-9.8,62754.19912815094
1689262754394521700,-5.0,-4.0,-7.84,62754.20984339714
1689262754394527700,-4.0,-4.0,-7.84,62754.22029590607
1689262754394532500,-5.0,-4.0,-7.84,62754.23079919815
1689262754394541000,-4.0,-3.0,-7.84,62754.24121713638
1689262754394546100,-5.0,-4.0,-9.8,62754.25159406662
1689262754394552800,-5.0,-4.0,-9.8,62754.26196885109
1689262754394574800,-4.0,-4.0,-7.84,62754.272371053696
1689262754394581600,-4.0,-3.0,-7.84,62754.282937049866
1689262754394585300,-5.0,-4.0,-7.84,62754.2933576107
1689262754394594900,-5.0,-4.0,-9.8,62754.30377173424
1689262754394599100,-4.0,-4.0,-7.84,62754.314125061035
1689262754394652100,-5.0,-4.0,-9.8,62754.32478570938
1689262754457307000,-5.0,-4.0,-7.84,62754.335289001465
1689262754457317700,-5.0,-4.0,-7.84,62754.34572672844
1689262754457319400,-5.0,-5.0,-9.8,62754.35613846779
1689262754457361200,-5.0,-4.0,-7.84,62754.366694927216
1689262754457363100,-4.0,-4.0,-7.84,62754.37720966339
1689262754457379000,-5.0,-5.0,-9.8,62754.38771319389
1689262754610052200,-4.0,-3.0,-7.84,62754.398126125336
1689262754610054800,-4.0,-4.0,-7.84,62754.4085559845
1689262754610083700,-4.0,-3.0,-7.84,62754.419122457504
1689262754610104700,-4.0,-3.0,-9.8,62754.429614543915
1689262754610126600,-5.0,-4.0,-7.84,62754.440046072006
1689262754610153300,-4.0,-4.0,-9.8,62754.45045495033
1689262754610156900,-4.0,-4.0,-7.84,62754.460854291916
1689262754610158900,-5.0,-4.0,-7.84,62754.47127556801
1689262754610176000,-5.0,-4.0,-7.84,62754.4816262722
1689262754610177700,-5.0,-4.0,-7.84,62754.49207639694
1689262754610188100,-4.0,-4.0,-7.84,62754.50253391266
1689262754610190600,-5.0,-4.0,-7.84,62754.51294541359
1689262754610195000,-4.0,-4.0,-7.84,62754.523376226425
1689262754610196800,-4.0,-4.0,-7.84,62754.53378868103
1689262754677243600,-5.0,-4.0,-9.8,62754.54432272911
1689262754677370900,-5.0,-4.0,-9.8,62754.554816007614
1689262754677373000,-5.0,-4.0,-7.84,62754.56530666351
1689262754677375000,-5.0,-5.0,-7.84,62754.57573080063
1689262754677376500,-5.0,-4.0,-7.84,62754.5862197876
1689262754677407900,-4.0,-5.0,-5.88,62754.59682226181
1689262754836074000,-5.0,-4.0,-7.84,62754.60729551315
1689262754836083200,-4.0,-4.0,-7.84,62754.61769962311
1689262754836087900,-5.0,-4.0,-9.8,62754.62812137604
1689262754836100500,-5.0,-4.0,-7.84,62754.63862037659
1689262754836115900,-5.0,-5.0,-7.84,62754.64906716347
1689262754836124900,-5.0,-4.0,-7.84,62754.65955209732
1689262754836131300,-4.0,-3.0,-7.84,62754.67004108429
1689262754836145300,-4.0,-4.0,-7.84,62754.68043637276
1689262754836187400,-5.0,-4.0,-9.8,62754.69083881378
1689262754836191800,-4.0,-4.0,-7.84,62754.701280117035
1689262754836200900,-5.0,-5.0,-7.84,62754.71163511276
1689262754836278600,-5.0,-5.0,-7.84,62754.722069978714
1689262754836297700,-5.0,-4.0,-9.8,62754.73257851601
1689262754836358400,-4.0,-4.0,-7.84,62754.743020772934
1689262754893769500,-5.0,-5.0,-7.84,62754.753468990326
1689262754893772900,-5.0,-5.0,-9.8,62754.76386642456
1689262754893791100,-4.0,-4.0,-7.84,62754.77429699898
1689262754893795700,-4.0,-3.0,-7.84,62754.7849779129
1689262754893803300,-5.0,-5.0,-9.8,62754.795472860336
1689262754893826200,-4.0,-4.0,-7.84,62754.80596470833
1689262754893899200,-5.0,-5.0,-7.84,62754.81648302078
