%time,field.accel_x,field.accel_y,field.accel_z,field.gyro_x,field.gyro_y,field.gyro_z,field.state,field.swing_time,field.t,field.steps
1689262743437323900,-9.327809667968749,1.915361328125,-1.7884686401367187,-0.5343511450381679,-3.33587786259542,-0.31297709923664124,0.0,0.5015884240468343,62743.299215078354,47.0
1689262743437347500,-9.212887988281249,1.8770541015625,-1.8914193115234375,0.16030534351145037,-3.450381679389313,-0.3893129770992366,0.0,0.5015884240468343,62743.31880712509,47.0
1689262743506119500,-9.323021264648437,1.867477294921875,-1.867477294921875,0.3511450381679389,-3.053435114503817,-0.3053435114503817,0.0,0.5015884240468343,62743.34184241295,47.0
1689262743506154200,-9.198522778320312,1.8626888916015625,-1.936909143066406,0.9389312977099237,-3.480916030534351,-0.4580152671755725,0.0,0.5015884240468343,62743.36152791977,47.0
1689262743506171600,-9.234435803222656,1.89620771484375,-1.905784521484375,1.213740458015267,-3.3587786259541983,-0.4198473282442748,0.0,0.5015884240468343,62743.38371062279,47.0
1689262743506197400,-9.34696328125,1.908178723144531,-1.9129671264648436,0.6793893129770993,-2.931297709923664,-0.3816793893129771,0.0,0.5015884240468343,62743.40348649025,47.0
1689262743506222300,-9.382876306152344,1.9033903198242186,-1.8818425048828125,0.7709923664122137,-2.6259541984732824,-0.3969465648854962,0.0,0.5015884240468343,62743.42303991318,47.0
1689262743599755200,-9.294290844726563,1.8818425048828125,-1.9488801513671874,0.9312977099236641,-2.5572519083969465,-0.6106870229007634,0.0,0.5015884240468343,62743.446506261826,47.0
1689262743599761200,-9.33978067626953,1.917755529785156,-1.9105729248046874,1.297709923664122,-2.4885496183206106,-0.3969465648854962,0.0,0.5015884240468343,62743.46650695801,47.0
1689262743599787800,-9.334992272949219,1.879448303222656,-1.9033903198242186,1.549618320610687,-2.5419847328244276,-0.5572519083969466,0.0,0.5015884240468343,62743.488748312,47.0
1689262743599811100,-9.282319836425781,1.9225439331054686,-1.9033903198242186,1.816793893129771,-2.450381679389313,-0.9389312977099237,0.0,0.5015884240468343,62743.50822734833,47.0
1689262743664896300,-9.342174877929686,1.956062756347656,-2.0781670410156248,1.6412213740458015,-2.183206106870229,-0.6870229007633588,0.0,0.5015884240468343,62743.532026052475,47.0
1689262743664898200,-9.332598071289063,1.9297265380859374,-2.01112939453125,1.2290076335877862,-2.0763358778625953,-0.9312977099236641,0.0,0.5015884240468343,62743.55184531212,47.0
1689262743664899500,-9.306261853027344,1.9536685546875,-1.9871873779296874,1.099236641221374,-2.030534351145038,-0.9770992366412213,0.0,0.5015884240468343,62743.57177686691,47.0
1689262743664900900,-9.49300958251953,1.9033903198242186,-2.020706201171875,0.5343511450381679,-2.145038167938931,-0.8473282442748091,0.0,0.5015884240468343,62743.593969106674,47.0
1689262743729860800,-9.397241516113281,1.9321207397460936,-1.9847931762695312,0.5190839694656488,-2.282442748091603,-1.083969465648855,0.0,0.5015884240468343,62743.61428666115,47.0
1689262743729889100,-9.26316622314453,1.9536685546875,-1.9225439331054686,0.6106870229007634,-2.4427480916030535,-1.1450381679389312,0.0,0.5015884240468343,62743.636061906815,47.0
1689262743729896300,-9.351751684570312,1.8363526733398436,-2.0877438476562498,0.7175572519083969,-2.633587786259542,-1.1755725190839694,0.0,0.5015884240468343,62743.65571641922,47.0
1689262743798480300,-9.315838659667968,1.8291700683593748,-2.128445275878906,1.0,-2.66412213740458,-1.4885496183206106,0.0,0.5015884240468343,62743.67729187012,47.0
1689262743798499000,-9.449913952636718,1.838746875,-2.1116858642578125,1.9083969465648856,-3.381679389312977,-1.4427480916030535,0.0,0.5015884240468343,62743.69758224487,47.0
1689262743798502100,-9.428366137695312,1.9033903198242186,-2.1811177124023438,1.618320610687023,-3.6946564885496183,-1.4427480916030535,0.0,0.5015884240468343,62743.718114852905,47.0
1689262743857087300,-9.404424121093749,1.838746875,-2.0638018310546875,2.0229007633587788,-3.633587786259542,-1.6564885496183206,0.0,0.5015884240468343,62743.74148821831,47.0
1689262743857091500,-9.375693701171874,1.9704279663085937,-1.9105729248046874,1.0687022900763359,-3.7022900763358777,-1.1221374045801527,0.0,0.5015884240468343,62743.76097178459,47.0
1689262743857109600,-9.193734375,1.946485949707031,-1.924938134765625,0.0916030534351145,-3.3740458015267176,-1.0305343511450382,0.0,0.5015884240468343,62743.78374052048,47.0
1689262743935256000,-9.203311181640624,1.9105729248046874,-2.1308394775390624,-0.22900763358778625,-2.816793893129771,-1.0458015267175573,0.0,0.5015884240468343,62743.80346798897,47.0
1689262743935281600,-9.279925634765624,2.090138049316406,-1.9536685546875,-0.8625954198473282,-2.633587786259542,-1.3435114503816794,0.0,0.5015884240468343,62743.82575750351,47.0
1689262743935297000,-9.30147344970703,1.867477294921875,-1.9656395629882812,-0.7175572519083969,-2.3435114503816794,-1.5267175572519085,0.0,0.5015884240468343,62743.84549450874,47.0
1689262743992876700,-9.299079248046874,1.8195932617187498,-1.8698714965820311,-0.061068702290076333,-2.0610687022900764,-1.549618320610687,0.0,0.5015884240468343,62743.86926293373,47.0
1689262743992894600,-9.382876306152344,1.9033903198242186,-1.9009961181640624,0.37404580152671757,-2.2977099236641223,-1.5725190839694656,0.0,0.5015884240468343,62743.889048576355,47.0
1689262743992968900,-9.354145886230468,1.8219874633789062,-2.0183119995117185,0.5877862595419847,-2.2519083969465647,-1.6412213740458015,0.0,0.5015884240468343,62743.908757686615,47.0
1689262744062451100,-9.366116894531249,1.9129671264648436,-2.0159177978515626,0.9389312977099237,-2.3435114503816794,-1.618320610687023,0.0,0.5015884240468343,62743.93154215813,47.0
1689262744062458100,-9.411606726074218,1.9033903198242186,-2.099714855957031,0.7022900763358778,-2.2748091603053435,-1.549618320610687,0.0,0.5015884240468343,62743.95134782791,47.0
1689262744062505600,-9.318232861328125,1.8531120849609375,-2.068590234375,0.45038167938931295,-2.114503816793893,-1.6106870229007633,0.0,0.5015884240468343,62743.973490953445,47.0
1689262744062565400,-9.303867651367186,1.8626888916015625,-2.085349645996094,0.31297709923664124,-2.2519083969465647,-1.3053435114503817,0.0,0.5015884240468343,62743.99305677414,47.0
1689262744121674200,-9.390058911132812,1.7812860351562498,-2.118868469238281,0.1450381679389313,-2.3893129770992365,-1.3206106870229009,0.0,0.5015884240468343,62744.01622247696,47.0
1689262744121677300,-9.418789331054686,1.7741034301757812,-2.114080065917969,0.2366412213740458,-2.648854961832061,-1.534351145038168,0.0,0.5015884240468343,62744.03599071503,47.0
1689262744217907600,-9.394847314453125,1.7597382202148437,-2.051830822753906,0.13740458015267176,-2.9160305343511452,-1.3435114503816794,0.0,0.5015884240468343,62744.05634975433,47.0
1689262744217909600,-9.212887988281249,1.8267758666992187,-2.0254946044921875,0.20610687022900764,-3.0229007633587788,-1.1068702290076335,0.0,0.5015884240468343,62744.0794672966,47.0
1689262744217922500,-9.327809667968749,1.8100164550781248,-1.9991583862304687,0.06870229007633588,-2.6564885496183206,-1.1603053435114503,0.0,0.5015884240468343,62744.09901022911,47.0
1689262744217933300,-9.315838659667968,1.7812860351562498,-2.0638018310546875,0.2366412213740458,-2.9160305343511452,-1.0534351145038168,0.0,0.5015884240468343,62744.1212747097,47.0
1689262744217938100,-9.466673364257812,1.7669208251953124,-2.1068974609374997,-1.9312977099236641,-3.3053435114503817,-0.6335877862595419,0.0,0.5015884240468343,62744.14056491852,47.0
1689262744277043900,-9.409212524414063,1.8100164550781248,-2.224213342285156,0.1450381679389313,-3.3206106870229006,-0.5572519083969466,0.0,0.5015884240468343,62744.163491249084,47.0
1689262744277053700,-9.488221179199218,1.8052280517578123,-2.138022082519531,-0.24427480916030533,-3.198473282442748,-0.22900763358778625,0.0,0.5015884240468343,62744.183050870895,47.0
1689262744277059700,-9.30147344970703,1.8124106567382812,-2.1021090576171875,-0.366412213740458,-3.0076335877862594,-0.08396946564885496,0.0,0.5015884240468343,62744.20304751396,47.0
1689262744382053600,-9.497797985839844,1.7836802368164062,-2.1068974609374997,-0.26717557251908397,-3.198473282442748,-0.22900763358778625,0.0,0.5015884240468343,62744.226378917694,47.0
1689262744382063300,-9.366116894531249,1.8124106567382812,-2.0087351928710935,-0.12213740458015267,-3.312977099236641,1.916030534351145,0.0,0.5015884240468343,62744.24613046646,47.0
1689262744382069700,-9.402029919433593,1.8052280517578123,-2.0757728393554684,-0.10687022900763359,-3.450381679389313,-0.1297709923664122,0.0,0.5015884240468343,62744.268371105194,47.0
1689262744382073600,-9.323021264648437,1.8531120849609375,-1.9608511596679685,0.13740458015267176,-2.9083969465648853,1.9389312977099236,0.0,0.5015884240468343,62744.28824043274,47.0
1689262744382381300,-9.361328491210937,1.8124106567382812,-2.04943662109375,0.16030534351145037,-2.900763358778626,-1.9389312977099236,0.0,0.5015884240468343,62744.31022596359,47.0
1689262744445377700,-9.373299499511718,1.848323681640625,-1.9321207397460936,0.22900763358778625,-2.816793893129771,-1.9465648854961832,0.0,0.5015884240468343,62744.33171200752,47.0
1689262744445381700,-9.373299499511718,1.8028338500976562,-2.128445275878906,0.5419847328244275,-2.854961832061069,0.030534351145038167,0.0,0.5015884240468343,62744.351491212845,47.0
1689262744445396700,-9.430760339355468,1.697488977050781,-2.04943662109375,0.7480916030534351,-2.8702290076335877,0.12213740458015267,0.0,0.5015884240468343,62744.373606443405,47.0
1689262744549428600,-9.366116894531249,1.68551796875,-2.0877438476562498,1.0229007633587786,-3.16793893129771,-0.030534351145038167,0.0,0.5015884240468343,62744.39563012123,47.0
1689262744549430600,-9.311050256347656,1.8770541015625,-2.205059729003906,0.7557251908396947,-3.2442748091603053,-0.12213740458015267,0.0,0.5015884240468343,62744.4186193943,47.0
1689262744549494400,-9.361328491210937,1.8291700683593748,-2.090138049316406,0.5267175572519084,-3.145038167938931,1.9312977099236641,0.0,0.5015884240468343,62744.438427209854,47.0
1689262744549501100,-9.366116894531249,1.8818425048828125,-2.061407629394531,0.3893129770992366,-3.3206106870229006,-0.015267175572519083,0.0,0.5015884240468343,62744.460995435715,47.0
1689262744549516900,-9.354145886230468,1.848323681640625,-2.080561242675781,0.5801526717557252,-3.2977099236641223,-0.1984732824427481,0.0,0.5015884240468343,62744.480721473694,47.0
1689262744613050500,-9.402029919433593,1.8171990600585937,-2.0757728393554684,0.7022900763358778,-3.5343511450381677,-0.15267175572519084,0.0,0.5015884240468343,62744.50407195091,47.0
1689262744613061600,-9.397241516113281,1.8507178833007811,-2.0877438476562498,0.46564885496183206,-3.5267175572519083,-0.022900763358778626,0.0,0.5015884240468343,62744.52424812317,47.0
1689262744613094200,-9.351751684570312,1.8339584716796873,-2.0087351928710935,0.2748091603053435,-3.480916030534351,0.13740458015267176,0.0,0.5015884240468343,62744.54409146309,47.0
1689262744701335600,-9.332598071289063,1.8698714965820311,-2.090138049316406,0.20610687022900764,-3.4656488549618323,0.08396946564885496,0.0,0.5015884240468343,62744.56884098053,47.0
1689262744701345800,-9.303867651367186,1.848323681640625,-2.0446482177734375,0.3053435114503817,-3.2900763358778624,-0.26717557251908397,0.0,0.5015884240468343,62744.589007377625,47.0
1689262744701352100,-9.267954626464844,1.8842367065429686,-2.152387292480469,0.4198473282442748,-3.6564885496183206,-0.12213740458015267,0.0,0.5015884240468343,62744.61137390137,47.0
1689262744701435500,-9.323021264648437,1.936909143066406,-2.0781670410156248,0.4198473282442748,-3.7022900763358777,-0.3816793893129771,0.0,0.5015884240468343,62744.630992650986,47.0
1689262744752890000,-9.34696328125,1.8435352783203125,-2.070984436035156,0.3969465648854962,-3.7099236641221376,-0.3969465648854962,0.0,0.5015884240468343,62744.65422439575,47.0
1689262744752900800,-9.351751684570312,1.93451494140625,-2.080561242675781,0.03816793893129771,-3.6412213740458017,-0.3282442748091603,0.0,0.5015884240468343,62744.67368268967,47.0
1689262744833006700,-9.344569079589844,1.924938134765625,-2.118868469238281,-0.1984732824427481,-3.6412213740458017,-0.42748091603053434,0.0,0.5015884240468343,62744.69715690613,47.0
1689262744833118000,-9.351751684570312,1.9009961181640624,-2.0446482177734375,-1.9083969465648856,-1.984732824427481,-0.5801526717557252,0.0,0.5015884240468343,62744.71685385704,47.0
1689262744833139000,-9.334992272949219,1.9297265380859374,-2.003946789550781,0.2900763358778626,-3.954198473282443,-0.6259541984732825,0.0,0.5015884240468343,62744.73678064346,47.0
1689262744833173500,-9.356540087890625,1.9512743530273435,-1.8602946899414061,-1.9389312977099236,-4.038167938931298,-0.8625954198473282,0.0,0.5015884240468343,62744.75887346268,47.0
1689262744889023200,-9.212887988281249,1.9033903198242186,-2.085349645996094,-0.22900763358778625,-3.8931297709923665,-0.9923664122137404,0.0,0.5015884240468343,62744.78006672859,47.0
1689262744889045800,-9.294290844726563,1.9536685546875,-2.0350714111328125,-0.5954198473282443,-3.9389312977099236,-0.8778625954198473,0.0,0.5015884240468343,62744.802252054214,47.0
1689262744889098200,-9.358934289550781,1.838746875,-2.1164742675781247,-0.5419847328244275,-3.9618320610687023,-1.0763358778625953,0.0,0.5015884240468343,62744.82174730301,47.0
1689262744986304100,-9.421183532714844,1.8339584716796873,-1.9823989746093749,-0.6717557251908397,-3.6946564885496183,-0.9083969465648855,0.0,0.5015884240468343,62744.84481072426,47.0
1689262744986309000,-9.37808790283203,1.8818425048828125,-2.142810485839844,-0.40458015267175573,-3.717557251908397,-0.9770992366412213,0.0,0.5015884240468343,62744.86448907852,47.0
1689262745052874600,-9.291896643066405,1.8722656982421875,-2.0183119995117185,-0.4580152671755725,-3.5343511450381677,-0.8091603053435115,0.0,0.5015884240468343,62744.88461852074,47.0
1689262745052883100,-9.363722692871093,1.9009961181640624,-2.0302830078125,-0.12213740458015267,-3.2519083969465647,-1.0763358778625953,0.0,0.5015884240468343,62744.90727329254,47.0
1689262745052888900,-9.291896643066405,1.8459294799804686,-2.051830822753906,-0.17557251908396945,-3.030534351145038,-0.8702290076335878,0.0,0.5015884240468343,62744.927292346954,47.0
1689262745052944700,-9.382876306152344,1.7908628417968748,-2.118868469238281,0.15267175572519084,-3.1755725190839694,-1.015267175572519,0.0,0.5015884240468343,62744.949781656265,47.0
1689262745052958800,-9.220070593261719,1.927332336425781,-2.0542250244140625,0.5038167938931297,-3.312977099236641,-1.0534351145038168,0.0,0.5015884240468343,62744.969517469406,47.0
1689262745157057000,-9.5001921875,1.85790048828125,-1.9871873779296874,0.5419847328244275,-3.4122137404580153,-0.9694656488549618,0.0,0.5015884240468343,62744.99287867546,47.0
1689262745157067900,-9.370905297851563,1.8746598999023436,-2.0183119995117185,0.4732824427480916,-3.3740458015267176,-0.9007633587786259,0.0,0.5015884240468343,62745.012427568436,47.0
1689262745157087100,-9.425971936035156,1.8459294799804686,-2.1356278808593747,-1.8931297709923665,-3.4580152671755724,-0.7022900763358778,0.0,0.5015884240468343,62745.03224945068,47.0
1689262745157094900,-9.404424121093749,1.8459294799804686,-2.1068974609374997,-0.1450381679389313,-3.7786259541984735,-0.8625954198473282,0.0,0.5015884240468343,62745.05524468422,47.0
1689262745157097000,-9.287108239746093,1.85790048828125,-1.9847931762695312,-0.48091603053435117,-3.6793893129770994,-0.8778625954198473,0.0,0.5015884240468343,62745.07455587387,47.0
1689262745221219100,-9.409212524414063,1.8602946899414061,-2.0781670410156248,-0.7709923664122137,-3.946564885496183,-0.8625954198473282,0.0,0.5015884240468343,62745.098266124725,47.0
1689262745221236300,-9.358934289550781,1.8171990600585937,-2.0278888061523435,-0.5038167938931297,-4.022900763358779,-0.8625954198473282,0.0,0.5015884240468343,62745.11775135994,47.0
1689262745221261300,-9.397241516113281,1.85790048828125,-2.0781670410156248,-0.42748091603053434,-3.9618320610687023,-1.015267175572519,0.0,0.5015884240468343,62745.1401181221,47.0
1689262745280935500,-9.356540087890625,1.7525556152343749,-2.094926452636719,-0.5877862595419847,-3.9160305343511452,-0.7938931297709924,0.0,0.5015884240468343,62745.160470724106,47.0
1689262745280937400,-9.363722692871093,1.7980454467773437,-2.0446482177734375,-0.5343511450381679,-4.137404580152672,-0.6793893129770993,0.0,0.5015884240468343,62745.18046617508,47.0
1689262745280939100,-9.358934289550781,1.8195932617187498,-2.013523596191406,-0.6717557251908397,-3.9618320610687023,-0.44274809160305345,0.0,0.5015884240468343,62745.20273685455,47.0
1689262745344966200,-9.358934289550781,1.8243816650390623,-1.889025109863281,-0.7557251908396947,-3.7938931297709924,-0.22900763358778625,0.0,0.5015884240468343,62745.22436761856,47.0
1689262745344968600,-9.473855969238281,1.8219874633789062,-1.9608511596679685,-0.4580152671755725,-3.4198473282442747,-0.44274809160305345,0.0,0.5015884240468343,62745.24649643898,47.0
1689262745344991700,-9.349357482910156,1.7860744384765623,-1.9297265380859374,-0.08396946564885496,-3.427480916030534,-0.2748091603053435,0.0,0.5015884240468343,62745.266380786896,47.0
1689262745445320300,-9.342174877929686,1.7812860351562498,-1.8650830932617186,0.2595419847328244,-3.0839694656488548,-0.6106870229007634,0.0,0.5015884240468343,62745.29052042961,47.0
1689262745445441500,-9.356540087890625,1.7645266235351562,-1.8818425048828125,0.7862595419847328,-3.3969465648854964,-0.16030534351145037,0.0,0.5015884240468343,62745.31026792526,47.0
1689262745445472000,-9.414000927734374,1.7429788085937499,-1.9943699829101562,0.8778625954198473,-3.312977099236641,-0.5954198473282443,0.0,0.5015884240468343,62745.33276295662,47.0
1689262745445475500,-9.361328491210937,1.9416975463867185,-2.003946789550781,1.3053435114503817,-3.2595419847328246,-0.5419847328244275,0.0,0.5015884240468343,62745.35233712196,47.0
1689262745445513500,-9.45470235595703,1.7788918334960937,-2.1930887207031247,0.4198473282442748,-3.519083969465649,0.15267175572519084,0.0,0.5015884240468343,62745.372025966644,47.0
1689262745505007300,-9.330203869628905,1.927332336425781,-2.0470424194335934,0.2900763358778626,-3.732824427480916,-0.5190839694656488,0.0,0.5015884240468343,62745.39576935768,47.0
1689262745505051000,-9.356540087890625,1.9297265380859374,-2.0063409912109376,0.3893129770992366,-3.572519083969466,-0.35877862595419846,0.0,0.5015884240468343,62745.41524529457,47.0
1689262745505133000,-9.234435803222656,1.7238251953125,-2.090138049316406,-0.13740458015267176,-3.4885496183206106,-0.3893129770992366,0.0,0.5015884240468343,62745.43727469444,47.0
1689262745609417200,-9.303867651367186,1.8243816650390623,-1.8531120849609375,0.15267175572519084,-3.4885496183206106,-0.7404580152671756,0.0,0.5015884240468343,62745.45839571953,47.0
1689262745609435100,-9.390058911132812,1.8411410766601561,-1.9991583862304687,0.35877862595419846,-3.732824427480916,-0.3816793893129771,0.0,0.5015884240468343,62745.48008608818,47.0
1689262745609445500,-9.421183532714844,1.838746875,-2.059013427734375,0.007633587786259542,-3.4656488549618323,-0.2748091603053435,0.0,0.5015884240468343,62745.49972867966,47.0
1689262745609451000,-9.37808790283203,1.7118541870117185,-2.090138049316406,0.16793893129770993,-3.5419847328244276,-0.25190839694656486,0.0,0.5015884240468343,62745.51951336861,47.0
1689262745609456900,-9.3086560546875,1.9393033447265624,-2.1068974609374997,0.0916030534351145,-3.5114503816793894,-0.25190839694656486,0.0,0.5015884240468343,62745.541293144226,47.0
1689262745669270500,-9.210493786621093,1.9297265380859374,-1.927332336425781,-0.06870229007633588,-3.4732824427480917,-0.19083969465648856,0.0,0.5015884240468343,62745.56172013283,47.0
1689262745669276300,-9.313444458007812,1.8171990600585937,-2.023100402832031,0.1450381679389313,-3.6412213740458017,-0.26717557251908397,0.0,0.5015884240468343,62745.58355307579,47.0
1689262745669304200,-9.370905297851563,1.8722656982421875,-1.9488801513671874,0.7175572519083969,-3.564885496183206,-0.5190839694656488,0.0,0.5015884240468343,62745.60305738449,47.0
1689262745772949100,-9.490615380859374,1.908178723144531,-2.0254946044921875,0.5877862595419847,-5.740458015267175,-0.5725190839694656,0.0,0.5015884240468343,62745.62650847435,47.0
1689262745772951000,-9.469067565917967,1.9201497314453124,-2.068590234375,0.6717557251908397,-3.595419847328244,-0.6793893129770993,0.0,0.5015884240468343,62745.64625740051,47.0
1689262745772953500,-9.313444458007812,1.8698714965820311,-1.9608511596679685,0.6412213740458015,-3.7557251908396947,-0.7633587786259542,0.0,0.5015884240468343,62745.666007995605,47.0
1689262745773158900,-9.334992272949219,1.8315642700195311,-1.9129671264648436,0.10687022900763359,-3.5801526717557253,-0.3282442748091603,0.0,0.5015884240468343,62745.68906760216,47.0
1689262745773162200,-9.358934289550781,1.8195932617187498,-1.9656395629882812,-0.11450381679389313,-3.5801526717557253,-0.6335877862595419,0.0,0.5015884240468343,62745.70898389816,47.0
1689262745824879900,-9.318232861328125,1.898601916503906,-1.898601916503906,-0.022900763358778626,-3.763358778625954,-0.6412213740458015,0.0,0.5015884240468343,62745.732223033905,47.0
1689262745824898300,-9.323021264648437,1.9297265380859374,-2.0829554443359375,-0.12213740458015267,-3.351145038167939,-0.9389312977099237,0.0,0.5015884240468343,62745.751980781555,47.0
1689262745885118200,-9.325415466308593,1.6903063720703124,-1.944091748046875,0.3053435114503817,-3.549618320610687,-1.0610687022900764,0.0,0.5015884240468343,62745.77455878258,47.0
1689262745885123300,-9.485826977539062,1.9776105712890624,-1.9201497314453124,0.5877862595419847,-3.717557251908397,-1.083969465648855,0.0,0.5015884240468343,62745.794691085815,47.0
1689262745885126100,-9.49300958251953,1.8650830932617186,-1.93451494140625,1.1221374045801527,-3.4732824427480917,-1.1374045801526718,0.0,0.5015884240468343,62745.81455206871,47.0
1689262745948870300,-9.402029919433593,1.85790048828125,-1.848323681640625,1.0687022900763359,-3.5801526717557253,-0.916030534351145,0.0,0.5015884240468343,62745.83843922615,47.0
1689262745948876900,-9.3852705078125,1.8722656982421875,-2.2194249389648437,0.6412213740458015,-3.4885496183206106,-0.7786259541984732,0.0,0.5015884240468343,62745.85843658447,47.0
1689262745948879200,-9.294290844726563,1.8818425048828125,-2.023100402832031,0.16793893129770993,-3.6412213740458017,-0.6641221374045801,0.0,0.5015884240468343,62745.8804795742,47.0
1689262746057805000,-9.363722692871093,1.886630908203125,-2.059013427734375,-0.48091603053435117,-3.5877862595419847,-0.48854961832061067,0.0,0.5015884240468343,62745.90103840828,47.0
1689262746058053500,-9.375693701171874,1.956062756347656,-2.0829554443359375,-0.5038167938931297,-3.595419847328244,-0.8244274809160306,0.0,0.5015884240468343,62745.92298793793,47.0
1689262746058057900,-9.361328491210937,1.8818425048828125,-2.04943662109375,-0.2824427480916031,-3.4580152671755724,-0.7938931297709924,0.0,0.5015884240468343,62745.942989587784,47.0
1689262746058066400,-9.287108239746093,1.8531120849609375,-2.013523596191406,-0.19083969465648856,-3.366412213740458,-0.9541984732824428,0.0,0.5015884240468343,62745.96513795853,47.0
1689262746058159700,-9.3852705078125,1.707065783691406,-2.039859814453125,-0.12213740458015267,-3.3435114503816794,-0.5419847328244275,0.0,0.5015884240468343,62745.98477745056,47.0
1689262746117007100,-9.327809667968749,1.7525556152343749,-2.0350714111328125,0.17557251908396945,-3.50381679389313,-0.6564885496183206,0.0,0.5015884240468343,62746.00526595116,47.0
1689262746117008800,-9.289502441406249,1.9512743530273435,-1.9393033447265624,0.46564885496183206,-3.618320610687023,-0.7480916030534351,0.0,0.5015884240468343,62746.02799344063,47.0
1689262746117019600,-9.349357482910156,1.908178723144531,-1.944091748046875,0.12213740458015267,-3.33587786259542,-0.3893129770992366,0.0,0.5015884240468343,62746.048271894455,47.0
1689262746225624400,-9.205705383300781,1.905784521484375,-1.9608511596679685,0.05343511450381679,-2.9160305343511452,-0.9847328244274809,0.0,0.5015884240468343,62746.07087159157,47.0
1689262746225643100,-9.325415466308593,1.8459294799804686,-2.0542250244140625,0.19083969465648856,-3.0229007633587788,-0.8244274809160306,0.0,0.5015884240468343,62746.091289281845,47.0
1689262746225749000,-9.361328491210937,1.9105729248046874,-1.944091748046875,0.37404580152671757,-3.2748091603053435,-1.0076335877862594,0.0,0.5015884240468343,62746.11302280426,47.0
1689262746225754300,-9.399635717773437,1.8100164550781248,-2.01112939453125,0.6106870229007634,-2.954198473282443,-0.7862595419847328,0.0,0.5015884240468343,62746.13280105591,47.0
1689262746289051900,-9.356540087890625,1.838746875,-1.9991583862304687,1.1145038167938932,-3.3435114503816794,-0.8244274809160306,0.0,0.5015884240468343,62746.15314126015,47.0
1689262746289056800,-9.457096557617186,1.8818425048828125,-2.0159177978515626,1.1297709923664123,-3.450381679389313,-0.7938931297709924,0.0,0.5015884240468343,62746.17526268959,47.0
1689262746289108700,-9.306261853027344,1.8148048583984373,-2.0470424194335934,0.9007633587786259,-3.1068702290076335,-0.5190839694656488,0.0,0.5015884240468343,62746.19504237175,47.0
1689262746289119500,-9.368511096191405,1.838746875,-2.0302830078125,0.9236641221374046,-3.267175572519084,-0.5801526717557252,0.0,0.5015884240468343,62746.21703219414,47.0
1689262746353133000,-9.368511096191405,1.8411410766601561,-2.133233679199219,0.46564885496183206,-2.854961832061069,-0.2366412213740458,0.0,0.5015884240468343,62746.2374920845,47.0
1689262746353153200,-9.382876306152344,1.8770541015625,-1.936909143066406,0.10687022900763359,-3.015267175572519,-0.08396946564885496,0.0,0.5015884240468343,62746.25962972641,47.0
1689262746353206600,-9.447519750976562,1.898601916503906,-2.133233679199219,-0.09923664122137404,-3.030534351145038,-1.9236641221374047,0.0,0.5015884240468343,62746.27932596207,47.0
1689262746417414000,-9.294290844726563,1.8842367065429686,-2.0278888061523435,0.11450381679389313,-3.2290076335877864,-0.09923664122137404,0.0,0.5015884240468343,62746.300013542175,47.0
1689262746417419100,-9.37808790283203,1.695094775390625,-2.104503259277344,0.05343511450381679,-3.33587786259542,1.8625954198473282,0.0,0.5015884240468343,62746.3227686882,47.0
1689262746417432700,-9.303867651367186,1.7022773803710936,-2.1164742675781247,-0.03816793893129771,-2.969465648854962,-0.07633587786259542,0.0,0.5015884240468343,62746.34280061722,47.0
1689262746517640600,-9.394847314453125,1.9728221679687499,-1.9871873779296874,0.20610687022900764,-3.183206106870229,0.05343511450381679,0.0,0.5015884240468343,62746.36652970314,47.0
1689262746517688100,-9.34696328125,1.8363526733398436,-1.9991583862304687,0.5190839694656488,-3.1526717557251906,-0.1984732824427481,0.0,0.5015884240468343,62746.386399269104,47.0
1689262746517693300,-9.294290844726563,1.8291700683593748,-1.9584569580078124,0.6030534351145038,-3.053435114503817,0.030534351145038167,0.0,0.5015884240468343,62746.4088845253,47.0
1689262746517695400,-9.414000927734374,1.8219874633789062,-2.0542250244140625,0.7022900763358778,-2.900763358778626,0.03816793893129771,0.0,0.5015884240468343,62746.428495407104,47.0
1689262746517709100,-9.299079248046874,1.879448303222656,-2.128445275878906,0.8931297709923665,-3.2061068702290076,-0.04580152671755725,0.0,0.5015884240468343,62746.44801402092,47.0
1689262746569648000,-9.45470235595703,1.917755529785156,-2.123656872558594,0.7862595419847328,-3.0610687022900764,-1.9465648854961832,0.0,0.5015884240468343,62746.471693754196,47.0
1689262746569650200,-9.337386474609374,1.8698714965820311,-2.133233679199219,0.7786259541984732,-3.0839694656488548,-0.3435114503816794,0.0,0.5015884240468343,62746.491312265396,47.0
1689262746661003800,-9.402029919433593,1.8315642700195311,-2.0278888061523435,0.6335877862595419,-3.267175572519084,-0.42748091603053434,0.0,0.5015884240468343,62746.514125585556,47.0
1689262746661005600,-9.34696328125,1.8722656982421875,-2.094926452636719,0.45038167938931295,-3.068702290076336,-0.1297709923664122,0.0,0.5015884240468343,62746.53399729729,47.0
1689262746661007100,-9.428366137695312,1.924938134765625,-1.9919757812499999,0.5419847328244275,-3.183206106870229,0.11450381679389313,0.0,0.5015884240468343,62746.55602145195,47.0
1689262746661011800,-9.433154541015625,1.8770541015625,-2.090138049316406,0.2900763358778626,-3.2977099236641223,-0.05343511450381679,0.0,0.5015884240468343,62746.57590532303,47.0
1689262746737274900,-9.203311181640624,1.956062756347656,-2.070984436035156,0.13740458015267176,-3.381679389312977,0.07633587786259542,0.0,0.5015884240468343,62746.59977865219,47.0
1689262746737277800,-9.330203869628905,1.9608511596679685,-2.003946789550781,-0.29770992366412213,-3.1755725190839694,-0.10687022900763359,0.0,0.5015884240468343,62746.61957001686,47.0
1689262746737296600,-9.5001921875,1.867477294921875,-1.9752163696289062,-0.29770992366412213,-3.114503816793893,-1.8625954198473282,0.0,0.5015884240468343,62746.63914132118,47.0
1689262746737305700,-9.423577734375,1.7788918334960937,-2.042254016113281,-0.1450381679389313,-3.213740458015267,1.900763358778626,0.0,0.5015884240468343,62746.661736249924,47.0
1689262746784862400,-9.34696328125,1.944091748046875,-1.8411410766601561,0.3511450381679389,-3.4580152671755724,-0.061068702290076333,0.0,0.5015884240468343,62746.68230295181,47.0
1689262746784872200,-9.344569079589844,1.8339584716796873,-1.867477294921875,0.3893129770992366,-3.4427480916030535,-1.9312977099236641,0.0,0.5015884240468343,62746.704499959946,47.0
1689262746849303000,-9.483432775878907,1.908178723144531,-2.059013427734375,0.2900763358778626,-3.3893129770992365,1.9312977099236641,0.0,0.5015884240468343,62746.72574353218,47.0
1689262746849313200,-9.361328491210937,1.924938134765625,-1.9943699829101562,0.1984732824427481,-3.633587786259542,-0.030534351145038167,0.0,0.5015884240468343,62746.74801015854,47.0
1689262746849594900,-9.373299499511718,1.89620771484375,-1.9895815795898437,-0.20610687022900764,-3.3282442748091605,0.08396946564885496,0.0,0.5015884240468343,62746.7676281929,47.0
1689262746908942200,-9.265560424804686,1.927332336425781,-2.0183119995117185,-0.2366412213740458,-3.2900763358778624,-0.08396946564885496,0.0,0.5015884240468343,62746.7890059948,47.0
1689262746908963500,-9.332598071289063,1.8914193115234375,-2.042254016113281,-0.2900763358778626,-3.2290076335877864,1.8931297709923665,0.0,0.5015884240468343,62746.8119263649,47.0
1689262746909015400,-9.303867651367186,1.9728221679687499,-2.070984436035156,-0.030534351145038167,-3.2595419847328246,-0.2595419847328244,0.0,0.5015884240468343,62746.83177447319,47.0
1689262746972977500,-9.471461767578125,1.8842367065429686,-2.0302830078125,0.21374045801526717,-3.2595419847328246,1.816793893129771,0.0,0.5015884240468343,62746.854531764984,47.0
1689262746972982200,-9.34696328125,1.9033903198242186,-2.003946789550781,0.33587786259541985,-3.312977099236641,0.183206106870229,0.0,0.5015884240468343,62746.87403464317,47.0
1689262746972984300,-9.217676391601563,1.8411410766601561,-2.013523596191406,0.3435114503816794,-3.1068702290076335,0.16793893129770993,0.0,0.5015884240468343,62746.89642524719,47.0
1689262747033290200,-9.33978067626953,1.8818425048828125,-2.0302830078125,0.3435114503816794,-3.4580152671755724,-0.03816793893129771,0.0,0.5015884240468343,62746.917623996735,47.0
1689262747033493200,-9.203311181640624,1.9416975463867185,-2.0566192260742184,0.45038167938931295,-3.2748091603053435,1.9465648854961832,0.0,0.5015884240468343,62746.93864560127,47.0
1689262747033531600,-9.3086560546875,1.9033903198242186,-2.0781670410156248,0.12213740458015267,-3.7404580152671754,0.007633587786259542,0.0,0.5015884240468343,62746.95930290222,47.0
1689262747093205900,-9.296685046386719,1.917755529785156,-2.0733786376953125,0.22900763358778625,-3.3969465648854964,-0.030534351145038167,0.0,0.5015884240468343,62746.98001623154,47.0
1689262747093208100,-9.358934289550781,1.924938134765625,-2.013523596191406,0.4580152671755725,-3.4732824427480917,-0.35877862595419846,0.0,0.5015884240468343,62747.00285434723,47.0
1689262747093219300,-9.478644372558593,1.9488801513671874,-2.1068974609374997,0.3816793893129771,-3.3587786259541983,-0.3969465648854962,0.0,0.5015884240468343,62747.02302145958,47.0
1689262747153001100,-9.411606726074218,1.867477294921875,-2.061407629394531,0.45038167938931295,-3.2748091603053435,-0.29770992366412213,0.0,0.5015884240468343,62747.046823740005,47.0
1689262747153002800,-9.342174877929686,1.915361328125,-1.8746598999023436,0.4961832061068702,-3.549618320610687,-0.26717557251908397,0.0,0.5015884240468343,62747.06679272652,47.0
1689262747153058600,-9.198522778320312,1.9201497314453124,-2.0446482177734375,0.5801526717557252,-3.6259541984732824,-0.24427480916030533,0.0,0.5015884240468343,62747.08876538277,47.0
1689262747213129600,-9.311050256347656,2.1308394775390624,-2.094926452636719,0.3511450381679389,-3.450381679389313,-0.3816793893129771,0.0,0.5015884240468343,62747.10913133621,47.0
1689262747213141600,-9.306261853027344,1.9297265380859374,-1.9201497314453124,0.37404580152671757,-3.519083969465649,-0.5954198473282443,0.0,0.5015884240468343,62747.12863564491,47.0
1689262747281328100,-9.358934289550781,1.8459294799804686,-2.0350714111328125,0.366412213740458,-3.4656488549618323,-0.8015267175572519,0.0,0.5015884240468343,62747.15184736252,47.0
1689262747281333000,-9.3852705078125,1.908178723144531,-2.080561242675781,0.31297709923664124,-3.5877862595419847,-0.6030534351145038,0.0,0.5015884240468343,62747.17177128792,47.0
1689262747281348700,-9.476250170898437,1.8698714965820311,-2.070984436035156,0.2595419847328244,-3.4885496183206106,-0.4122137404580153,0.0,0.5015884240468343,62747.19433808327,47.0
1689262747281367600,-9.196128576660156,1.936909143066406,-2.003946789550781,0.12213740458015267,-3.618320610687023,-0.7862595419847328,0.0,0.5015884240468343,62747.214014053345,47.0
1689262747363578700,-9.342174877929686,1.9321207397460936,-2.070984436035156,0.05343511450381679,-3.66412213740458,-0.3969465648854962,0.0,0.5015884240468343,62747.238518714905,47.0
1689262747363585500,-9.375693701171874,1.917755529785156,-1.886630908203125,-1.9312977099236641,-3.6030534351145036,-0.5419847328244275,0.0,0.5015884240468343,62747.25802445412,47.0
1689262747425103300,-9.315838659667968,1.9632453613281249,-2.051830822753906,0.08396946564885496,-3.381679389312977,-0.9007633587786259,0.0,0.5015884240468343,62747.2806096077,47.0
1689262747425117200,-9.313444458007812,1.9225439331054686,-2.0925322509765625,0.2366412213740458,-3.49618320610687,-1.015267175572519,0.0,0.5015884240468343,62747.30054450035,47.0
1689262747425281600,-9.404424121093749,1.9033903198242186,-2.085349645996094,-0.1297709923664122,-3.6030534351145036,-0.9312977099236641,0.0,0.5015884240468343,62747.32053899765,47.0
1689262747425286400,-9.476250170898437,1.915361328125,-2.04943662109375,-1.9541984732824427,-3.7404580152671754,-1.0305343511450382,0.0,0.5015884240468343,62747.34208488464,47.0
1689262747425292500,-9.37808790283203,1.905784521484375,-2.104503259277344,-0.3282442748091603,-3.83206106870229,-1.0076335877862594,0.0,0.5015884240468343,62747.36181426048,47.0
1689262747481319900,-9.210493786621093,1.908178723144531,-2.0087351928710935,-0.2366412213740458,-3.7404580152671754,-0.9618320610687023,0.0,0.5015884240468343,62747.3850812912,47.0
1689262747481331400,-9.33978067626953,1.9033903198242186,-2.059013427734375,-0.21374045801526717,-3.7404580152671754,-1.0763358778625953,0.0,0.5015884240468343,62747.40502619743,47.0
1689262747576941900,-9.380482104492186,1.9297265380859374,-2.059013427734375,-0.2824427480916031,-3.732824427480916,-1.0763358778625953,0.0,0.5015884240468343,62747.42838740349,47.0
1689262747576961300,-9.260772021484375,1.85790048828125,-1.9536685546875,0.13740458015267176,-3.435114503816794,-1.1221374045801527,0.0,0.5015884240468343,62747.4479868412,47.0
1689262747576968900,-9.344569079589844,1.8938135131835936,-2.051830822753906,0.1984732824427481,-3.4427480916030535,-1.1908396946564885,0.0,0.5015884240468343,62747.4675822258,47.0
1689262747577001000,-9.320627062988281,1.9847931762695312,-1.9776105712890624,0.6564885496183206,-3.4427480916030535,-1.3969465648854962,0.0,0.5015884240468343,62747.48980498314,47.0
1689262747577023500,-9.397241516113281,1.9776105712890624,-2.0063409912109376,0.8931297709923665,-3.6259541984732824,-1.3206106870229009,0.0,0.5015884240468343,62747.50936770439,47.0
1689262747637146400,-9.315838659667968,1.848323681640625,-2.1308394775390624,1.099236641221374,-3.687022900763359,-1.213740458015267,0.0,0.5015884240468343,62747.53286933899,47.0
1689262747637166100,-9.337386474609374,1.9105729248046874,-2.1116858642578125,0.6564885496183206,-3.633587786259542,-1.2595419847328244,0.0,0.5015884240468343,62747.55238747597,47.0
1689262747692937300,-9.34696328125,1.9201497314453124,-2.1691467041015624,0.45038167938931295,-3.5572519083969465,-1.1221374045801527,0.0,0.5015884240468343,62747.57604980469,47.0
1689262747692950900,-9.3852705078125,1.927332336425781,-2.176329309082031,-0.29770992366412213,-3.6946564885496183,-1.0076335877862594,0.0,0.5015884240468343,62747.595798015594,47.0
1689262747693039800,-9.320627062988281,1.9225439331054686,-2.104503259277344,-0.5038167938931297,-3.969465648854962,-0.9618320610687023,0.0,0.5015884240468343,62747.61554837227,47.0
1689262747760944700,-9.342174877929686,1.867477294921875,-2.080561242675781,-0.5877862595419847,-3.816793893129771,-0.9694656488549618,0.0,0.5015884240468343,62747.638038635254,47.0
1689262747760965200,-9.318232861328125,1.8818425048828125,-2.032677209472656,-0.4198473282442748,-3.7251908396946565,-1.0229007633587786,0.0,0.5015884240468343,62747.65783858299,47.0
1689262747760984400,-9.358934289550781,1.8938135131835936,-2.0542250244140625,-0.3969465648854962,-3.9770992366412212,-1.1068702290076335,0.0,0.5015884240468343,62747.68002200127,47.0
1689262747817009600,-9.323021264648437,1.879448303222656,-2.003946789550781,-0.2900763358778626,-3.816793893129771,-1.1374045801526718,0.0,0.5015884240468343,62747.700746536255,47.0
1689262747817013200,-9.291896643066405,1.8602946899414061,-1.9871873779296874,-0.5343511450381679,-3.801526717557252,-1.2900763358778626,0.0,0.5015884240468343,62747.72327065468,47.0
1689262747817103600,-9.294290844726563,1.838746875,-2.090138049316406,-0.2824427480916031,-3.633587786259542,-1.1908396946564885,0.0,0.5015884240468343,62747.74315261841,47.0
1689262747885177300,-9.325415466308593,1.8363526733398436,-1.8411410766601561,-0.16030534351145037,-3.5419847328244276,-1.0687022900763359,0.0,0.5015884240468343,62747.76377797127,47.0
1689262747885208800,-9.344569079589844,1.9488801513671874,-2.1212626708984375,0.24427480916030533,-3.5419847328244276,-0.9007633587786259,0.0,0.5015884240468343,62747.78680729866,47.0
1689262747885224300,-9.392453112792968,1.8195932617187498,-1.9752163696289062,0.10687022900763359,-3.5419847328244276,-0.8091603053435115,0.0,0.5015884240468343,62747.80651760101,47.0
1689262747941106400,-9.291896643066405,1.9776105712890624,-2.059013427734375,0.1297709923664122,-3.49618320610687,-0.6641221374045801,0.0,0.5015884240468343,62747.83006954193,47.0
1689262747941110800,-9.366116894531249,1.8770541015625,-1.9129671264648436,0.29770992366412213,-3.3206106870229006,-0.8320610687022901,0.0,0.5015884240468343,62747.849752902985,47.0
1689262747941120400,-9.358934289550781,1.9033903198242186,-2.0638018310546875,0.4732824427480916,-3.4198473282442747,-0.9312977099236641,0.0,0.5015884240468343,62747.871636629105,47.0
1689262748009281000,-9.265560424804686,1.8722656982421875,-2.023100402832031,0.35877862595419846,-3.5267175572519083,-0.8015267175572519,0.0,0.5015884240468343,62747.892380952835,47.0
1689262748009287200,-9.344569079589844,1.8195932617187498,-2.0302830078125,0.4122137404580153,-3.450381679389313,-0.7557251908396947,0.0,0.5015884240468343,62747.91479754448,47.0
1689262748009289700,-9.325415466308593,1.8531120849609375,-2.023100402832031,0.22900763358778625,-3.633587786259542,-0.6946564885496184,0.0,0.5015884240468343,62747.934389829636,47.0
1689262748069351300,-9.334992272949219,1.838746875,-1.8411410766601561,0.12213740458015267,-3.4656488549618323,-0.916030534351145,0.0,0.5015884240468343,62747.955513715744,47.0
1689262748069353200,-9.366116894531249,1.838746875,-1.8435352783203125,0.3893129770992366,-3.450381679389313,-0.7862595419847328,0.0,0.5015884240468343,62747.978043317795,47.0
1689262748069357300,-9.392453112792968,1.8770541015625,-2.0829554443359375,0.11450381679389313,-3.564885496183206,-0.7709923664122137,0.0,0.5015884240468343,62747.997842788696,47.0
1689262748124909500,-9.349357482910156,1.867477294921875,-2.109291662597656,0.12213740458015267,-3.7022900763358777,-0.549618320610687,0.0,0.5015884240468343,62748.02100729942,47.0
1689262748124912700,-9.34696328125,1.8650830932617186,-2.128445275878906,1.916030534351145,-3.7251908396946565,-0.48091603053435117,0.0,0.5015884240468343,62748.04056620598,47.0
1689262748188932200,-9.363722692871093,1.8435352783203125,-2.0087351928710935,-0.06870229007633588,-3.50381679389313,-0.5419847328244275,0.0,0.5015884240468343,62748.063665390015,47.0
1689262748188974700,-9.392453112792968,1.8650830932617186,-2.003946789550781,0.15267175572519084,-3.4198473282442747,-0.7557251908396947,0.0,0.5015884240468343,62748.0833170414,47.0
1689262748188977000,-9.409212524414063,1.8555062866210936,-1.924938134765625,0.5190839694656488,-3.2442748091603053,-0.6564885496183206,0.0,0.5015884240468343,62748.10279393196,47.0
1689262748188978800,-9.351751684570312,1.8722656982421875,-1.924938134765625,0.5572519083969466,-3.480916030534351,-0.7404580152671756,0.0,0.5015884240468343,62748.12508702278,47.0
1689262748256185100,-9.370905297851563,1.8411410766601561,-2.142810485839844,0.5648854961832062,-3.854961832061069,-0.5725190839694656,0.0,0.5015884240468343,62748.14625740051,47.0
1689262748256196200,-9.330203869628905,1.9297265380859374,-2.0542250244140625,0.3435114503816794,-3.6946564885496183,-0.4351145038167939,0.0,0.5015884240468343,62748.16603970528,47.0
1689262748314096700,-9.382876306152344,1.8650830932617186,-2.0446482177734375,-0.022900763358778626,-3.6717557251908395,-0.5114503816793893,0.0,0.5015884240468343,62748.18836188316,47.0
1689262748314099700,-9.327809667968749,1.89620771484375,-2.0781670410156248,-0.46564885496183206,-3.83206106870229,-0.6717557251908397,0.0,0.5015884240468343,62748.21154212952,47.0
1689262748314101400,-9.481038574218749,1.9776105712890624,-1.9680337646484374,-0.3053435114503817,-3.687022900763359,-0.7786259541984732,0.0,0.5015884240468343,62748.23159313202,47.0
1689262748389344200,-9.49300958251953,1.8602946899414061,-1.9321207397460936,-0.3893129770992366,-3.6259541984732824,-0.549618320610687,0.0,0.5015884240468343,62748.25561475754,47.0
1689262748389347700,-9.390058911132812,1.9033903198242186,-1.9129671264648436,-1.8549618320610688,-3.3969465648854964,-0.5954198473282443,0.0,0.5015884240468343,62748.27528190613,47.0
1689262748389349700,-9.303867651367186,1.8938135131835936,-1.9105729248046874,0.1450381679389313,-3.4427480916030535,-0.4732824427480916,0.0,0.5015884240468343,62748.294917821884,47.0
1689262748389352900,-9.198522778320312,1.8219874633789062,-1.9632453613281249,0.09923664122137404,-3.053435114503817,-0.6717557251908397,0.0,0.5015884240468343,62748.31705856323,47.0
1689262748461075900,-9.380482104492186,1.8770541015625,-1.9416975463867185,0.35877862595419846,-3.0076335877862594,-0.732824427480916,0.0,0.5015884240468343,62748.33754038811,47.0
1689262748461088400,-9.349357482910156,1.8243816650390623,-1.9608511596679685,0.5877862595419847,-3.030534351145038,-0.7251908396946565,0.0,0.5015884240468343,62748.36039209366,47.0
1689262748461104800,-9.3852705078125,1.8459294799804686,-2.1021090576171875,0.6259541984732825,-3.4122137404580153,-0.6335877862595419,0.0,0.5015884240468343,62748.38002538681,47.0
1689262748512588200,-9.342174877929686,1.9105729248046874,-2.023100402832031,0.7709923664122137,-3.595419847328244,-0.8396946564885496,0.0,0.5015884240468343,62748.40309691429,47.0
1689262748512595600,-9.337386474609374,1.9536685546875,-2.138022082519531,0.5954198473282443,-3.6564885496183206,-0.8549618320610687,0.0,0.5015884240468343,62748.422818899155,47.0
1689262748512598400,-9.37808790283203,1.85790048828125,-2.0087351928710935,0.09923664122137404,-3.6259541984732824,-0.8549618320610687,0.0,0.5015884240468343,62748.44238471985,47.0
1689262748572912500,-9.356540087890625,1.8435352783203125,-2.094926452636719,-0.1450381679389313,-3.732824427480916,-0.7633587786259542,0.0,0.5015884240468343,62748.46566486359,47.0
1689262748572926600,-9.354145886230468,1.905784521484375,-2.142810485839844,-0.21374045801526717,-3.6564885496183206,-1.3053435114503817,0.0,0.5015884240468343,62748.48527908325,47.0
1689262748572941100,-9.358934289550781,1.697488977050781,-2.1404162841796874,-0.2824427480916031,-1.9694656488549618,-1.1526717557251909,0.0,0.5015884240468343,62748.50783753395,47.0
1689262748641833000,-9.337386474609374,1.7477672119140624,-1.924938134765625,-0.06870229007633588,-3.816793893129771,-1.1145038167938932,0.0,0.5015884240468343,62748.52826285362,47.0
1689262748641840100,-9.30147344970703,1.8195932617187498,-2.042254016113281,-0.030534351145038167,-3.9389312977099236,-1.0610687022900764,0.0,0.5015884240468343,62748.5501408577,47.0
1689262748641868400,-9.397241516113281,1.7980454467773437,-1.848323681640625,0.22137404580152673,-3.687022900763359,-0.9465648854961832,0.0,0.5015884240468343,62748.56983041763,47.0
1689262748692886500,-9.330203869628905,1.68551796875,-2.013523596191406,-0.21374045801526717,-3.6259541984732824,-0.5877862595419847,0.0,0.5015884240468343,62748.59039115906,47.0
1689262748693009400,-9.337386474609374,1.944091748046875,-1.8770541015625,-0.3435114503816794,-3.6259541984732824,-0.6335877862595419,0.0,0.5015884240468343,62748.61257505417,47.0
1689262748757100200,-9.363722692871093,1.8267758666992187,-2.080561242675781,1.83206106870229,-3.312977099236641,-0.5419847328244275,0.0,0.5015884240468343,62748.633081674576,47.0
1689262748757120200,-9.368511096191405,1.7788918334960937,-1.8914193115234375,0.16030534351145037,-3.312977099236641,-0.549618320610687,0.0,0.5015884240468343,62748.6550514698,47.0
1689262748757127400,-9.411606726074218,1.7980454467773437,-1.936909143066406,0.5190839694656488,-3.198473282442748,-0.5419847328244275,0.0,0.5015884240468343,62748.674594163895,47.0
1689262748817005300,-9.334992272949219,1.8219874633789062,-2.1164742675781247,0.3282442748091603,-3.49618320610687,-0.4351145038167939,0.0,0.5015884240468343,62748.69805765152,47.0
1689262748817007000,-9.311050256347656,1.9416975463867185,-1.9584569580078124,0.366412213740458,-3.3282442748091605,-0.5801526717557252,0.0,0.5015884240468343,62748.71796345711,47.0
1689262748817062200,-9.390058911132812,1.898601916503906,-1.9632453613281249,0.31297709923664124,-3.1068702290076335,-0.6717557251908397,0.0,0.5015884240468343,62748.7375702858,47.0
1689262748881187600,-9.368511096191405,1.68551796875,-1.9608511596679685,0.16030534351145037,-3.16793893129771,-0.4198473282442748,0.0,0.5015884240468343,62748.762402296066,47.0
1689262748881192000,-9.325415466308593,1.7884686401367187,-1.9847931762695312,0.7404580152671756,-3.366412213740458,-0.7099236641221374,0.0,0.5015884240468343,62748.783155202866,47.0
1689262748881198900,-9.399635717773437,1.8650830932617186,-1.9967641845703124,0.7862595419847328,-3.068702290076336,-0.6183206106870229,0.0,0.5015884240468343,62748.805556058884,47.0
1689262748941008100,-9.287108239746093,1.8411410766601561,-2.0542250244140625,0.6641221374045801,-3.0916030534351147,-0.6946564885496184,0.0,0.5015884240468343,62748.826046705246,47.0
1689262748941045900,-9.275137231445312,1.7022773803710936,-2.138022082519531,0.6412213740458015,-3.2977099236641223,-0.8931297709923665,0.0,0.5015884240468343,62748.848774671555,47.0
1689262748941053000,-9.392453112792968,1.7118541870117185,-2.1404162841796874,0.5877862595419847,-3.3053435114503817,-0.9007633587786259,0.0,0.5015884240468343,62748.868515491486,47.0
1689262749005539600,-9.373299499511718,1.8243816650390623,-1.889025109863281,0.4732824427480916,-3.1603053435114505,-0.6259541984732825,0.0,0.5015884240468343,62748.892621040344,47.0
1689262749005541500,-9.390058911132812,1.8243816650390623,-2.068590234375,0.5343511450381679,-3.0763358778625953,-0.5648854961832062,0.0,0.5015884240468343,62748.912204027176,47.0
1689262749005573100,-9.392453112792968,1.9728221679687499,-1.85790048828125,0.32061068702290074,-3.1603053435114505,-0.7099236641221374,0.0,0.5015884240468343,62748.93200850487,47.0
1689262749065120500,-9.37808790283203,1.7932570434570312,-2.051830822753906,0.25190839694656486,-3.3893129770992365,-0.33587786259541985,0.0,0.5015884240468343,62748.95552802086,47.0
1689262749065125200,-9.387664709472656,1.867477294921875,-2.001552587890625,0.366412213740458,-3.4580152671755724,-0.5954198473282443,0.0,0.5015884240468343,62748.9750225544,47.0
1689262749065156000,-9.34696328125,1.8818425048828125,-2.1021090576171875,0.16793893129770993,-3.5801526717557253,-0.6793893129770993,0.0,0.5015884240468343,62748.996775627136,47.0
1689262749125141900,-9.390058911132812,1.9847931762695312,-1.9105729248046874,-0.2366412213740458,-3.427480916030534,-0.6412213740458015,0.0,0.5015884240468343,62749.01810121536,47.0
1689262749125144700,-9.375693701171874,1.8459294799804686,-2.013523596191406,-0.16030534351145037,-3.595419847328244,-0.7786259541984732,0.0,0.5015884240468343,62749.040509939194,47.0
1689262749125158300,-9.394847314453125,1.7956512451171873,-2.0542250244140625,1.9312977099236641,-3.83206106870229,-0.7709923664122137,0.0,0.5015884240468343,62749.06078386307,47.0
1689262749189253100,-9.323021264648437,1.8052280517578123,-2.04943662109375,-0.1450381679389313,-3.7709923664122136,-0.5038167938931297,0.0,0.5015884240468343,62749.0845913887,47.0
1689262749189255300,-9.382876306152344,1.7166425903320313,-2.133233679199219,-0.1297709923664122,-3.595419847328244,-0.4122137404580153,0.0,0.5015884240468343,62749.10439968109,47.0
1689262749248877900,-9.354145886230468,1.8171990600585937,-1.9823989746093749,-0.3893129770992366,-3.4885496183206106,-0.366412213740458,0.0,0.5015884240468343,62749.12505030632,47.0
1689262749248885100,-9.313444458007812,1.7262193969726563,-2.0925322509765625,-0.26717557251908397,-3.3282442748091605,-0.4122137404580153,0.0,0.5015884240468343,62749.147159576416,47.0
1689262749248888800,-9.392453112792968,1.7477672119140624,-1.886630908203125,-0.08396946564885496,-3.282442748091603,-0.5114503816793893,0.0,0.5015884240468343,62749.166776418686,47.0
1689262749308761900,-9.342174877929686,1.7884686401367187,-1.9728221679687499,0.3969465648854962,-3.2748091603053435,-0.45038167938931295,0.0,0.5015884240468343,62749.19026398659,47.0
1689262749308766200,-9.349357482910156,1.8076222534179687,-1.9728221679687499,0.48854961832061067,-3.1526717557251906,-0.3282442748091603,0.0,0.5015884240468343,62749.209586143494,47.0
1689262749308768500,-9.37808790283203,1.946485949707031,-1.93451494140625,0.8244274809160306,-3.0839694656488548,-0.3893129770992366,0.0,0.5015884240468343,62749.23178243637,47.0
1689262749372964500,-9.327809667968749,1.8626888916015625,-2.0470424194335934,0.8473282442748091,-2.9618320610687023,-0.4122137404580153,0.0,0.5015884240468343,62749.252718925476,47.0
1689262749372973200,-9.3852705078125,1.89620771484375,-2.0542250244140625,0.7557251908396947,-3.236641221374046,-0.31297709923664124,0.0,0.5015884240468343,62749.27239060402,47.0
1689262749372994700,-9.358934289550781,1.9512743530273435,-2.0254946044921875,0.5343511450381679,-3.1068702290076335,-0.549618320610687,0.0,0.5015884240468343,62749.29485011101,47.0
1689262749432948900,-9.402029919433593,1.8291700683593748,-2.013523596191406,0.16030534351145037,-3.2290076335877864,-0.3282442748091603,0.0,0.5015884240468343,62749.31555247307,47.0
1689262749432966000,-9.318232861328125,1.8914193115234375,-2.1404162841796874,0.3969465648854962,-3.427480916030534,-0.48854961832061067,0.0,0.5015884240468343,62749.33761024475,47.0
1689262749432995500,-9.337386474609374,1.889025109863281,-1.9752163696289062,0.6717557251908397,-3.450381679389313,-0.3282442748091603,0.0,0.5015884240468343,62749.35730433464,47.0
1689262749493244300,-9.323021264648437,1.886630908203125,-1.9416975463867185,0.2595419847328244,-3.5572519083969465,-0.42748091603053434,0.0,0.5015884240468343,62749.38025140762,47.0
1689262749493250600,-9.380482104492186,1.917755529785156,-2.0638018310546875,0.31297709923664124,-3.633587786259542,-0.6259541984732825,0.0,0.5015884240468343,62749.399851322174,47.0
1689262749493271600,-9.315838659667968,1.8650830932617186,-2.1404162841796874,0.19083969465648856,-3.618320610687023,-0.45038167938931295,0.0,0.5015884240468343,62749.41934609413,47.0
1689262749564860800,-9.373299499511718,1.8124106567382812,-2.0183119995117185,-0.13740458015267176,-3.7022900763358777,-0.4580152671755725,0.0,0.5015884240468343,62749.442264556885,47.0
1689262749564863700,-9.404424121093749,1.886630908203125,-2.0254946044921875,0.21374045801526717,-3.6717557251908395,-0.4198473282442748,0.0,0.5015884240468343,62749.46175813675,47.0
1689262749564866200,-9.397241516113281,1.9105729248046874,-1.9656395629882812,0.1297709923664122,-3.946564885496183,-0.4580152671755725,0.0,0.5015884240468343,62749.483889102936,47.0
1689262749616817100,-9.481038574218749,1.8124106567382812,-1.8842367065429686,-0.030534351145038167,-3.6717557251908395,-0.5343511450381679,0.0,0.5015884240468343,62749.504672050476,47.0
1689262749616842700,-9.220070593261719,1.687912170410156,-2.0446482177734375,-0.030534351145038167,-3.6412213740458017,-0.5801526717557252,0.0,0.5015884240468343,62749.52746248245,47.0
1689262749616859300,-9.330203869628905,1.8219874633789062,-1.8435352783203125,-0.05343511450381679,-3.66412213740458,-0.22137404580152673,0.0,0.5015884240468343,62749.54730677605,47.0
1689262749710987500,-9.409212524414063,1.9512743530273435,-1.848323681640625,0.2595419847328244,-3.6106870229007635,-0.29770992366412213,0.0,0.5015884240468343,62749.567782878876,47.0
1689262749711006100,-9.241618408203124,1.8052280517578123,-1.9704279663085937,0.6106870229007634,-3.450381679389313,-0.35877862595419846,0.0,0.5015884240468343,62749.59090709686,47.0
1689262749711024800,-9.217676391601563,1.867477294921875,-2.138022082519531,0.48091603053435117,-3.50381679389313,-0.29770992366412213,0.0,0.5015884240468343,62749.61028814316,47.0
1689262749773037400,-9.332598071289063,1.707065783691406,-2.032677209472656,0.7404580152671756,-3.198473282442748,-0.3511450381679389,0.0,0.5015884240468343,62749.63308048248,47.0
1689262749773042500,-9.363722692871093,1.898601916503906,-2.013523596191406,0.6106870229007634,-3.198473282442748,-0.46564885496183206,0.0,0.5015884240468343,62749.652467012405,47.0
1689262749773051800,-9.387664709472656,1.9416975463867185,-2.013523596191406,0.4198473282442748,-3.33587786259542,-0.46564885496183206,0.0,0.5015884240468343,62749.67485046387,47.0
1689262749773065600,-9.366116894531249,1.8124106567382812,-2.0374656127929685,0.3282442748091603,-3.2290076335877864,-0.4961832061068702,0.0,0.5015884240468343,62749.69467377663,47.0
1689262749836845400,-9.320627062988281,1.889025109863281,-1.8746598999023436,0.35877862595419846,-3.435114503816794,-0.3969465648854962,0.0,0.5015884240468343,62749.7188103199,47.0
1689262749836852100,-9.380482104492186,1.8698714965820311,-1.9608511596679685,0.5114503816793893,-3.183206106870229,-0.4961832061068702,0.0,0.5015884240468343,62749.73902320862,47.0
1689262749836855100,-9.356540087890625,1.8555062866210936,-2.0183119995117185,0.7022900763358778,-3.0381679389312977,-0.5419847328244275,0.0,0.5015884240468343,62749.75854063034,47.0
1689262749904962100,-9.30147344970703,1.8650830932617186,-1.8746598999023436,0.4580152671755725,-3.145038167938931,-0.3435114503816794,0.0,0.5015884240468343,62749.78229546547,47.0
1689262749904968300,-9.351751684570312,1.9656395629882812,-1.9201497314453124,0.6564885496183206,-3.351145038167939,-0.5419847328244275,0.0,0.5015884240468343,62749.802008867264,47.0
1689262749905017600,-9.332598071289063,1.697488977050781,-2.1356278808593747,0.10687022900763359,-3.3435114503816794,-0.5801526717557252,0.0,0.5015884240468343,62749.823763132095,47.0
1689262749965254600,-9.349357482910156,1.8746598999023436,-2.0374656127929685,-0.03816793893129771,-3.5343511450381677,-0.5648854961832062,0.0,0.5015884240468343,62749.84416270256,47.0
1689262749965298100,-9.327809667968749,1.9105729248046874,-2.013523596191406,-0.15267175572519084,-3.381679389312977,-0.5114503816793893,0.0,0.5015884240468343,62749.86679601669,47.0
1689262749965309900,-9.325415466308593,1.8722656982421875,-1.9416975463867185,-0.21374045801526717,-3.4580152671755724,-0.7557251908396947,0.0,0.5015884240468343,62749.88655614853,47.0
1689262750024900300,-9.313444458007812,1.8626888916015625,-2.0542250244140625,0.3053435114503817,-3.404580152671756,-0.6335877862595419,0.0,0.5015884240468343,62749.90781354904,47.0
1689262750024911800,-9.478644372558593,1.8076222534179687,-1.9608511596679685,-0.03816793893129771,-3.5877862595419847,-0.5725190839694656,0.0,0.5015884240468343,62749.9300160408,47.0
1689262750024915500,-9.3852705078125,1.8435352783203125,-1.9919757812499999,0.22137404580152673,-3.6106870229007635,-0.6412213740458015,0.0,0.5015884240468343,62749.94965553284,47.0
1689262750089432100,-9.325415466308593,1.9033903198242186,-2.013523596191406,0.3282442748091603,-3.480916030534351,-0.8015267175572519,0.0,0.5015884240468343,62749.97352528572,47.0
1689262750089455000,-9.327809667968749,1.8770541015625,-2.039859814453125,-0.25190839694656486,-3.4122137404580153,-0.7099236641221374,0.0,0.5015884240468343,62749.99310588837,47.0
1689262750089460500,-9.37808790283203,1.85790048828125,-2.0374656127929685,0.1450381679389313,-3.3893129770992365,-0.6641221374045801,0.0,0.5015884240468343,62750.01528215408,47.0
1689262750145009700,-9.351751684570312,1.8842367065429686,-1.9680337646484374,0.10687022900763359,-3.2290076335877864,-0.4351145038167939,0.0,0.5015884240468343,62750.03555250168,47.0
1689262750145014200,-9.394847314453125,1.8602946899414061,-1.9847931762695312,1.9312977099236641,-3.4198473282442747,-0.4732824427480916,0.0,0.5015884240468343,62750.055547475815,47.0
1689262750145024100,-9.356540087890625,1.7980454467773437,-2.1404162841796874,0.2900763358778626,-3.1374045801526718,-0.45038167938931295,0.0,0.5015884240468343,62750.077419281006,47.0
1689262750213575100,-9.299079248046874,1.8650830932617186,-1.927332336425781,0.6946564885496184,-3.0610687022900764,-0.48854961832061067,0.0,0.5015884240468343,62750.098069667816,47.0
1689262750213590400,-9.291896643066405,1.8698714965820311,-1.915361328125,1.1145038167938932,-2.9236641221374047,-0.549618320610687,0.0,0.5015884240468343,62750.12104320526,47.0
1689262750213600700,-9.303867651367186,1.7908628417968748,-2.0470424194335934,0.9847328244274809,-2.7404580152671754,-0.3053435114503817,0.0,0.5015884240468343,62750.14057850838,47.0
1689262750268845000,-9.411606726074218,1.8842367065429686,-2.128445275878906,0.9389312977099237,-2.900763358778626,-0.08396946564885496,0.0,0.5015884240468343,62750.16341423988,47.0
1689262750268846800,-9.366116894531249,1.879448303222656,-1.8555062866210936,0.46564885496183206,-2.8931297709923665,-0.24427480916030533,0.0,0.5015884240468343,62750.183123111725,47.0
1689262750329252000,-9.342174877929686,1.8938135131835936,-2.104503259277344,0.29770992366412213,-2.648854961832061,-0.2366412213740458,0.0,0.5015884240468343,62750.203095436096,47.0
1689262750329271000,-9.327809667968749,1.8722656982421875,-1.9847931762695312,0.21374045801526717,-2.5114503816793894,-0.3511450381679389,0.0,0.5015884240468343,62750.22730875015,47.0
1689262750329309800,-9.354145886230468,1.8555062866210936,-1.9919757812499999,0.5419847328244275,-2.633587786259542,-0.40458015267175573,0.0,0.5015884240468343,62750.24702310562,47.0
1689262750392985300,-9.212887988281249,1.9871873779296874,-1.917755529785156,1.3282442748091603,-2.687022900763359,-0.5877862595419847,0.0,0.5015884240468343,62750.27001452446,47.0
1689262750392988300,-9.33978067626953,1.8698714965820311,-1.9776105712890624,1.2595419847328244,-2.8473282442748094,-0.37404580152671757,0.0,0.5015884240468343,62750.289672613144,47.0
1689262750393037500,-9.409212524414063,1.85790048828125,-2.059013427734375,1.3511450381679388,-2.7557251908396947,-0.4961832061068702,0.0,0.5015884240468343,62750.31208586693,47.0
1689262750461823400,-9.361328491210937,1.915361328125,-2.0973206542968748,1.0381679389312977,-3.030534351145038,-0.6946564885496184,0.0,0.5015884240468343,62750.3326716423,47.0
1689262750461843100,-9.495403784179686,1.8818425048828125,-2.0566192260742184,0.6717557251908397,-3.0229007633587788,-0.42748091603053434,0.0,0.5015884240468343,62750.354863643646,47.0
1689262750461848200,-9.361328491210937,1.889025109863281,-2.085349645996094,0.4198473282442748,-3.015267175572519,-0.35877862595419846,0.0,0.5015884240468343,62750.374604940414,47.0
1689262750517126100,-9.404424121093749,1.8124106567382812,-2.128445275878906,0.19083969465648856,-3.2290076335877864,-0.35877862595419846,0.0,0.5015884240468343,62750.394352674484,47.0
1689262750517204500,-9.351751684570312,1.9129671264648436,-2.133233679199219,0.12213740458015267,-3.351145038167939,-0.37404580152671757,0.0,0.5015884240468343,62750.417799949646,47.0
1689262750517264400,-9.363722692871093,1.8459294799804686,-2.0973206542968748,0.0,-3.213740458015267,-0.4732824427480916,0.0,0.5015884240468343,62750.437562942505,47.0
1689262750581673000,-9.390058911132812,1.93451494140625,-2.04943662109375,-0.22137404580152673,-3.3282442748091605,-0.366412213740458,0.0,0.5015884240468343,62750.461589574814,47.0
1689262750581798000,-9.358934289550781,1.8459294799804686,-2.023100402832031,-1.9465648854961832,-3.198473282442748,-0.4122137404580153,0.0,0.5015884240468343,62750.4810461998,47.0
1689262750581815800,-9.227253198242186,1.8171990600585937,-1.9823989746093749,1.9083969465648856,-3.2061068702290076,-0.22900763358778625,0.0,0.5015884240468343,62750.50338435173,47.0
1689262750641616900,-9.315838659667968,1.697488977050781,-2.090138049316406,0.17557251908396945,-3.114503816793893,-0.4122137404580153,0.0,0.5015884240468343,62750.52486038208,47.0
1689262750641661700,-9.337386474609374,1.8195932617187498,-1.9321207397460936,0.6717557251908397,-3.3435114503816794,-0.45038167938931295,0.0,0.5015884240468343,62750.547360658646,47.0
1689262750641714000,-9.313444458007812,1.85790048828125,-1.9752163696289062,0.33587786259541985,-3.2290076335877864,-0.5877862595419847,0.0,0.5015884240468343,62750.567330121994,47.0
1689262750727910500,-9.332598071289063,1.9105729248046874,-2.0925322509765625,0.2366412213740458,-3.0,-0.4961832061068702,0.0,0.5015884240468343,62750.58805704117,47.0
1689262750727935500,-9.358934289550781,1.9416975463867185,-2.0542250244140625,0.10687022900763359,-2.969465648854962,-0.37404580152671757,0.0,0.5015884240468343,62750.610035181046,47.0
1689262750727944200,-9.313444458007812,1.8698714965820311,-2.128445275878906,-1.8091603053435115,-3.0229007633587788,-0.6641221374045801,0.0,0.5015884240468343,62750.629532814026,47.0
1689262750780911900,-9.303867651367186,1.8435352783203125,-2.0374656127929685,0.366412213740458,-3.1755725190839694,-0.5343511450381679,0.0,0.5015884240468343,62750.65257143974,47.0
1689262750780938700,-9.351751684570312,1.8267758666992187,-2.059013427734375,0.31297709923664124,-3.2061068702290076,-0.5419847328244275,0.0,0.5015884240468343,62750.67202973366,47.0
1689262750780952300,-9.3086560546875,1.9129671264648436,-1.8746598999023436,0.22900763358778625,-3.1297709923664123,-0.45038167938931295,0.0,0.5015884240468343,62750.69418978691,47.0
1689262750780981100,-9.337386474609374,1.889025109863281,-2.0733786376953125,0.29770992366412213,-2.877862595419847,-0.2366412213740458,0.0,0.5015884240468343,62750.713624715805,47.0
1689262750840946800,-9.397241516113281,1.85790048828125,-2.0733786376953125,0.29770992366412213,-2.8702290076335877,-0.3053435114503817,0.0,0.5015884240468343,62750.73391008377,47.0
1689262750840969900,-9.406818322753905,1.7334020019531249,-1.9728221679687499,0.5190839694656488,-2.7786259541984735,-0.42748091603053434,0.0,0.5015884240468343,62750.756196022034,47.0
1689262750840992000,-9.351751684570312,1.8842367065429686,-1.867477294921875,0.8931297709923665,-3.1297709923664123,-0.4732824427480916,0.0,0.5015884240468343,62750.77616810799,47.0
1689262750905119200,-9.37808790283203,1.8746598999023436,-2.0278888061523435,1.2442748091603053,-3.0076335877862594,-0.2824427480916031,0.0,0.5015884240468343,62750.8003513813,47.0
1689262750905123600,-9.34696328125,1.8914193115234375,-2.068590234375,1.015267175572519,-2.9923664122137406,-0.32061068702290074,0.0,0.5015884240468343,62750.820041418076,47.0
1689262750905140000,-9.289502441406249,2.128445275878906,-2.147598889160156,0.6793893129770993,-2.8244274809160306,-0.5954198473282443,0.0,0.5015884240468343,62750.84190249443,47.0
1689262750965028200,-9.476250170898437,1.956062756347656,-2.070984436035156,-0.0916030534351145,-3.0610687022900764,-0.40458015267175573,0.0,0.5015884240468343,62750.862156391144,47.0
1689262750965038100,-9.411606726074218,1.93451494140625,-2.157175695800781,-0.08396946564885496,-3.213740458015267,-0.7175572519083969,0.0,0.5015884240468343,62750.88189744949,47.0
1689262751032867600,-9.327809667968749,1.8770541015625,-2.085349645996094,-0.17557251908396945,-3.145038167938931,-0.4580152671755725,0.0,0.5015884240468343,62750.90506386757,47.0
1689262751032871100,-9.334992272949219,1.946485949707031,-2.070984436035156,-0.48091603053435117,-3.2442748091603053,-0.549618320610687,0.0,0.5015884240468343,62750.92493009567,47.0
1689262751032874600,-9.30147344970703,1.7980454467773437,-2.250549560546875,-0.12213740458015267,-3.2519083969465647,-0.44274809160305345,0.0,0.5015884240468343,62750.947050094604,47.0
1689262751089055500,-9.344569079589844,1.9512743530273435,-2.039859814453125,1.9083969465648856,-3.267175572519084,-0.3435114503816794,0.0,0.5015884240468343,62750.968083143234,47.0
1689262751089057100,-9.349357482910156,1.8435352783203125,-2.042254016113281,0.42748091603053434,-3.1603053435114505,-0.45038167938931295,0.0,0.5015884240468343,62750.99127697945,47.0
1689262751089077800,-9.311050256347656,1.867477294921875,-2.1212626708984375,0.22900763358778625,-3.404580152671756,-0.29770992366412213,0.0,0.5015884240468343,62751.01121878624,47.0
1689262751153455600,-9.387664709472656,1.8435352783203125,-2.0877438476562498,0.1297709923664122,-3.114503816793893,-0.19083969465648856,0.0,0.5015884240468343,62751.03392672539,47.0
1689262751153458100,-9.363722692871093,1.8842367065429686,-2.085349645996094,0.09923664122137404,-3.2900763358778624,-0.12213740458015267,0.0,0.5015884240468343,62751.053683280945,47.0
1689262751153495800,-9.311050256347656,1.8770541015625,-2.0757728393554684,-0.1984732824427481,-3.1908396946564888,-0.1984732824427481,0.0,0.5015884240468343,62751.07329797745,47.0
1689262751217345400,-9.337386474609374,1.8339584716796873,-2.133233679199219,0.05343511450381679,-3.099236641221374,-0.3435114503816794,0.0,0.5015884240468343,62751.096533060074,47.0
1689262751217363100,-9.368511096191405,1.9129671264648436,-2.0446482177734375,-0.05343511450381679,-3.16793893129771,-0.37404580152671757,0.0,0.5015884240468343,62751.11652827263,47.0
1689262751217372400,-9.337386474609374,1.9393033447265624,-2.023100402832031,0.1450381679389313,-3.33587786259542,-0.5572519083969466,0.0,0.5015884240468343,62751.13911771774,47.0
1689262751281571500,-9.358934289550781,1.9416975463867185,-2.0063409912109376,0.25190839694656486,-3.3969465648854964,-0.5877862595419847,0.0,0.5015884240468343,62751.16003394127,47.0
1689262751281574600,-9.344569079589844,1.917755529785156,-2.080561242675781,0.3053435114503817,-3.5343511450381677,-0.6717557251908397,0.0,0.5015884240468343,62751.181554317474,47.0
1689262751281577200,-9.212887988281249,1.8243816650390623,-2.1691467041015624,0.08396946564885496,-3.648854961832061,-0.5648854961832062,0.0,0.5015884240468343,62751.201434373856,47.0
1689262751339610000,-9.325415466308593,1.8914193115234375,-1.9728221679687499,0.21374045801526717,-3.4732824427480917,-0.9389312977099237,0.0,0.5015884240468343,62751.222600221634,47.0
1689262751339650400,-9.481038574218749,1.8602946899414061,-2.0638018310546875,1.9236641221374047,-3.3893129770992365,-0.6412213740458015,0.0,0.5015884240468343,62751.24531626701,47.0
1689262751339654100,-9.361328491210937,1.8770541015625,-2.0877438476562498,0.1450381679389313,-3.5877862595419847,-0.5190839694656488,0.0,0.5015884240468343,62751.2650578022,47.0
1689262751401054800,-9.430760339355468,1.879448303222656,-2.0733786376953125,0.3969465648854962,-3.816793893129771,-0.6564885496183206,0.0,0.5015884240468343,62751.28781032562,47.0
1689262751401057700,-9.488221179199218,1.89620771484375,-2.147598889160156,0.22900763358778625,-3.9389312977099236,-0.5267175572519084,0.0,0.5015884240468343,62751.30755186081,47.0
1689262751401062200,-9.349357482910156,1.9536685546875,-2.0757728393554684,-0.22900763358778625,-4.038167938931298,-0.4732824427480916,0.0,0.5015884240468343,62751.329619169235,47.0
1689262751469516400,-9.208099584960937,1.9536685546875,-2.2002713256835937,-0.5954198473282443,-3.801526717557252,-0.5419847328244275,0.0,0.5015884240468343,62751.35008955002,47.0
1689262751469619900,-9.313444458007812,1.908178723144531,-1.8914193115234375,-0.5190839694656488,-3.9770992366412212,-0.8549618320610687,0.0,0.5015884240468343,62751.3697681427,47.0
1689262751469632600,-9.390058911132812,1.927332336425781,-2.090138049316406,-0.8320610687022901,-3.786259541984733,-0.7251908396946565,0.0,0.5015884240468343,62751.39256596565,47.0
1689262751525194300,-9.368511096191405,1.8842367065429686,-2.059013427734375,-0.3816793893129771,-4.030534351145038,-0.6793893129770993,0.0,0.5015884240468343,62751.41334939003,47.0
1689262751525197500,-9.22485899658203,1.9393033447265624,-2.085349645996094,-0.6564885496183206,-3.984732824427481,-0.46564885496183206,0.0,0.5015884240468343,62751.435373306274,47.0
1689262751525211100,-9.361328491210937,1.85790048828125,-1.9823989746093749,-0.7709923664122137,-4.00763358778626,-0.35877862595419846,0.0,0.5015884240468343,62751.455377817154,47.0
1689262751584977700,-9.368511096191405,1.8842367065429686,-2.128445275878906,-0.7709923664122137,-3.984732824427481,-0.6564885496183206,0.0,0.5015884240468343,62751.47830605507,47.0
1689262751584982400,-9.241618408203124,1.8650830932617186,-1.8555062866210936,-0.6106870229007634,-3.8473282442748094,-0.8778625954198473,0.0,0.5015884240468343,62751.4980404377,47.0
1689262751585022000,-9.332598071289063,1.8842367065429686,-2.023100402832031,-0.32061068702290074,-3.6259541984732824,-0.8625954198473282,0.0,0.5015884240468343,62751.517555475235,47.0
1689262751653564800,-9.294290844726563,1.8100164550781248,-2.032677209472656,0.030534351145038167,-3.618320610687023,-0.8396946564885496,0.0,0.5015884240468343,62751.5399184227,47.0
1689262751653603400,-9.37808790283203,1.7980454467773437,-2.0254946044921875,0.4122137404580153,-3.5114503816793894,-0.5343511450381679,0.0,0.5015884240468343,62751.55956196785,47.0
1689262751653608800,-9.452308154296874,1.889025109863281,-2.0063409912109376,0.7022900763358778,-3.816793893129771,-0.6641221374045801,0.0,0.5015884240468343,62751.5791182518,47.0
1689262751712906600,-9.334992272949219,1.946485949707031,-2.003946789550781,0.4580152671755725,-3.6259541984732824,-0.4351145038167939,0.0,0.5015884240468343,62751.60016608238,47.0
1689262751712920400,-9.4618849609375,1.889025109863281,-2.032677209472656,0.061068702290076333,-3.351145038167939,-0.5419847328244275,0.0,0.5015884240468343,62751.62360548973,47.0
1689262751712925300,-9.289502441406249,1.915361328125,-1.8938135131835936,0.06870229007633588,-3.145038167938931,-0.7404580152671756,0.0,0.5015884240468343,62751.64353775978,47.0
1689262751768849400,-9.303867651367186,1.8435352783203125,-2.059013427734375,0.4580152671755725,-3.2061068702290076,-0.732824427480916,0.0,0.5015884240468343,62751.664823293686,47.0
1689262751768854400,-9.325415466308593,1.867477294921875,-2.013523596191406,1.3282442748091603,-3.450381679389313,-1.1068702290076335,0.0,0.5015884240468343,62751.687201976776,47.0
1689262751829191200,-9.356540087890625,1.8650830932617186,-2.003946789550781,1.2595419847328244,-3.3435114503816794,-0.8473282442748091,0.0,0.5015884240468343,62751.70838880539,47.0
1689262751829200200,-9.361328491210937,1.848323681640625,-2.0542250244140625,1.0534351145038168,-3.5877862595419847,-0.9847328244274809,0.0,0.5015884240468343,62751.73041725159,47.0
1689262751829216900,-9.294290844726563,1.9009961181640624,-2.2768857788085937,0.7938931297709924,-3.381679389312977,-0.6717557251908397,0.0,0.5015884240468343,62751.749974012375,47.0
1689262751892862100,-9.344569079589844,1.848323681640625,-2.1212626708984375,0.4122137404580153,-3.3740458015267176,-0.7404580152671756,0.0,0.5015884240468343,62751.7742459774,47.0
1689262751892867600,-9.397241516113281,1.8531120849609375,-2.01112939453125,0.1984732824427481,-3.595419847328244,-0.8091603053435115,0.0,0.5015884240468343,62751.79457831383,47.0
1689262751892876900,-9.370905297851563,1.8555062866210936,-2.0350714111328125,0.16030534351145037,-3.519083969465649,-0.7022900763358778,0.0,0.5015884240468343,62751.816943883896,47.0
1689262751953067200,-9.315838659667968,1.8650830932617186,-2.0973206542968748,0.2366412213740458,-5.824427480916031,-0.6412213740458015,0.0,0.5015884240468343,62751.83755803108,47.0
1689262751953070900,-9.291896643066405,1.8219874633789062,-2.013523596191406,0.4580152671755725,-3.7557251908396947,-0.7633587786259542,0.0,0.5015884240468343,62751.85719156265,47.0
1689262751953073200,-9.30147344970703,1.879448303222656,-2.068590234375,0.1984732824427481,-5.793893129770993,-0.6641221374045801,0.0,0.5015884240468343,62751.87869143486,47.0
1689262752021281700,-9.37808790283203,1.9033903198242186,-2.080561242675781,-0.3511450381679389,-3.5267175572519083,-0.6183206106870229,0.0,0.5015884240468343,62751.89962220192,47.0
1689262752021284600,-9.397241516113281,1.8842367065429686,-2.0302830078125,-0.46564885496183206,-3.6717557251908395,-0.6106870229007634,0.0,0.5015884240468343,62751.921656131744,47.0
1689262752021326800,-9.330203869628905,1.9105729248046874,-2.01112939453125,-0.3511450381679389,-3.717557251908397,-0.8015267175572519,0.0,0.5015884240468343,62751.94137263298,47.0
1689262752077200700,-9.258377819824219,1.8770541015625,-1.9967641845703124,-0.2900763358778626,-3.6946564885496183,-0.8778625954198473,0.0,0.5015884240468343,62751.963982343674,47.0
1689262752077206000,-9.354145886230468,1.7669208251953124,-1.93451494140625,1.916030534351145,-3.633587786259542,-0.916030534351145,0.0,0.5015884240468343,62751.9838244915,47.0
1689262752077230800,-9.267954626464844,1.838746875,-1.9656395629882812,0.16793893129770993,-3.4580152671755724,-0.9618320610687023,0.0,0.5015884240468343,62752.00381040573,47.0
1689262752137395500,-9.344569079589844,1.7669208251953124,-1.9943699829101562,0.2748091603053435,-3.3969465648854964,-0.6946564885496184,0.0,0.5015884240468343,62752.02706551552,47.0
1689262752137417000,-9.387664709472656,1.8315642700195311,-2.068590234375,0.6946564885496184,-3.5267175572519083,-0.7709923664122137,0.0,0.5015884240468343,62752.047323942184,47.0
1689262752137422400,-9.30147344970703,1.8698714965820311,-1.9800047729492187,0.7251908396946565,-3.3740458015267176,-0.6946564885496184,0.0,0.5015884240468343,62752.06981611252,47.0
1689262752185203800,-9.33978067626953,1.8602946899414061,-2.0446482177734375,0.5114503816793893,-3.2519083969465647,-0.7099236641221374,0.0,0.5015884240468343,62752.0904147625,47.0
1689262752185207000,-9.294290844726563,1.9033903198242186,-1.9752163696289062,0.366412213740458,-3.3053435114503817,-0.9236641221374046,0.0,0.5015884240468343,62752.11184477806,47.0
1689262752249200100,-9.49300958251953,1.9033903198242186,-2.070984436035156,0.44274809160305345,-3.4122137404580153,-0.6793893129770993,0.0,0.5015884240468343,62752.1321709156,47.0
1689262752249208000,-9.33978067626953,1.848323681640625,-2.0183119995117185,0.6183206106870229,-3.122137404580153,-0.9083969465648855,0.0,0.5015884240468343,62752.151851177216,47.0
1689262752249229300,-9.334992272949219,1.8435352783203125,-1.9919757812499999,0.6106870229007634,-3.2595419847328246,-0.8778625954198473,0.0,0.5015884240468343,62752.17354130745,47.0
1689262752318154400,-9.390058911132812,1.7573440185546874,-2.114080065917969,0.10687022900763359,-3.5114503816793894,-0.4198473282442748,0.0,0.5015884240468343,62752.19398379326,47.0
1689262752318170400,-9.311050256347656,1.9871873779296874,-1.9704279663085937,0.20610687022900764,-3.2595419847328246,-0.7862595419847328,0.0,0.5015884240468343,62752.21582698822,47.0
1689262752318176300,-9.37808790283203,1.8411410766601561,-2.001552587890625,0.11450381679389313,-3.0381679389312977,-0.8091603053435115,0.0,0.5015884240468343,62752.2353284359,47.0
1689262752372924900,-9.241618408203124,1.9201497314453124,-2.0470424194335934,0.3435114503816794,-3.2519083969465647,-1.1068702290076335,0.0,0.5015884240468343,62752.258556842804,47.0
1689262752372927100,-9.397241516113281,1.8004396484374998,-2.051830822753906,0.4732824427480916,-3.2748091603053435,-0.7022900763358778,0.0,0.5015884240468343,62752.27841281891,47.0
1689262752372999100,-9.34696328125,1.8650830932617186,-1.9967641845703124,0.35877862595419846,-3.2213740458015265,-0.9923664122137404,0.0,0.5015884240468343,62752.29843592644,47.0
1689262752437213100,-9.354145886230468,1.8770541015625,-1.8650830932617186,0.6335877862595419,-3.1374045801526718,-1.099236641221374,0.0,0.5015884240468343,62752.32217478752,47.0
1689262752437214700,-9.488221179199218,1.695094775390625,-2.0446482177734375,0.33587786259541985,-3.1374045801526718,-1.0,0.0,0.5015884240468343,62752.34188055992,47.0
1689262752437241200,-9.34696328125,1.8459294799804686,-2.0757728393554684,0.48091603053435117,-3.427480916030534,-0.9389312977099237,0.0,0.5015884240468343,62752.36256599426,47.0
1689262752493213900,-9.33978067626953,1.8746598999023436,-2.0063409912109376,0.48091603053435117,-3.1374045801526718,-0.9312977099236641,0.0,0.5015884240468343,62752.38311457634,47.0
1689262752493215700,-9.332598071289063,1.8650830932617186,-2.020706201171875,0.4961832061068702,-3.2061068702290076,-1.213740458015267,0.0,0.5015884240468343,62752.40482878685,47.0
1689262752493244300,-9.289502441406249,1.924938134765625,-2.001552587890625,0.4732824427480916,-3.480916030534351,-1.0610687022900764,0.0,0.5015884240468343,62752.42471599579,47.0
1689262752561567000,-9.349357482910156,1.9752163696289062,-2.068590234375,0.030534351145038167,-3.3206106870229006,-1.2442748091603053,0.0,0.5015884240468343,62752.44884443283,47.0
1689262752561879300,-9.344569079589844,1.8555062866210936,-2.013523596191406,0.19083969465648856,-3.3969465648854964,-1.251908396946565,0.0,0.5015884240468343,62752.468643665314,47.0
1689262752561903300,-9.402029919433593,1.8411410766601561,-2.042254016113281,0.183206106870229,-3.5343511450381677,-0.9923664122137404,0.0,0.5015884240468343,62752.48835062981,47.0
1689262752625495600,-9.344569079589844,1.9129671264648436,-2.032677209472656,-0.3282442748091603,-3.83206106870229,-1.1297709923664123,0.0,0.5015884240468343,62752.51133799553,47.0
1689262752625497500,-9.3852705078125,1.915361328125,-2.094926452636719,-0.09923664122137404,-4.0,-1.099236641221374,0.0,0.5015884240468343,62752.530729055405,47.0
1689262752625499000,-9.380482104492186,1.8459294799804686,-2.0278888061523435,-0.5572519083969466,-4.091603053435114,-1.2213740458015268,0.0,0.5015884240468343,62752.55305147171,47.0
1689262752680936100,-9.296685046386719,1.898601916503906,-2.020706201171875,-0.6183206106870229,-4.206106870229007,-1.3511450381679388,0.0,0.5015884240468343,62752.57282328606,47.0
1689262752680939300,-9.255983618164063,1.8626888916015625,-1.9776105712890624,-0.6259541984732825,-3.816793893129771,-1.4122137404580153,0.0,0.5015884240468343,62752.595121622086,47.0
1689262752680960500,-9.320627062988281,1.8315642700195311,-1.9632453613281249,-0.5038167938931297,-3.816793893129771,-1.5190839694656488,0.0,0.5015884240468343,62752.614879369736,47.0
1689262752745116800,-9.342174877929686,1.7477672119140624,-1.936909143066406,-0.1450381679389313,-3.7404580152671754,-1.2748091603053435,0.0,0.5015884240468343,62752.635306596756,47.0
1689262752745123500,-9.390058911132812,1.7453730102539062,-1.9632453613281249,0.3282442748091603,-3.519083969465649,-1.0305343511450382,0.0,0.5015884240468343,62752.657594919205,47.0
1689262752745125900,-9.3852705078125,1.7860744384765623,-1.9871873779296874,0.648854961832061,-3.3893129770992365,-0.9847328244274809,0.0,0.5015884240468343,62752.67750072479,47.0
1689262752805385300,-9.392453112792968,1.8028338500976562,-1.9776105712890624,0.3053435114503817,-3.381679389312977,-0.8396946564885496,0.0,0.5015884240468343,62752.698820352554,47.0
1689262752805395000,-9.33978067626953,1.8171990600585937,-2.0063409912109376,0.030534351145038167,-3.1068702290076335,-0.9236641221374046,0.0,0.5015884240468343,62752.71928906441,47.0
1689262752805399400,-9.414000927734374,1.7645266235351562,-2.0566192260742184,0.08396946564885496,-3.213740458015267,-0.7633587786259542,0.0,0.5015884240468343,62752.74109959602,47.0
1689262752865059800,-9.392453112792968,1.7669208251953124,-2.003946789550781,0.3511450381679389,-3.0916030534351147,-0.44274809160305345,0.0,0.5015884240468343,62752.76167297363,47.0
1689262752865064600,-9.483432775878907,1.6927005737304686,-2.003946789550781,0.6717557251908397,-3.0,-0.5572519083969466,0.0,0.5015884240468343,62752.78178858757,47.0
1689262752933464200,-9.196128576660156,1.8004396484374998,-1.9680337646484374,0.8931297709923665,-3.0610687022900764,-0.7557251908396947,0.0,0.5015884240468343,62752.80382871628,47.0
1689262752933469700,-9.330203869628905,1.8243816650390623,-2.051830822753906,1.0687022900763359,-3.068702290076336,-0.648854961832061,0.0,0.5015884240468343,62752.823564291,47.0
1689262752933473200,-9.33978067626953,1.8124106567382812,-2.1787235107421874,1.251908396946565,-2.9618320610687023,-0.5877862595419847,0.0,0.5015884240468343,62752.8455684185,47.0
1689262752933498200,-9.368511096191405,1.9752163696289062,-2.0374656127929685,1.366412213740458,-3.1526717557251906,-0.6030534351145038,0.0,0.5015884240468343,62752.86557030678,47.0
1689262752993434000,-9.382876306152344,1.70467158203125,-2.147598889160156,1.0763358778625953,-3.213740458015267,-0.5648854961832062,0.0,0.5015884240468343,62752.88895225525,47.0
1689262752993435900,-9.366116894531249,1.8698714965820311,-2.0446482177734375,0.7633587786259542,-3.068702290076336,-0.3893129770992366,0.0,0.5015884240468343,62752.90868020058,47.0
1689262753053028400,-9.244012609863281,1.936909143066406,-2.114080065917969,0.6106870229007634,-3.312977099236641,-0.44274809160305345,0.0,0.5015884240468343,62752.92959904671,47.0
1689262753053094600,-9.5001921875,1.8171990600585937,-2.023100402832031,0.5648854961832062,-3.4656488549618323,-0.3282442748091603,0.0,0.5015884240468343,62752.951427698135,47.0
1689262753053104300,-9.215282189941405,1.9704279663085937,-2.0733786376953125,0.3816793893129771,-3.1374045801526718,-0.183206106870229,0.0,0.5015884240468343,62752.971319913864,47.0
1689262753113555500,-9.390058911132812,1.946485949707031,-1.905784521484375,0.3435114503816794,-3.2900763358778624,-0.21374045801526717,0.0,0.5015884240468343,62752.99508547783,47.0
1689262753113563700,-9.315838659667968,1.8076222534179687,-2.061407629394531,0.6564885496183206,-3.16793893129771,-0.21374045801526717,0.0,0.5015884240468343,62753.01469826698,47.0
1689262753113566800,-9.358934289550781,1.7884686401367187,-1.9752163696289062,0.6793893129770993,-3.1068702290076335,-0.183206106870229,0.0,0.5015884240468343,62753.03590774536,47.0
1689262753177401900,-9.327809667968749,1.7094599853515624,-1.9488801513671874,0.3969465648854962,-3.1297709923664123,-0.22900763358778625,0.0,0.5015884240468343,62753.05606460571,47.0
1689262753177404000,-9.380482104492186,1.879448303222656,-2.0757728393554684,0.4122137404580153,-2.954198473282443,-0.29770992366412213,0.0,0.5015884240468343,62753.075831890106,47.0
1689262753177405900,-9.294290844726563,1.8746598999023436,-2.0350714111328125,0.3511450381679389,-2.8396946564885495,-0.1450381679389313,0.0,0.5015884240468343,62753.09808421135,47.0
1689262753237518200,-9.34696328125,1.8267758666992187,-2.1260510742187497,0.5801526717557252,-3.267175572519084,-0.24427480916030533,0.0,0.5015884240468343,62753.11869740486,47.0
1689262753237522000,-9.349357482910156,1.8435352783203125,-2.080561242675781,0.4351145038167939,-3.2595419847328246,-0.3816793893129771,0.0,0.5015884240468343,62753.1413230896,47.0
1689262753237563100,-9.49300958251953,1.8435352783203125,-2.003946789550781,0.5038167938931297,-2.8091603053435112,-0.1297709923664122,0.0,0.5015884240468343,62753.160918951035,47.0
1689262753293498800,-9.299079248046874,1.8507178833007811,-2.128445275878906,0.7251908396946565,-2.8473282442748094,-0.5801526717557252,0.0,0.5015884240468343,62753.183608055115,47.0
1689262753293580800,-9.358934289550781,1.867477294921875,-2.070984436035156,0.5954198473282443,-3.0076335877862594,-0.6717557251908397,0.0,0.5015884240468343,62753.20337224007,47.0
1689262753293603800,-9.421183532714844,1.8171990600585937,-2.013523596191406,0.6030534351145038,-3.068702290076336,-0.3053435114503817,0.0,0.5015884240468343,62753.223074913025,47.0
1689262753353438900,-9.430760339355468,1.8650830932617186,-2.080561242675781,0.6335877862595419,-3.1374045801526718,-0.549618320610687,0.0,0.5015884240468343,62753.24584841728,47.0
1689262753353457900,-9.284714038085937,1.8195932617187498,-1.9728221679687499,0.6183206106870229,-3.236641221374046,-0.4351145038167939,0.0,0.5015884240468343,62753.265427827835,47.0
1689262753409054900,-9.323021264648437,1.8531120849609375,-2.068590234375,0.5648854961832062,-3.183206106870229,-0.6335877862595419,0.0,0.5015884240468343,62753.288647174835,47.0
1689262753409066800,-9.394847314453125,1.8315642700195311,-2.123656872558594,0.3053435114503817,-3.3740458015267176,-0.5114503816793893,0.0,0.5015884240468343,62753.30863237381,47.0
1689262753409071700,-9.358934289550781,1.8555062866210936,-2.099714855957031,0.44274809160305345,-3.099236641221374,-0.5954198473282443,0.0,0.5015884240468343,62753.330325841904,47.0
1689262753473414200,-9.33978067626953,1.8555062866210936,-2.0254946044921875,0.35877862595419846,-3.450381679389313,-0.7786259541984732,0.0,0.5015884240468343,62753.35132074356,47.0
1689262753473418500,-9.34696328125,1.85790048828125,-2.0350714111328125,0.31297709923664124,-3.4732824427480917,-0.7099236641221374,0.0,0.5015884240468343,62753.370865345,47.0
1689262753473421100,-9.342174877929686,1.9201497314453124,-2.0638018310546875,0.32061068702290074,-3.4122137404580153,-0.6946564885496184,0.0,0.5015884240468343,62753.39407968521,47.0
1689262753533696700,-9.406818322753905,1.8267758666992187,-2.094926452636719,0.2824427480916031,-3.2519083969465647,-0.7938931297709924,0.0,0.5015884240468343,62753.41463279724,47.0
1689262753533704900,-9.373299499511718,1.714248388671875,-2.059013427734375,0.030534351145038167,-3.618320610687023,-0.5877862595419847,0.0,0.5015884240468343,62753.43580985069,47.0
1689262753533709100,-9.402029919433593,1.8315642700195311,-2.042254016113281,0.10687022900763359,-3.5877862595419847,-0.648854961832061,0.0,0.5015884240468343,62753.455805540085,47.0
1689262753601236100,-9.315838659667968,1.9847931762695312,-1.8411410766601561,-0.04580152671755725,-3.480916030534351,-0.7175572519083969,0.0,0.5015884240468343,62753.47888851166,47.0
1689262753601239900,-9.205705383300781,1.8746598999023436,-2.0087351928710935,-0.19083969465648856,-3.49618320610687,-0.8015267175572519,0.0,0.5015884240468343,62753.49870181084,47.0
1689262753601246900,-9.373299499511718,1.7980454467773437,-2.1212626708984375,-0.1450381679389313,-3.33587786259542,-0.42748091603053434,0.0,0.5015884240468343,62753.52064561844,47.0
1689262753657177000,-9.397241516113281,1.8291700683593748,-2.023100402832031,-0.07633587786259542,-3.2442748091603053,-0.12213740458015267,0.0,0.5015884240468343,62753.54218864441,47.0
1689262753657195600,-9.368511096191405,1.8219874633789062,-2.013523596191406,0.007633587786259542,-3.3969465648854964,-0.4198473282442748,0.0,0.5015884240468343,62753.56185436249,47.0
1689262753657205600,-9.370905297851563,1.8602946899414061,-1.9225439331054686,0.1297709923664122,-3.3435114503816794,-0.5038167938931297,0.0,0.5015884240468343,62753.58512926102,47.0
1689262753705337500,-9.323021264648437,1.8124106567382812,-2.0446482177734375,0.40458015267175573,-3.053435114503817,-0.7709923664122137,0.0,0.5015884240468343,62753.605571985245,47.0
1689262753705680200,-9.291896643066405,1.867477294921875,-2.090138049316406,0.6641221374045801,-3.0610687022900764,-0.4122137404580153,0.0,0.5015884240468343,62753.6276204586,47.0
1689262753765198800,-9.356540087890625,1.7645266235351562,-2.0757728393554684,0.42748091603053434,-3.0229007633587788,-0.6259541984732825,0.0,0.5015884240468343,62753.64806652069,47.0
1689262753765202200,-9.361328491210937,1.8531120849609375,-2.0973206542968748,0.7633587786259542,-3.381679389312977,-0.6335877862595419,0.0,0.5015884240468343,62753.670130729675,47.0
1689262753765222100,-9.404424121093749,1.915361328125,-2.0733786376953125,0.7633587786259542,-3.3206106870229006,-0.8015267175572519,0.0,0.5015884240468343,62753.69006228447,47.0
1689262753880845100,-9.303867651367186,1.8722656982421875,-2.1404162841796874,0.08396946564885496,-3.198473282442748,-0.7480916030534351,0.0,0.5015884240468343,62753.7107937336,47.0
1689262753880867700,-9.291896643066405,1.8339584716796873,-2.138022082519531,0.04580152671755725,-3.068702290076336,-0.9083969465648855,0.0,0.5015884240468343,62753.73305892944,47.0
1689262753880871500,-9.358934289550781,1.889025109863281,-2.0159177978515626,0.09923664122137404,-3.366412213740458,-0.9389312977099237,0.0,0.5015884240468343,62753.75262570381,47.0
1689262753880873200,-9.406818322753905,1.848323681640625,-2.068590234375,0.22137404580152673,-3.0076335877862594,-0.9083969465648855,0.0,0.5015884240468343,62753.77363324165,47.0
1689262753880875300,-9.397241516113281,1.879448303222656,-1.9967641845703124,0.08396946564885496,-3.3053435114503817,-0.8931297709923665,0.0,0.5015884240468343,62753.7935731411,47.0
1689262753953394600,-9.33978067626953,1.7573440185546874,-2.061407629394531,0.20610687022900764,-3.3206106870229006,-0.45038167938931295,0.0,0.5015884240468343,62753.81690144539,47.0
1689262753953397300,-9.363722692871093,1.8698714965820311,-2.109291662597656,-0.2595419847328244,-3.450381679389313,-0.16793893129770993,0.0,0.5015884240468343,62753.83655333519,47.0
1689262753953398900,-9.356540087890625,1.9129671264648436,-2.0733786376953125,-0.061068702290076333,-3.3282442748091605,-0.3282442748091603,0.0,0.5015884240468343,62753.856092214584,47.0
1689262753953419300,-9.26316622314453,1.848323681640625,-2.020706201171875,-0.3893129770992366,-3.4580152671755724,-0.4351145038167939,0.0,0.5015884240468343,62753.8768491745,47.0
1689262754033276100,-9.208099584960937,1.8818425048828125,-2.099714855957031,0.007633587786259542,-3.6259541984732824,-0.7862595419847328,0.0,0.5015884240468343,62753.89807152748,47.0
1689262754033294400,-9.363722692871093,1.8650830932617186,-2.001552587890625,0.26717557251908397,-3.5419847328244276,-0.6564885496183206,0.0,0.5015884240468343,62753.92031741142,47.0
1689262754033416000,-9.402029919433593,1.9536685546875,-2.023100402832031,0.1984732824427481,-3.618320610687023,-0.6030534351145038,0.0,0.5015884240468343,62753.93995261192,47.0
1689262754033439500,-9.483432775878907,1.7956512451171873,-2.104503259277344,0.16030534351145037,-3.427480916030534,-0.32061068702290074,0.0,0.5015884240468343,62753.962585926056,47.0
1689262754125884400,-9.354145886230468,1.8626888916015625,-2.0973206542968748,-0.07633587786259542,-3.3587786259541983,-0.2824427480916031,0.0,0.5015884240468343,62753.98275899887,47.0
1689262754125888300,-9.203311181640624,1.8746598999023436,-2.01112939453125,0.11450381679389313,-3.351145038167939,-0.3282442748091603,0.0,0.5015884240468343,62754.002589702606,47.0
1689262754126033200,-9.442731347656249,1.707065783691406,-2.059013427734375,0.08396946564885496,-3.1603053435114505,1.8854961832061068,0.0,0.5015884240468343,62754.024632930756,47.0
1689262754205462400,-9.361328491210937,1.7836802368164062,-2.0829554443359375,-0.09923664122137404,-3.0610687022900764,0.04580152671755725,0.0,0.5015884240468343,62754.04589891434,47.0
1689262754205464200,-9.5001921875,1.8195932617187498,-2.039859814453125,0.33587786259541985,-3.1526717557251906,-0.11450381679389313,0.0,0.5015884240468343,62754.0682990551,47.0
1689262754205474600,-9.306261853027344,1.9728221679687499,-2.090138049316406,0.09923664122137404,-3.045801526717557,-0.3969465648854962,0.0,0.5015884240468343,62754.08808135986,47.0
1689262754205477100,-9.296685046386719,1.89620771484375,-2.01112939453125,0.46564885496183206,-3.030534351145038,-0.2824427480916031,0.0,0.5015884240468343,62754.1098382473,47.0
1689262754205478800,-9.3852705078125,1.8722656982421875,-1.8842367065429686,0.5725190839694656,-3.0229007633587788,-0.5954198473282443,0.0,0.5015884240468343,62754.12946105003,47.0
1689262754265321500,-9.368511096191405,1.8650830932617186,-2.0661960327148434,0.4580152671755725,-3.0839694656488548,-0.4351145038167939,0.0,0.5015884240468343,62754.150574445724,47.0
1689262754265513500,-9.425971936035156,1.9871873779296874,-2.085349645996094,0.4351145038167939,-3.068702290076336,-0.22137404580152673,0.0,0.5015884240468343,62754.172191381454,47.0
1689262754265564000,-9.449913952636718,1.7908628417968748,-2.1212626708984375,0.44274809160305345,-3.114503816793893,-0.07633587786259542,0.0,0.5015884240468343,62754.19187664986,47.0
1689262754394479200,-9.30147344970703,1.93451494140625,-2.147598889160156,0.366412213740458,-3.2442748091603053,-0.29770992366412213,0.0,0.5015884240468343,62754.214963674545,47.0
1689262754394481300,-9.382876306152344,1.8507178833007811,-2.020706201171875,0.21374045801526717,-3.2595419847328246,-0.15267175572519084,0.0,0.5015884240468343,62754.23495721817,47.0
1689262754394490700,-9.363722692871093,1.9201497314453124,-2.051830822753906,0.183206106870229,-3.198473282442748,-0.1984732824427481,0.0,0.5015884240468343,62754.25600814819,47.0
1689262754394496500,-9.363722692871093,1.8842367065429686,-2.104503259277344,0.1297709923664122,-3.1755725190839694,-0.32061068702290074,0.0,0.5015884240468343,62754.27583146095,47.0
1689262754394501600,-9.34696328125,1.838746875,-2.1116858642578125,0.3053435114503817,-3.312977099236641,-0.2900763358778626,0.0,0.5015884240468343,62754.295578956604,47.0
1689262754394510300,-9.349357482910156,1.85790048828125,-2.1164742675781247,0.07633587786259542,-3.5877862595419847,-0.26717557251908397,0.0,0.5015884240468343,62754.317839860916,47.0
1689262754457264400,-9.368511096191405,1.8770541015625,-2.2002713256835937,0.4351145038167939,-3.480916030534351,-0.3816793893129771,0.0,0.5015884240468343,62754.33895301819,47.0
1689262754457273300,-9.5001921875,1.924938134765625,-2.1835119140624997,0.22900763358778625,-3.7251908396946565,-0.33587786259541985,0.0,0.5015884240468343,62754.361186504364,47.0
1689262754457277000,-9.368511096191405,1.8818425048828125,-2.157175695800781,-0.061068702290076333,-4.0,-0.42748091603053434,0.0,0.5015884240468343,62754.38108110428,47.0
1689262754609830700,-9.411606726074218,1.93451494140625,-2.1356278808593747,-0.12213740458015267,-5.755725190839694,-0.5419847328244275,0.0,0.5015884240468343,62754.40294790268,47.0
1689262754609832500,-9.325415466308593,1.9321207397460936,-2.0566192260742184,-0.4198473282442748,-3.786259541984733,-0.6793893129770993,0.0,0.5015884240468343,62754.42269539833,47.0
1689262754609977900,-9.368511096191405,1.9033903198242186,-2.023100402832031,-0.4122137404580153,-3.8091603053435112,-0.6030534351145038,0.0,0.5015884240468343,62754.44230222702,47.0
1689262754610014300,-9.363722692871093,1.7884686401367187,-2.013523596191406,-0.44274809160305345,-3.7480916030534353,-0.5648854961832062,0.0,0.5015884240468343,62754.464448451996,47.0
1689262754610032900,-9.244012609863281,1.8459294799804686,-1.9656395629882812,-0.26717557251908397,-3.854961832061069,-0.5114503816793893,0.0,0.5015884240468343,62754.48434686661,47.0
1689262754610034800,-9.334992272949219,1.8626888916015625,-1.9943699829101562,0.05343511450381679,-3.648854961832061,-0.4351145038167939,0.0,0.5015884240468343,62754.50676512718,47.0
1689262754610048900,-9.3852705078125,1.7238251953125,-2.0757728393554684,0.15267175572519084,-3.7022900763358777,-0.015267175572519083,0.0,0.5015884240468343,62754.52641439438,47.0
1689262754677194900,-9.373299499511718,1.8531120849609375,-2.1212626708984375,1.9083969465648856,-3.7480916030534353,-0.2366412213740458,0.0,0.5015884240468343,62754.54860329628,47.0
1689262754677211100,-9.325415466308593,1.8842367065429686,-1.93451494140625,0.13740458015267176,-3.6412213740458017,-0.366412213740458,0.0,0.5015884240468343,62754.568143606186,47.0
1689262754677233500,-9.210493786621093,1.8770541015625,-2.0159177978515626,0.12213740458015267,-3.5114503816793894,-0.17557251908396945,0.0,0.5015884240468343,62754.5882062912,47.0
1689262754835981400,-9.45470235595703,1.85790048828125,-1.9488801513671874,0.3053435114503817,-3.183206106870229,-0.3893129770992366,0.0,0.5015884240468343,62754.610446453094,47.0
1689262754835989700,-9.361328491210937,1.8602946899414061,-2.085349645996094,0.6030534351145038,-3.4427480916030535,-0.2900763358778626,0.0,0.5015884240468343,62754.63006734848,47.0
1689262754836008900,-9.33978067626953,1.898601916503906,-2.1021090576171875,0.7633587786259542,-3.4198473282442747,-0.4351145038167939,0.0,0.5015884240468343,62754.65225768089,47.0
1689262754836015600,-9.265560424804686,1.9009961181640624,-2.059013427734375,0.7862595419847328,-3.1908396946564888,-0.46564885496183206,0.0,0.5015884240468343,62754.67180562019,47.0
1689262754836023000,-9.349357482910156,1.956062756347656,-2.1260510742187497,0.5954198473282443,-3.068702290076336,-0.42748091603053434,0.0,0.5015884240468343,62754.69296693802,47.0
1689262754836030600,-9.287108239746093,1.8914193115234375,-2.061407629394531,0.7175572519083969,-3.0610687022900764,-0.6641221374045801,0.0,0.5015884240468343,62754.71258974075,47.0
1689262754836041100,-9.3852705078125,1.8626888916015625,-1.879448303222656,0.7557251908396947,-3.0610687022900764,-0.5572519083969466,0.0,0.5015884240468343,62754.731874227524,47.0
1689262754893669300,-9.303867651367186,1.9105729248046874,-2.0661960327148434,0.8702290076335878,-2.946564885496183,-0.9236641221374046,0.0,0.5015884240468343,62754.75535774231,47.0
1689262754893672800,-9.313444458007812,1.8746598999023436,-2.01112939453125,1.0687022900763359,-2.885496183206107,-0.9541984732824428,0.0,0.5015884240468343,62754.774938583374,47.0
1689262754893779100,-9.342174877929686,1.9656395629882812,-1.9608511596679685,0.7938931297709924,-3.015267175572519,-0.8549618320610687,0.0,0.5015884240468343,62754.79934692383,47.0
1689262754893784500,-9.366116894531249,1.8842367065429686,-1.9943699829101562,1.1297709923664123,-3.2442748091603053,-0.5190839694656488,0.0,0.5015884240468343,62754.81896042824,47.0
