%time,field.layout.data_offset,field.data0,field.data1,field.data2,field.data3,field.data4,field.data5,field.data6,field.data7,field.data8,field.data9
1689262742793174000,0,62742.79296875,1.1503952741622925,1.1755536794662476,1.0894440412521362,-0.0033462645951658487,-0.0023983237333595753,-0.00027988312649540603,-0.022920789197087288,-0.010296601802110672,-0.01160725113004446
1689262742828555600,0,62742.828125,1.150334119796753,1.1754984855651855,1.089424967765808,-0.003312533488497138,-0.001526946434751153,-0.0004621781699825078,0.02019481547176838,-0.01012524776160717,0.014431015588343143
1689262742855713200,0,62742.85546875,1.1502571105957031,1.175451397895813,1.0894238948822021,-0.003561226651072502,-0.0009361538104712963,-2.3147904357756488e-05,0.009095601737499237,0.041181232780218124,0.02551928721368313
1689262742886082000,0,62742.88671875,1.1501868963241577,1.1754004955291748,1.0894314050674438,-0.0032058493234217167,-0.0015642036451026797,0.0003487170615699142,0.0239604189991951,-0.0015886536566540599,0.0009752142941579223
1689262742915962800,0,62742.9140625,1.1501381397247314,1.17536199092865,1.0894392728805542,-0.003081739880144596,-0.001603919779881835,0.00037851702654734254,-0.018176043406128883,-0.01925835944712162,0.0009978817543014884
1689262742946277500,0,62742.9453125,1.150075078010559,1.175331473350525,1.089426040649414,-0.0028204398695379496,-0.0015066241612657905,-0.0007313980022445321,0.008961165323853493,0.0048948316834867,-0.04049070179462433
1689262742976631300,0,62742.9765625,1.1500327587127686,1.175305724143982,1.0894038677215576,-0.002542701084166765,-0.0017944591818377376,-0.0011607460910454392,0.010759305208921432,-0.009913935326039791,-0.00744037376716733
1689262743015158600,0,62743.015625,1.1500024795532227,1.17531418800354,1.0894168615341187,-0.0013723556185141206,-0.0017223964678123593,0.0002631321840453893,0.006703174207359552,-0.04731496796011925,0.041737329214811325
1689262743047770600,0,62743.046875,1.1499741077423096,1.1752771139144897,1.089441180229187,-0.002358002122491598,-0.0023245273623615503,0.00013447720266412944,0.004890624433755875,-0.03998610004782677,-0.021255994215607643
1689262743071372400,0,62743.0703125,1.149903655052185,1.175214171409607,1.0894560813903809,-0.003579615382477641,-0.002670723246410489,0.00031283951830118895,0.02295275218784809,-0.047961149364709854,0.022269124165177345
1689262743100225300,0,62743.1015625,1.1498421430587769,1.1751514673233032,1.0894761085510254,-0.004658358171582222,-0.0035230224020779133,0.0008353252778761089,0.026956310495734215,0.017664046958088875,0.03153974562883377
1689262743129062300,0,62743.12890625,1.1497353315353394,1.174997329711914,1.0895274877548218,-0.00511067034676671,-0.003822900354862213,0.0007361869211308658,-0.0070986682549119,-0.025313718244433403,-0.01424905750900507
1689262743159389600,0,62743.16015625,1.149645209312439,1.174936294555664,1.089553952217102,-0.00345210125669837,-0.002769965212792158,3.175460733473301e-05,0.000338333920808509,0.004444683436304331,-0.04266970232129097
1689262743190838600,0,62743.19140625,1.149542212486267,1.1749107837677002,1.0895617008209229,-0.003954918123781681,-0.0016801221063360572,-0.0003902815224137157,-0.03257032483816147,-0.015026380307972431,-0.02924254536628723
1689262743236813700,0,62743.234375,1.1493855714797974,1.1748517751693726,1.0895925760269165,-0.006117061711847782,-0.0017327038804069161,0.00019336314289830625,-0.013152928091585636,0.0190683975815773,-0.011003212071955204
1689262743266575800,0,62743.265625,1.149306058883667,1.1747950315475464,1.0896096229553223,-0.005304097663611174,-0.0018848221516236663,-6.094155469327234e-05,-0.0225478895008564,-0.009940280579030514,-0.011993314139544964
1689262743296949400,0,62743.296875,1.149176836013794,1.1747493743896484,1.0896090269088745,-0.006412283517420292,-0.0017793952720239758,-0.0007364928023889661,-0.015035000629723072,-0.011620551347732544,-0.016181595623493195
1689262743329389000,0,62743.328125,1.1489198207855225,1.1746582984924316,1.0896046161651611,-0.007397972978651524,-0.0043495288118720055,-9.867309927358292e-06,0.009618662297725677,-0.021112246438860893,0.02955835498869419
1689262743359492700,0,62743.359375,1.1487501859664917,1.1745208501815796,1.0896050930023193,-0.006952117197215557,-0.005804883781820536,-0.0006208533304743469,0.0062216706573963165,-0.05964484438300133,-0.02829369530081749
1689262743403351200,0,62743.40234375,1.148510456085205,1.1743054389953613,1.0895934104919434,-0.007835841737687588,-0.0069237444549798965,-0.0009184105438180268,-0.007405381184071302,-0.05432261899113655,-0.011396444402635098
1689262743435913700,0,62743.43359375,1.1482704877853394,1.1741310358047485,1.0895814895629883,-0.008149884641170502,-0.006354380398988724,-0.0012949666706845164,0.02033158205449581,-0.02557840198278427,-0.015444292686879635
1689262743465583900,0,62743.46484375,1.1480369567871094,1.1739758253097534,1.089576005935669,-0.007872789166867733,-0.006713468115776777,-0.0010395890567451715,0.020823780447244644,-0.032301850616931915,0.003777426667511463
1689262743498741300,0,62743.49609375,1.1478800773620605,1.1737741231918335,1.0895826816558838,-0.0040127490647137165,-0.004619920626282692,-0.0006980737671256065,-0.002740628784522414,-7.669292972423136e-05,0.022810710594058037
1689262743544360800,0,62743.54296875,1.1478991508483887,1.1735377311706543,1.0895951986312866,-0.0015219381311908364,-0.006374027114361525,0.0005021757679060102,0.027814608067274094,-0.014927049167454243,0.03458655625581741
1689262743575242700,0,62743.57421875,1.147882342338562,1.173280954360962,1.089585542678833,-0.0006666518747806549,-0.009040536358952522,-0.0002633629774209112,0.05530945956707001,-0.02253742888569832,-0.004983327351510525
1689262743606814300,0,62743.60546875,1.1479071378707886,1.173037052154541,1.0895675420761108,0.0006207159603945911,-0.009113524109125137,-0.001093815197236836,0.064354307949543,-0.011266155168414116,-0.007353059481829405
1689262743639659400,0,62743.640625,1.148026466369629,1.1727550029754639,1.0896607637405396,0.002815601183101535,-0.008073491975665092,-0.00010068685514852405,0.04773248732089996,0.008507364429533482,0.02563895471394062
1689262743668027700,0,62743.66796875,1.1481269598007202,1.172542929649353,1.089674472808838,0.0036820329260081053,-0.008301994763314724,0.0006947999354451895,0.028818055987358093,-0.011292503215372562,0.025295158848166466
1689262743700115400,0,62743.69921875,1.148237943649292,1.1722757816314697,1.0896708965301514,0.0038780116010457277,-0.008908628486096859,0.0003276246425230056,0.03077453002333641,-0.022897087037563324,0.011906936764717102
1689262743729510800,0,62743.73046875,1.148374319076538,1.1720385551452637,1.0896588563919067,0.004122636280953884,-0.009045081213116646,-0.00023667557979933918,0.0194187480956316,-0.04231889545917511,-0.01176504883915186
1689262743759179000,0,62743.7578125,1.1485885381698608,1.171769618988037,1.0896868705749512,0.008016136474907398,-0.012214536778628826,0.0019403062760829926,-0.032414760440588,-0.08162231743335724,0.07345277816057205
1689262743792639900,0,62743.79296875,1.148828148841858,1.171404242515564,1.0897554159164429,0.008136006072163582,-0.012397831305861473,0.002350127324461937,0.04996718838810921,-0.015103827230632305,0.0022313762456178665
1689262743816743000,0,62743.81640625,1.149061918258667,1.1710561513900757,1.0897949934005737,0.007957750000059605,-0.010877300053834915,0.0012701115338131785,0.06924277544021606,0.043188903480768204,-0.02185150235891342
1689262743849442800,0,62743.84765625,1.1492992639541626,1.1707472801208496,1.089799404144287,0.00878636073321104,-0.009781054221093655,0.0019171212334185839,0.12922266125679016,0.002096841810271144,0.054537490010261536
1689262743883057000,0,62743.8828125,1.1496392488479614,1.170445442199707,1.0898056030273438,0.010415896773338318,-0.010601585730910301,0.0007331987144425511,0.04086507484316826,-0.026170656085014343,-0.06798703968524933
1689262743910819700,0,62743.91015625,1.1500288248062134,1.1701327562332153,1.0897855758666992,0.011583135463297367,-0.011769061908125877,-0.0013336538104340434,0.0648869052529335,-0.03645232692360878,-0.06143927574157715
1689262743942695800,0,62743.94140625,1.1504855155944824,1.169858455657959,1.0897443294525146,0.01402161456644535,-0.010451989248394966,-0.0019997572526335716,0.02148139663040638,0.003640481038019061,0.0026351173873990774
1689262743974440600,0,62743.97265625,1.151017427444458,1.1696529388427734,1.0897555351257324,0.016836676746606827,-0.009039749391376972,4.125328632653691e-05,-0.0043501839973032475,0.04603351652622223,0.02644115686416626
1689262744005440500,0,62744.00390625,1.1516139507293701,1.1695104837417603,1.089808464050293,0.017970789223909378,-0.0059838322922587395,0.0016576109919697046,-0.017400192096829414,0.020425494760274887,0.024262677878141403
1689262744038628400,0,62744.0390625,1.1521844863891602,1.1693998575210571,1.0897266864776611,0.016468826681375504,-0.0052741412073373795,0.000895559205673635,-0.027046136558055878,0.0027230645064264536,-0.025439707562327385
1689262744068682500,0,62744.06640625,1.1528620719909668,1.169180154800415,1.089733362197876,0.014999178238213062,-0.0051004234701395035,0.0008711367845535278,-0.01845705509185791,0.03728455677628517,0.02260427176952362
1689262744098730000,0,62744.09765625,1.1533339023590088,1.1689814329147339,1.089791178703308,0.014250042848289013,-0.0071306657046079636,0.0023971630726009607,-0.020822446793317795,-0.008291637524962425,0.029140189290046692
1689262744130162700,0,62744.12890625,1.15378737449646,1.168786644935608,1.0898221731185913,0.013868756592273712,-0.006255805026739836,0.0015123075572773814,-0.05066100135445595,0.009292691014707088,-0.013915876857936382
1689262744162246400,0,62744.16015625,1.154222846031189,1.168616771697998,1.0898393392562866,0.012376610189676285,-0.006668761372566223,0.0015926819760352373,-0.05543937534093857,-0.0263541080057621,0.018230145797133446
1689262744192156600,0,62744.19140625,1.1545721292495728,1.1683939695358276,1.0898818969726562,0.009411104954779148,-0.007448525168001652,0.0022127428092062473,-0.08177261799573898,0.01317393034696579,0.02131333388388157
1689262744224368800,0,62744.22265625,1.1548221111297607,1.168172836303711,1.0899226665496826,0.006550155580043793,-0.007817293517291546,0.002277391729876399,-0.06521158665418625,-0.038814984261989594,0.014058307744562626
1689262744253155900,0,62744.25390625,1.1550350189208984,1.167977213859558,1.0899380445480347,0.005929992534220219,-0.0058591049164533615,0.0013838501181453466,-0.0690159797668457,-0.0381842665374279,-0.011719564907252789
1689262744285094400,0,62744.28515625,1.1552106142044067,1.1678179502487183,1.089948296546936,0.003910807427018881,-0.006803460419178009,0.0020579108968377113,-0.0865771546959877,-0.011558572761714458,0.025286328047513962
1689262744314399100,0,62744.3125,1.1553168296813965,1.1676642894744873,1.0899592638015747,0.0006050323136150837,-0.006363878026604652,0.0007148167351260781,-0.05498277395963669,-0.022426193580031395,-0.054558202624320984
1689262744346904900,0,62744.34765625,1.155357837677002,1.1675974130630493,1.0899341106414795,-0.00014456987264566123,-0.003507457673549652,-0.000979118631221354,-0.047482218593358994,-0.03236386552453041,-0.04337339848279953
1689262744374592300,0,62744.375,1.1553550958633423,1.1675406694412231,1.089911699295044,-0.0023414355237036943,-0.0034798316191881895,-0.0002320562634849921,-0.034765757620334625,-0.006820999551564455,0.03432561084628105
1689262744408186600,0,62744.40625,1.1552995443344116,1.1674610376358032,1.0898964405059814,-0.004823483992367983,-0.003025058889761567,0.00040611883741803467,-0.06990427523851395,-0.004899758845567703,0.005843915976583958
1689262744439890200,0,62744.4375,1.15512216091156,1.1673656702041626,1.0898653268814087,-0.006638331338763237,-0.001561280689202249,-0.0008878304506652057,-0.04014338180422783,0.041847143322229385,-0.024523040279746056
1689262744467898400,0,62744.46875,1.1549372673034668,1.1673357486724854,1.0898370742797852,-0.0069796242751181126,-0.0006018962012603879,-0.000609302194789052,-0.016400378197431564,0.018611526116728783,0.013076127506792545
1689262744500387300,0,62744.5,1.154728889465332,1.1673229932785034,1.0898090600967407,-0.008070610463619232,-0.00038589455652981997,-0.00022746832109987736,0.001587234903126955,0.02304225042462349,0.019028205424547195
1689262744528839200,0,62744.52734375,1.1546074151992798,1.1673003435134888,1.0897949934005737,-0.007707446813583374,-0.001141920918598771,-0.0007349980296567082,-0.013448643498122692,-0.009525865316390991,-0.03012932278215885
1689262744559057300,0,62744.55859375,1.1543651819229126,1.167257308959961,1.089768648147583,-0.007831936702132225,-0.0008820224902592599,-0.0015077257994562387,-0.03578519448637962,0.005861669313162565,-0.035201944410800934
1689262744592410700,0,62744.59375,1.1542315483093262,1.1672612428665161,1.0897647142410278,-0.008021063171327114,0.00019445746147539467,-0.0010602911934256554,0.01997547224164009,0.017511432990431786,0.008672947995364666
1689262744624055900,0,62744.62109375,1.1540659666061401,1.1672977209091187,1.089781403541565,-0.006334378849714994,0.0012839101254940033,0.00046191911678761244,0.046494483947753906,-0.0007143302937038243,0.051271747797727585
1689262744656652200,0,62744.65625,1.153875470161438,1.1673203706741333,1.089800238609314,-0.006147541105747223,0.0004317298298701644,0.0007159420638345182,0.02687816508114338,-0.02261045016348362,-0.0010027618845924735
1689262744686704900,0,62744.6875,1.1536743640899658,1.1673367023468018,1.089807391166687,-0.007124106399714947,0.0006376853561960161,4.773630644194782e-05,0.029581548646092415,-0.0335216261446476,-5.941436756984331e-05
1689262744717550100,0,62744.71875,1.1534450054168701,1.1673879623413086,1.0898003578186035,-0.005760723724961281,0.0006720339879393578,-0.001036966685205698,-0.0052635082975029945,-0.003078687936067581,-0.015758054330945015
1689262744747434000,0,62744.74609375,1.1532965898513794,1.1674400568008423,1.0897902250289917,-0.005503615364432335,0.00012756632349919528,-0.0008008911390788853,0.02467929758131504,0.013410060666501522,-0.005917045287787914
1689262744780843900,0,62744.78125,1.153191089630127,1.1675382852554321,1.089782953262329,-0.003916204907000065,0.002154390560463071,-0.0005612777313217521,0.041624441742897034,-0.02001747116446495,0.003706075716763735
1689262744812670500,0,62744.8125,1.1531118154525757,1.1675971746444702,1.0897778272628784,-0.003027479164302349,0.001837506191805005,-0.0007311543449759483,0.037216220051050186,0.006856620777398348,-0.016577180474996567
1689262744845590800,0,62744.84375,1.1531013250350952,1.1676323413848877,1.0897717475891113,-0.001118382322601974,0.001799996243789792,-0.0009315559291280806,0.052475739270448685,0.01606069877743721,-0.015991611406207085
1689262744873524600,0,62744.87109375,1.153140902519226,1.1677525043487549,1.0897880792617798,0.0012904953910037875,0.0027843620628118515,-0.0007004638318903744,0.08461999893188477,-0.006994674913585186,-0.018455801531672478
1689262744904561500,0,62744.90234375,1.1531680822372437,1.1678317785263062,1.089804768562317,0.0011099684052169323,0.0019644831772893667,0.0004615545039996505,0.04554403945803642,-0.026774577796459198,0.02244735322892666
1689262744937344000,0,62744.9375,1.1531533002853394,1.1678197383880615,1.0898078680038452,0.0006151697598397732,0.00020329734252300113,0.0013289159396663308,0.04320444166660309,0.0011292219860479236,0.031136654317378998
1689262744965274800,0,62744.96484375,1.1531058549880981,1.1678099632263184,1.0897979736328125,-0.00039310313877649605,0.0012405001325532794,0.0006080229650251567,0.06245642527937889,-0.01647055894136429,-0.015379348769783974
1689262744997774100,0,62744.99609375,1.153195858001709,1.1678956747055054,1.089771032333374,0.0025405080523341894,0.0020187937188893557,0.0006461904849857092,0.02563478797674179,-0.005393399856984615,0.040352292358875275
1689262745029993000,0,62745.02734375,1.153408408164978,1.1679763793945312,1.0897846221923828,0.005623853765428066,0.0029339457396417856,0.0015292884781956673,-0.04677993059158325,0.017961731180548668,0.01512776780873537
1689262745059700000,0,62745.05859375,1.1536623239517212,1.1680660247802734,1.0898112058639526,0.006025122012943029,0.003171588759869337,0.0014060789253562689,0.011622325517237186,-0.008361440151929855,-0.02433592453598976
1689262745091134800,0,62745.08984375,1.1539087295532227,1.1682087182998657,1.0898293256759644,0.0065801492892205715,0.004896337632089853,0.0008401366067118943,0.000239859102293849,0.0076472279615700245,-0.01626860350370407
1689262745121270400,0,62745.12109375,1.154127597808838,1.1683653593063354,1.0898544788360596,0.00574235524982214,0.003660040209069848,0.0015740722883492708,-0.008640184998512268,-0.012727259658277035,0.007187720853835344
1689262745151354600,0,62745.15234375,1.1543256044387817,1.1684941053390503,1.0898873805999756,0.0040397318080067635,0.0034413072280585766,0.0012699001235887408,-0.05094465613365173,-0.03315235301852226,-0.026448501273989677
1689262745182230700,0,62745.18359375,1.154411792755127,1.1686803102493286,1.0898991823196411,0.0015691948356106877,0.004308197647333145,0.0009752303594723344,-0.05181800201535225,-0.053639113903045654,-0.01574886403977871
1689262745215065100,0,62745.21484375,1.1544582843780518,1.168820858001709,1.0899077653884888,-0.0007604568963870406,0.0029690663795918226,0.0011669889790937304,-0.058873169124126434,-0.03370387852191925,0.0017971833003684878
1689262745245950900,0,62745.24609375,1.154462218284607,1.1689045429229736,1.0899001359939575,-0.0024696963373571634,0.0029166180174797773,0.000466596451587975,-0.03423633798956871,-0.04149619862437248,-0.006633116863667965
1689262745277945000,0,62745.27734375,1.154486894607544,1.169089913368225,1.0898891687393188,-0.0017233728431165218,0.0031121408101171255,-9.379986295243725e-05,-0.03854017332196236,-0.04813848435878754,0.00022895820438861847
1689262745308564800,0,62745.30859375,1.1544777154922485,1.1692478656768799,1.0898864269256592,-0.002872446784749627,0.004642315208911896,0.001466748770326376,-0.03445368632674217,0.030048200860619545,0.05328524485230446
1689262745337855100,0,62745.3359375,1.154451608657837,1.1693966388702393,1.089880347251892,-0.001918159076012671,0.005431691184639931,0.001058295019902289,-0.023144809529185295,-0.0051133944652974606,-0.02801269106566906
1689262745368961800,0,62745.3671875,1.154381275177002,1.1695693731307983,1.0898288488388062,-0.0027577115688472986,0.004778778646141291,5.431617682916112e-05,-0.011373018845915794,-0.03369063138961792,-0.014810082502663136
1689262745397238900,0,62745.3984375,1.1543067693710327,1.1696990728378296,1.0897940397262573,-0.0028912995476275682,0.004116913303732872,-0.00017823456437326968,-0.010477392002940178,-0.011998811736702919,-0.0070168739184737206
1689262745429271500,0,62745.4296875,1.1542128324508667,1.1698591709136963,1.0897762775421143,-0.0031924003269523382,0.004038900136947632,-0.0006762867560610175,0.00573478639125824,-0.009163266979157925,-0.018715940415859222
1689262745479132600,0,62745.4765625,1.1541322469711304,1.1699919700622559,1.0897033214569092,-0.0033165744971483946,0.0034385293256491423,-3.949740494135767e-05,-0.029269881546497345,-0.009828447364270687,0.0050733513198792934
1689262745509616800,0,62745.5078125,1.1539864540100098,1.1700668334960938,1.089707374572754,-0.00419577956199646,0.0010030866833403707,-0.00022570962028112262,0.02113506756722927,-0.04752996936440468,-0.009419336915016174
1689262745563569400,0,62745.5625,1.1537808179855347,1.170088529586792,1.0897029638290405,-0.005400308407843113,0.00026622979203239083,-0.0009596214513294399,0.001453501870855689,-0.021247481927275658,-0.0075841983780264854
1689262745587024000,0,62745.5859375,1.1535953283309937,1.170156717300415,1.0897011756896973,-0.005384854041039944,0.0009644505335018039,0.00020434513862710446,-0.0050460766069591045,-0.016362493857741356,0.009082822129130363
1689262745620610900,0,62745.62109375,1.1534148454666138,1.1702723503112793,1.0896962881088257,-0.006276510190218687,0.002616486046463251,0.0003194413729943335,0.004838787484914064,-0.03321589156985283,0.014331107027828693
1689262745650539400,0,62745.6484375,1.1532706022262573,1.170332670211792,1.0896918773651123,-0.006195620633661747,0.0015088713262230158,-0.00040115712909027934,-0.015981093049049377,-0.037151120603084564,-0.027740556746721268
1689262745682617600,0,62745.68359375,1.1531484127044678,1.1704039573669434,1.0896745920181274,-0.006511574145406485,0.0011185173643752933,-0.0009998540626838803,0.013446973636746407,-0.01077340543270111,-0.02241099625825882
1689262745716068900,0,62745.71484375,1.1530383825302124,1.1704621315002441,1.0896843671798706,-0.005312711466103792,0.0011800137581303716,0.00012680240615736693,-0.011281401850283146,0.03487086296081543,0.019068043678998947
1689262745746278300,0,62745.74609375,1.152927279472351,1.1705244779586792,1.089699387550354,-0.0043592313304543495,0.0010772416135296226,0.0007994339102879167,0.01861925609409809,-0.03261997178196907,0.023623179644346237
1689262745777229400,0,62745.77734375,1.1527774333953857,1.170535922050476,1.0897068977355957,-0.005433948710560799,0.0006876832339912653,0.0004294583632145077,0.030617816373705864,0.010991084389388561,-0.005383885931223631
1689262745808263600,0,62745.80859375,1.15261971950531,1.170567512512207,1.0896849632263184,-0.004544760100543499,0.001150389201939106,-0.00029954261844977736,0.07082515954971313,-0.0067901224829256535,-0.019118772819638252
1689262745835617500,0,62745.8359375,1.1525017023086548,1.1706008911132812,1.0896505117416382,-0.0024235385935753584,0.0011919453972950578,-0.0010935061145573854,0.042407769709825516,0.0032752465922385454,-0.035595741122961044
1689262745867533100,0,62745.8671875,1.1524908542633057,1.1706196069717407,1.0896449089050293,-0.00048145270557142794,-1.015465477394173e-05,-0.00016250813496299088,0.018810896202921867,-0.00931162852793932,0.02528013102710247
1689262745898217200,0,62745.8984375,1.1525405645370483,1.1706708669662476,1.0896451473236084,0.0004990650922991335,0.0009290858288295567,0.000556809944100678,0.006193460430949926,-0.010181743651628494,0.023841403424739838
1689262745929954600,0,62745.9296875,1.152538537979126,1.1707512140274048,1.0896506309509277,-0.0007013271097093821,0.0021185821387916803,0.0004132502363063395,0.04594786837697029,-0.00595836341381073,0.00923486053943634
1689262745961814600,0,62745.9609375,1.1525648832321167,1.170829176902771,1.0896570682525635,0.0007617700030095875,0.0024903472512960434,0.0006964975618757308,0.04835925251245499,0.006043713539838791,0.029979901388287544
1689262745996089200,0,62745.99609375,1.15263831615448,1.1708866357803345,1.089672565460205,0.0017490104073658586,0.002321420470252633,0.00027320272056385875,0.028602618724107742,-0.009738435968756676,-0.028970567509531975
1689262746029976200,0,62746.02734375,1.152785062789917,1.1709429025650024,1.0896867513656616,0.003328450256958604,0.0012332139303907752,0.0009831738425418735,0.017263932153582573,-0.022276220843195915,0.007710025180131197
1689262746068204200,0,62746.06640625,1.1529464721679688,1.1709638833999634,1.0897060632705688,0.003097439417615533,-9.383691212860867e-05,0.0007601970573887229,-0.00880366936326027,-0.012733368203043938,-0.01523265428841114
1689262746091776200,0,62746.08984375,1.1529957056045532,1.1708967685699463,1.0897241830825806,0.0016752901719883084,-0.0018285807454958558,0.000903759733773768,0.009385592304170132,-0.00340357911773026,-0.0034479086752980947
1689262746116266800,0,62746.1171875,1.1530548334121704,1.1708511114120483,1.0897520780563354,0.0011612637899816036,-0.0014501402620226145,0.0013450717087835073,0.0031569176353514194,-0.04027669504284859,0.006173161789774895
1689262746147124800,0,62746.1484375,1.153096318244934,1.1708343029022217,1.089751124382019,0.0014353959122672677,-0.00020783755462616682,2.1241781723801978e-05,0.011708572506904602,-0.01707424223423004,-0.07791974395513535
1689262746177110700,0,62746.17578125,1.153228998184204,1.1707757711410522,1.089702844619751,0.0018756570061668754,-0.002347045112401247,-0.0006611750577576458,-0.004851861856877804,-0.02512267604470253,-0.005188168492168188
1689262746209385400,0,62746.2109375,1.153342604637146,1.1707688570022583,1.0896910429000854,0.0015125148929655552,-0.0014127459144219756,-0.000283379340544343,-0.028372958302497864,-0.020039044320583344,0.0010110889561474323
1689262746241012600,0,62746.23828125,1.153470516204834,1.1707637310028076,1.089708924293518,0.0030403074342757463,-0.0010409356327727437,0.0006165226805023849,-0.045510657131671906,-0.054896432906389236,0.026828870177268982
1689262746270934600,0,62746.26953125,1.1535671949386597,1.1707500219345093,1.0897302627563477,0.0014286283403635025,-0.0018030698411166668,0.0014681146712973714,-0.039314400404691696,-0.018312646076083183,0.016546713188290596
1689262746302274900,0,62746.30078125,1.1535890102386475,1.1707276105880737,1.0897372961044312,-0.0014688612427562475,-0.0013323627645149827,0.0009573062416166067,-0.02935059368610382,-0.05713929608464241,0.00708918459713459
1689262746333400000,0,62746.33203125,1.1535440683364868,1.1706961393356323,1.0897430181503296,-0.0027639279142022133,-0.0029594602528959513,0.001096499734558165,-0.024292677640914917,-0.06100397929549217,0.005784173496067524
1689262746364980900,0,62746.36328125,1.1534550189971924,1.1706169843673706,1.0897412300109863,-0.00413162587210536,-0.004470131825655699,0.0005089755868539214,-0.02846071682870388,-0.04341377317905426,-0.01694837026298046
1689262746395958200,0,62746.39453125,1.1533658504486084,1.1705282926559448,1.0897173881530762,-0.004762423224747181,-0.003597268834710121,-0.0009427567711099982,-0.03566370904445648,-0.023107998073101044,-0.0373687781393528
1689262746428284500,0,62746.4296875,1.1532243490219116,1.1704288721084595,1.0896811485290527,-0.00511401891708374,-0.004898665007203817,-0.0005858998047187924,-0.054312724620103836,-0.013354686088860035,0.0020348753314465284
1689262746461193300,0,62746.4609375,1.1531246900558472,1.1703150272369385,1.0896780490875244,-0.004866047762334347,-0.0034524849615991116,-0.0005624531768262386,-0.015479620546102524,-0.00936393067240715,-0.016165098175406456
1689262746489535500,0,62746.48828125,1.1530331373214722,1.1701875925064087,1.089676022529602,-0.004812164232134819,-0.004210733342915773,-0.00011779953638324514,-0.014917897060513496,0.006171367596834898,-0.002521228976547718
1689262746519005600,0,62746.51953125,1.152928113937378,1.1700551509857178,1.0896743535995483,-0.004590785596519709,-0.0040847561322152615,-0.00045387749560177326,-0.017733827233314514,-0.020109619945287704,-0.0020018741488456726
1689262746556564700,0,62746.5546875,1.152808666229248,1.1699265241622925,1.0896766185760498,-0.004720979370176792,-0.004970917012542486,-0.00030111492378637195,0.011597475036978722,-0.025090252980589867,-0.010811791755259037
1689262746581008800,0,62746.578125,1.1527308225631714,1.169817328453064,1.0896774530410767,-0.004460866563022137,-0.005377483554184437,-0.0006274571060203016,0.03976285457611084,-0.04248185083270073,-0.026050657033920288
1689262746612134700,0,62746.609375,1.1525933742523193,1.1696285009384155,1.089762806892395,-0.004159301053732634,-0.005299242679029703,0.00027049469645135105,0.004142693243920803,-0.06042620912194252,0.023729780688881874
1689262746644539200,0,62746.64453125,1.1524763107299805,1.1695170402526855,1.0897791385650635,-0.004702398087829351,-0.004416732583194971,0.00032881065271794796,-0.030277259647846222,-0.004190568346530199,-0.007158862426877022
1689262746674893200,0,62746.67578125,1.1523011922836304,1.1693944931030273,1.0897791385650635,-0.007068125065416098,-0.0037600609939545393,-0.00041192397475242615,-0.004464348778128624,-0.01700468547642231,0.0016968211857602
1689262746704524600,0,62746.703125,1.152084469795227,1.1692416667938232,1.0897876024246216,-0.007454065605998039,-0.0048418245278298855,-7.909452688181773e-05,0.027251340448856354,0.018132084980607033,0.022450320422649384
1689262746736406800,0,62746.734375,1.1518968343734741,1.1690820455551147,1.0898044109344482,-0.007208434399217367,-0.00534894410520792,0.0005720146000385284,0.001004777499474585,0.003875152673572302,0.020789461210370064
1689262746769543700,0,62746.76953125,1.1516536474227905,1.1688921451568604,1.0898213386535645,-0.007294132374227047,-0.004415018949657679,-0.00019462434283923358,0.018050089478492737,-0.0026166867464780807,-0.02534148469567299
1689262746799257200,0,62746.80078125,1.1514626741409302,1.1687735319137573,1.0898256301879883,-0.007651177234947681,-0.005005629733204842,-0.00028721566195599735,0.005453338846564293,-0.022259322926402092,0.015264777466654778
1689262746828227600,0,62746.828125,1.151275634765625,1.168670654296875,1.0898375511169434,-0.007703025825321674,-0.0041489670984447,-1.443881046725437e-05,-0.051707807928323746,-0.011177252046763897,-4.908285700366832e-05
1689262746859277200,0,62746.859375,1.1510727405548096,1.168550729751587,1.0898469686508179,-0.007540315855294466,-0.004374527372419834,-0.00038912726449780166,-0.0022945597302168608,-0.00021474958339240402,-0.024145912379026413
1689262746889636800,0,62746.890625,1.1509424448013306,1.1684772968292236,1.0898478031158447,-0.00698114512488246,-0.003843795508146286,-0.0003442832676228136,-0.007482194807380438,-0.010283316485583782,-0.005143552087247372
1689262746922691400,0,62746.921875,1.1506505012512207,1.1683225631713867,1.0898425579071045,-0.008764742873609066,-0.004338129423558712,-0.00011440872913226485,0.008066796697676182,0.0014509556349366903,0.008631241507828236
1689262746951418800,0,62746.94921875,1.1504535675048828,1.1682273149490356,1.089841365814209,-0.008097657933831215,-0.003363433526828885,-0.0008149980567395687,-0.015430741012096405,-0.0020779515616595745,-0.014174669981002808
1689262746982499000,0,62746.98046875,1.1502455472946167,1.1681551933288574,1.0898394584655762,-0.008834036067128181,-0.0028865092899650335,-0.0008374405442737043,-0.013591703027486801,-0.013956408947706223,0.012456519529223442
1689262747011893800,0,62747.01171875,1.1500602960586548,1.1680635213851929,1.089854121208191,-0.007918460294604301,-0.004400805104523897,-0.00048336334293708205,0.04264348745346069,0.014763511717319489,0.006667003035545349
1689262747043325300,0,62747.04296875,1.1499117612838745,1.1679967641830444,1.089853048324585,-0.006165025755763054,-0.00230105547234416,-0.0006821196875534952,0.011590485461056232,-0.01289745606482029,0.004861255642026663
1689262747077881200,0,62747.078125,1.1498041152954102,1.1679390668869019,1.0898642539978027,-0.004466568119823933,-0.002278989413753152,-0.00042960242717526853,0.013074802234768867,-0.004590676166117191,-0.0053601451218128204
1689262747104042100,0,62747.1015625,1.1496976613998413,1.1679035425186157,1.0898951292037964,-0.004259716719388962,-0.001397386658936739,0.000467872858280316,0.02776789478957653,0.021577924489974976,0.03079298697412014
1689262747133800500,0,62747.1328125,1.1495972871780396,1.167883038520813,1.0899248123168945,-0.003808851819485426,-0.0007154306513257325,0.000649449008051306,0.019572796300053596,-0.0029424920212477446,-0.0015464600874111056
1689262747163533500,0,62747.1640625,1.1494554281234741,1.167863368988037,1.0899325609207153,-0.00415892293676734,-0.00021278423082549125,0.0002484119904693216,0.048984602093696594,0.03889736905694008,0.001638618647120893
1689262747193563200,0,62747.19140625,1.149335503578186,1.1678658723831177,1.089935302734375,-0.0036546888295561075,0.0005525226588360965,0.00023234869877342135,0.04343043267726898,0.007222229149192572,0.011492008343338966
1689262747228798200,0,62747.2265625,1.1492823362350464,1.1678767204284668,1.0899379253387451,-0.0012146547669544816,0.0004504231328610331,-0.00021653978910762817,0.04766525700688362,0.028351755812764168,-0.030695106834173203
1689262747260158900,0,62747.2578125,1.149290680885315,1.1679469347000122,1.0899348258972168,-0.00018075163825415075,0.0005788268754258752,-0.0001510566653450951,0.016379060223698616,-0.014533283188939095,0.02106180414557457
1689262747291455500,0,62747.2890625,1.149311900138855,1.167967438697815,1.0899564027786255,0.00013794074766337872,0.0013587666908279061,0.0007352333632297814,0.026761215180158615,-0.0006790357292629778,0.018880801275372505
1689262747336703200,0,62747.3359375,1.1493117809295654,1.1680042743682861,1.0899776220321655,0.00060879165539518,0.002690665889531374,0.0005796055193059146,0.04591364040970802,0.02905217558145523,-0.009923415258526802
1689262747367391000,0,62747.3671875,1.1493645906448364,1.1681067943572998,1.0899980068206787,0.0010568692814558744,0.0023389633279293776,0.0008633403922431171,0.03963262960314751,-0.026223404332995415,-0.006067236885428429
1689262747398173800,0,62747.3984375,1.1494498252868652,1.1681888103485107,1.0900232791900635,0.0019143556710332632,0.001495317555963993,0.0008618694264441729,0.04301540553569794,-0.021304363384842873,-0.0031277528032660484
1689262747428806100,0,62747.4296875,1.14952552318573,1.1682525873184204,1.0900425910949707,0.002083925064653158,0.0024028667248785496,0.0003782642015721649,-0.006326330825686455,0.0021265477407723665,-0.0011037947842851281
1689262747462730800,0,62747.4609375,1.1496044397354126,1.1684136390686035,1.0900628566741943,0.0013395703863352537,0.0032942190300673246,0.0015500198351219296,0.06044042855501175,-0.016207227483391762,0.028009530156850815
1689262747492979000,0,62747.4921875,1.1496925354003906,1.1685173511505127,1.0900776386260986,0.002236476633697748,0.003027888247743249,0.001303102821111679,0.005013654008507729,-0.021817948669195175,0.003754901699721813
1689262747537607600,0,62747.53515625,1.1497842073440552,1.1686608791351318,1.0900540351867676,0.0015862350119277835,0.0030620768666267395,0.00023244462499860674,0.0030673949513584375,-0.009753542020916939,-0.013317118398845196
1689262747569138200,0,62747.56640625,1.1498432159423828,1.1688722372055054,1.090059757232666,0.001634875894524157,0.004374202806502581,0.0010922527872025967,-0.017259273678064346,0.0037248998414725065,0.0222120713442564
1689262747598165500,0,62747.59765625,1.149867296218872,1.169044017791748,1.090084433555603,-2.1264455426717177e-05,0.004486659076064825,0.0013777944259345531,-0.008181917481124401,-0.005796746350824833,-0.0020267567597329617
1689262747631710400,0,62747.6328125,1.1499176025390625,1.1692440509796143,1.0900969505310059,0.00054672930855304,0.006058913189917803,0.0008985928725451231,0.00670401006937027,-0.01822151429951191,0.004388578701764345
1689262747660941900,0,62747.66015625,1.1499661207199097,1.1694660186767578,1.0901001691818237,0.0013118158094584942,0.0068571302108466625,0.00030325871193781495,0.0037084987852722406,0.007881284691393375,-0.028914136812090874
1689262747695072200,0,62747.6953125,1.150065302848816,1.1696821451187134,1.0901010036468506,0.0018398092361167073,0.006497974973171949,0.000650365836918354,-0.0036962004378437996,-0.011174972169101238,0.008153288625180721
1689262747723291900,0,62747.72265625,1.1501706838607788,1.1698389053344727,1.0901097059249878,0.002415346447378397,0.005378410220146179,0.0008410622249357402,0.008274138905107975,-0.007422818802297115,-0.024679645895957947
1689262747753287300,0,62747.75390625,1.150277018547058,1.1700053215026855,1.0900866985321045,0.0025339035782963037,0.0057253288105130196,-0.0005776056204922497,-8.856111526256427e-05,0.006385480053722858,-0.04180607944726944
1689262747785551600,0,62747.78515625,1.150409460067749,1.1701738834381104,1.090057611465454,0.003669979516416788,0.005281933583319187,-0.0006635091849602759,0.020484980195760727,-0.03286327049136162,-0.008135942742228508
1689262747818875200,0,62747.81640625,1.1505177021026611,1.1702576875686646,1.090050220489502,0.003791714319959283,0.00489839818328619,0.00031045958166942,0.016785429790616035,-0.011940005235373974,0.032514192163944244
1689262747846880000,0,62747.84765625,1.150713324546814,1.1704670190811157,1.0900572538375854,0.002244885778054595,0.005759804975241423,0.0002787802368402481,-0.01784347929060459,-0.011506672017276287,0.006644506473094225
1689262747876765300,0,62747.875,1.1508227586746216,1.1706678867340088,1.0900404453277588,0.0027652441058307886,0.006939115934073925,0.0008176941773854196,-0.01844942569732666,0.0074282498098909855,-0.012513731606304646
1689262747907912500,0,62747.90625,1.1509333848953247,1.1708707809448242,1.0900232791900635,0.002073640003800392,0.007337419781833887,0.0005019934615120292,-0.028881283476948738,-0.022709142416715622,-0.010220512747764587
1689262747939539400,0,62747.9375,1.1510697603225708,1.171136736869812,1.0899354219436646,0.0023340017069131136,0.006374632008373737,-0.0007596051436848938,0.003696773899719119,-0.03961600363254547,-0.019622651860117912
1689262747970447100,0,62747.96875,1.151242733001709,1.1712816953659058,1.0899065732955933,0.0036113914102315903,0.004523174371570349,-0.0006444711470976472,-0.011625992134213448,-0.013314912095665932,-0.015393760055303574
1689262748001413000,0,62748.0,1.1514214277267456,1.1714398860931396,1.0898981094360352,0.003423066809773445,0.005611262749880552,-0.00046439009020105004,-0.01919395476579666,0.03446920961141586,0.016976522281765938
1689262748031639900,0,62748.03125,1.151538372039795,1.1716200113296509,1.089898705482483,0.002773479325696826,0.006376464385539293,0.000168883430887945,-0.03192496672272682,0.0035202892031520605,0.01699948124587536
1689262748064597100,0,62748.0625,1.1515949964523315,1.1717532873153687,1.0899021625518799,0.0027995079290121794,0.005694855935871601,0.0003261583624407649,0.01253836415708065,-0.06152522563934326,-0.010192658752202988
1689262748094760800,0,62748.09375,1.1517136096954346,1.1720024347305298,1.0898902416229248,0.002354409545660019,0.005328598897904158,-0.0001975765044335276,0.01044521201401949,-0.019919270649552345,-0.027713896706700325
1689262748123577600,0,62748.12109375,1.1518089771270752,1.1721795797348022,1.0898786783218384,0.001789445523172617,0.004608720075339079,0.0003487069916445762,-0.03181220218539238,-0.0070081609301269054,0.03833721950650215
1689262748155871300,0,62748.15625,1.1518874168395996,1.1723097562789917,1.0898839235305786,0.0018493706593289971,0.004953822121024132,0.0009397788089700043,0.008226467296481133,-0.010281427763402462,0.02542957291007042
1689262748186495000,0,62748.1875,1.1519880294799805,1.1724814176559448,1.089887261390686,0.0013178823282942176,0.004686088301241398,0.001134404563345015,-0.03937165439128876,-0.022546034306287766,0.015344216488301754
1689262748216526500,0,62748.21484375,1.152091145515442,1.172629475593567,1.0898891687393188,0.0015471761580556631,0.0029633494559675455,0.0008773595909588039,-0.013451467268168926,-0.03504377231001854,-0.007535440847277641
1689262748246662300,0,62748.24609375,1.1521791219711304,1.1727821826934814,1.0898847579956055,0.0006442118319682777,0.0028738072142004967,-0.00026075830101035535,0.0035667980555444956,-0.026888271793723106,-0.02633814327418804
1689262748278541800,0,62748.27734375,1.1522020101547241,1.1729590892791748,1.0898661613464355,0.0007466920651495457,0.003499821526929736,0.000649043417070061,0.020983003079891205,-0.019832050427794456,-0.005261934828013182
1689262748309334400,0,62748.30859375,1.1522616147994995,1.173019289970398,1.0898677110671997,0.0005994818639010191,0.0012479503639042377,0.0011748744873329997,0.00979435071349144,-0.05391915515065193,-0.002560349414125085
1689262748353239500,0,62748.3515625,1.1523056030273438,1.1731029748916626,1.0897942781448364,0.0002132427180185914,0.0020514847710728645,-8.464035636279732e-05,-0.031725458800792694,-0.010803152807056904,0.004600228276103735
1689262748385018400,0,62748.3828125,1.1523113250732422,1.173159122467041,1.0897698402404785,-0.000153101296746172,0.0027428034227341413,6.421009311452508e-05,-0.010449077002704144,0.033134616911411285,0.021001044660806656
1689262748415471800,0,62748.4140625,1.1523187160491943,1.1733003854751587,1.0897467136383057,0.0003344463766552508,0.004786213394254446,0.0001059200003510341,0.011285984888672829,0.003888799110427499,-0.010656481608748436
1689262748447902000,0,62748.4453125,1.1524827480316162,1.1734846830368042,1.0897382497787476,0.0030854663345962763,0.00349160167388618,0.0002519483387004584,-0.008867819793522358,-0.014551008120179176,0.0005255664582364261
1689262748479337000,0,62748.48046875,1.152574896812439,1.1736047267913818,1.0897256135940552,0.0022516229655593634,0.0026690170634537935,-0.0008360277279280126,-0.008922755718231201,-0.02185226045548916,-0.05125635862350464
1689262748511707000,0,62748.51171875,1.152672290802002,1.1736836433410645,1.0897104740142822,0.0019209787715226412,0.0009488484356552362,-0.000751107232645154,0.027758140116930008,-0.018015718087553978,-0.002110149944201112
1689262748540617800,0,62748.5390625,1.1527539491653442,1.1737005710601807,1.0897057056427002,0.0010430299444124103,0.000667111948132515,-0.0006729261367581785,0.007171946112066507,0.002749468432739377,0.008308249525725842
1689262748572575700,0,62748.5703125,1.152819037437439,1.173723578453064,1.089705228805542,0.0009951292304322124,0.00015902091399766505,-0.00028310116613283753,-0.02436653897166252,-0.025582868605852127,0.010087817907333374
1689262748603767600,0,62748.6015625,1.1528836488723755,1.1737396717071533,1.0897008180618286,0.001827700762078166,-0.0002759227354545146,-0.00011086984886787832,-0.005763455294072628,-0.03831042721867561,-0.01021470408886671
1689262748633879300,0,62748.6328125,1.152932047843933,1.1737501621246338,1.089699625968933,0.0014962690183892846,-0.0004875113081652671,-0.00017718435265123844,0.012225396931171417,-0.02795085683465004,-0.017333893105387688
1689262748663133800,0,62748.66015625,1.1530588865280151,1.1737996339797974,1.0897246599197388,0.002301366301253438,-0.00029343095957301557,0.0004239030531607568,0.017679978162050247,-0.00848566647619009,0.015844102948904037
1689262748693375200,0,62748.69140625,1.1531522274017334,1.173872709274292,1.0897520780563354,0.0016419633757323027,0.001029246486723423,0.001789722591638565,-0.046134285628795624,0.02467351220548153,0.04074682667851448
1689262748723007800,0,62748.72265625,1.1532247066497803,1.1739122867584229,1.0897698402404785,0.0008772605797275901,0.0014128150651231408,0.0018591750413179398,-0.014398123137652874,-0.038059838116168976,0.005637472495436668
1689262748768887300,0,62748.76953125,1.153331995010376,1.1739009618759155,1.0896633863449097,0.0015071495436131954,-0.000695441965945065,0.0006658546044491231,-0.006963695865124464,-0.04319515451788902,0.009461580775678158
1689262748798880100,0,62748.796875,1.1534278392791748,1.173879861831665,1.0896543264389038,0.0023616033140569925,-0.0008059116662479937,-8.639666339149699e-05,-0.009545045904815197,-0.006929237861186266,-0.02864578738808632
1689262748845646100,0,62748.84375,1.1535377502441406,1.1738287210464478,1.0896525382995605,0.0017100187251344323,-0.001788717694580555,9.897864219965413e-05,-0.04704475402832031,0.0009364546276628971,-0.019041936844587326
1689262748877544900,0,62748.87890625,1.1535696983337402,1.1738111972808838,1.0896356105804443,0.0011014444753527641,-0.0008197480929084122,-0.00012375180085655302,0.04926557466387749,-0.016752224415540695,-0.016206419095396996
1689262748909219700,0,62748.91015625,1.1536258459091187,1.1737805604934692,1.0896100997924805,0.0018203321378678083,-0.001412467798218131,-0.0006682070670649409,0.01295502670109272,0.011316759511828423,-0.0264858677983284
1689262748938235000,0,62748.9375,1.1537350416183472,1.1737475395202637,1.0895836353302002,0.0015608996618539095,-0.0014900859678164124,-0.0004716235853265971,0.005547643173485994,-0.007445895578712225,0.015408869832754135
1689262748969515600,0,62748.96875,1.153843879699707,1.1737109422683716,1.089592456817627,0.0018859260017052293,-0.0008250431274063885,0.000384545506676659,-0.02073385752737522,0.00027809690800495446,0.020301442593336105
1689262749000190800,0,62749.0,1.1539005041122437,1.173706293106079,1.0895968675613403,0.001011027954518795,-0.00026992615312337875,0.00047599998652003706,-0.022302987053990364,0.01178649440407753,0.021769240498542786
1689262749033969200,0,62749.03125,1.1540175676345825,1.173694133758545,1.0895256996154785,0.0017642303137108684,-0.00035151440533809364,0.00032959558302536607,0.007886177860200405,-0.020435048267245293,-0.016061915084719658
1689262749066787700,0,62749.06640625,1.1541087627410889,1.1736868619918823,1.0895428657531738,0.0012865940807387233,-0.0009599776822142303,0.0009433101513423026,-0.0037410056684166193,-0.015966828912496567,0.010470235720276833
1689262749107243400,0,62749.10546875,1.1541215181350708,1.1737182140350342,1.0895156860351562,-0.00036774383625015616,-0.0010512832086533308,0.0005135925021022558,0.007212367374449968,-0.032576706260442734,0.008043557405471802
1689262749138513400,0,62749.13671875,1.154134750366211,1.1737127304077148,1.089524745941162,-0.0007834767457097769,-0.0003733046760316938,0.0005193753750063479,-0.003303924575448036,-0.0214143767952919,-0.0022607846185564995
1689262749170968300,0,62749.171875,1.1541165113449097,1.1737171411514282,1.0895042419433594,-0.0009139345493167639,0.00027608496020548046,0.0002478423994034529,0.012319664470851421,-0.05329926684498787,-0.009986975230276585
1689262749199953500,0,62749.19921875,1.1541012525558472,1.1737276315689087,1.0895061492919922,-0.0010839891619980335,9.208251867676154e-05,0.0007412381237372756,-0.010951615869998932,-0.023827966302633286,0.010211397893726826
1689262749227878600,0,62749.2265625,1.1540720462799072,1.173709750175476,1.0895084142684937,-0.0013402780750766397,-0.00022466431255452335,0.0007217710954137146,0.02851785719394684,-0.05119869112968445,0.001953418366611004
1689262749275641200,0,62749.2734375,1.1541050672531128,1.173655390739441,1.0895121097564697,-0.0012200628407299519,-0.00025765312602743506,0.00020044921257067472,-0.00897204503417015,-0.0036218517925590277,-0.009148365817964077
1689262749305489600,0,62749.3046875,1.1541078090667725,1.1736949682235718,1.0895224809646606,-0.0009286506101489067,1.90770770132076e-05,0.0006827290635555983,-0.0036575356498360634,-0.04377845302224159,0.017531313002109528
1689262749336306300,0,62749.3359375,1.1540833711624146,1.1736981868743896,1.0895284414291382,-0.0018614149885252118,-0.00020427178242243826,0.00025057006860151887,-0.013332521542906761,-0.007716357242316008,-0.01814953424036503
1689262749366973200,0,62749.3671875,1.154003620147705,1.1737151145935059,1.0895143747329712,-0.0023926140274852514,0.0004034734738525003,-0.0005451751057989895,0.009342243894934654,0.011122073046863079,-0.009039930067956448
1689262749396835200,0,62749.39453125,1.1539627313613892,1.173733115196228,1.0895164012908936,-0.0023403968662023544,0.00019199078087694943,-0.00015271588927134871,-0.04407418891787529,0.02214949019253254,-0.0028356779366731644
1689262749427997100,0,62749.42578125,1.1539568901062012,1.1737260818481445,1.089530348777771,-0.002053117612376809,-0.0008334637968800962,0.00025039614411070943,-0.008784789592027664,-0.024915853515267372,0.00423753447830677
1689262749458856700,0,62749.45703125,1.1539027690887451,1.173726201057434,1.089534044265747,-0.0032598557882010937,-0.00018416775856167078,-0.00014475146599579602,0.012036074884235859,-0.027038678526878357,-0.0044478545896708965
1689262749489937300,0,62749.48828125,1.1538276672363281,1.1737853288650513,1.0895159244537354,-0.00302156456746161,0.0006459236610680819,-0.0006464731995947659,-0.0030101407319307327,-0.004179834388196468,0.011214377358555794
1689262749520718800,0,62749.51953125,1.1537556648254395,1.1738313436508179,1.0895150899887085,-0.0028131818398833275,-0.00031769281486049294,-0.00014543109864462167,-0.018500762060284615,-0.041949544101953506,-0.001834403839893639
1689262749557497800,0,62749.55859375,1.1537203788757324,1.1738544702529907,1.0895230770111084,-0.002663024002686143,-0.00022960928617976606,-0.00018819751858245581,-0.01757901720702648,-0.005227593705058098,-0.024232598021626472
1689262749581697800,0,62749.58203125,1.1536734104156494,1.1739088296890259,1.089558482170105,-0.002277220133692026,0.0001767752692103386,0.000158831593580544,-0.0008339975611306727,-0.048914745450019836,0.002602564636617899
1689262749613001500,0,62749.61328125,1.1535983085632324,1.17391836643219,1.0895788669586182,-0.0039055754896253347,-0.0004745682526845485,0.0006011880468577147,0.03174389898777008,0.004001070745289326,0.007532783318310976
1689262749644171400,0,62749.64453125,1.15354323387146,1.173915147781372,1.0896049737930298,-0.003441331908106804,-0.0003312221961095929,0.0011683809570968151,0.016278313472867012,0.028957612812519073,0.03900565207004547
1689262749674486300,0,62749.67578125,1.1534610986709595,1.1739063262939453,1.089631199836731,-0.003335387445986271,-1.1944665857299697e-05,0.0013308239867910743,0.02104010619223118,-0.03422214835882187,0.010817483067512512
1689262749705095300,0,62749.703125,1.1532707214355469,1.1739071607589722,1.0896275043487549,-0.0041796439327299595,4.92188382850145e-06,0.00010514699533814564,0.018597044050693512,-0.04733721911907196,-0.03656195476651192
1689262749736810100,0,62749.734375,1.1531760692596436,1.173927903175354,1.0896117687225342,-0.002101929858326912,0.0006432528607547283,-0.0003071322862524539,0.03508557006716728,-0.013950741849839687,-0.004622956272214651
1689262749768079600,0,62749.765625,1.153172254562378,1.173901915550232,1.0896135568618774,-0.0008122790604829788,-0.0011802067747339606,0.0006147197564132512,0.012163248844444752,-0.018230168148875237,0.021605540066957474
1689262749798651000,0,62749.796875,1.1531617641448975,1.1738404035568237,1.0896245241165161,-0.0017012814059853554,-0.0012605887604877353,0.0008269270765595138,-0.006410098168998957,0.0033653308637440205,0.00996010098606348
1689262749830862800,0,62749.828125,1.1531702280044556,1.173786997795105,1.0896260738372803,-0.0005972226499579847,-0.0010684893932193518,0.00016557179333176464,0.008388963527977467,-0.020064610987901688,-0.015547048300504684
1689262749861579100,0,62749.859375,1.1531527042388916,1.1737505197525024,1.0896234512329102,-0.0018499611178413033,-0.0022826099302619696,-0.00023363975924439728,0.019150609150528908,-0.00794083159416914,-0.0037778939586132765
1689262749893009800,0,62749.890625,1.153124213218689,1.1737219095230103,1.0896180868148804,-0.0007789069204591215,-0.001638640183955431,-0.0004872114222962409,0.016253897920250893,-8.38839405332692e-05,0.001929837861098349
1689262749922489500,0,62749.921875,1.153093934059143,1.1737266778945923,1.0896176099777222,-0.0011354610323905945,-0.0006705773412249982,-6.338505045277998e-05,0.0320509672164917,0.01083135325461626,0.01627182401716709
1689262749955386700,0,62749.953125,1.1531063318252563,1.17373788356781,1.0896254777908325,-0.0011152777587994933,-0.00012298392539378256,4.3563028157223016e-05,-0.007468580733984709,0.0018186077941209078,0.008260861039161682
1689262749985489800,0,62749.984375,1.1530638933181763,1.1737136840820312,1.0896344184875488,-0.0021672460716217756,-0.0015522890025749803,-0.00024651220883242786,0.011438204906880856,-0.011198126710951328,-0.012234659865498543
1689262750015219300,0,62750.015625,1.1530370712280273,1.1737037897109985,1.0896414518356323,-0.0021996197756379843,-0.001030761399306357,0.0002152254164684564,-0.02753193862736225,0.007755747530609369,0.011821184307336807
1689262750052697800,0,62750.05078125,1.1529735326766968,1.173709511756897,1.0896514654159546,-0.0025066665839403868,-0.0008769995183683932,0.00039581491728313267,-0.016461826860904694,-0.01483375858515501,-0.0003366369637660682
1689262750092361700,0,62750.09375,1.1529346704483032,1.173675298690796,1.0896382331848145,-0.0014409160939976573,-0.0003350802871864289,0.00020541370031423867,0.0016618086956441402,-0.006483256351202726,0.004776665475219488
1689262750123405900,0,62750.12109375,1.1529204845428467,1.173669457435608,1.0896462202072144,-0.0017906298162415624,-0.0014272592961788177,0.0008947418536990881,0.004167516715824604,-0.019466878846287727,0.012896574102342129
1689262750155122800,0,62750.15625,1.152896523475647,1.1736032962799072,1.0896661281585693,-0.002649139380082488,-0.001801006612367928,0.0012267573038116097,-0.0028388926293700933,-0.029346534982323647,0.021822303533554077
1689262750188616500,0,62750.1875,1.1528362035751343,1.1735069751739502,1.089673638343811,-0.002362746512517333,-0.002506146440282464,0.0007328090723603964,0.050328776240348816,-0.05746910721063614,-0.008891713805496693
1689262750218072400,0,62750.21875,1.152760624885559,1.1733839511871338,1.0896819829940796,-0.0029464680701494217,-0.004614733625203371,0.0010532416636124253,0.03221556544303894,-0.019328568130731583,0.03084895946085453
1689262750249202500,0,62750.24609375,1.152727484703064,1.1732587814331055,1.0896999835968018,-0.0013212457997724414,-0.00353085994720459,0.0011271019466221333,0.028506409376859665,-0.0368148609995842,0.03234047070145607
1689262750280984700,0,62750.28125,1.1527255773544312,1.1731033325195312,1.0897278785705566,-0.0009171753190457821,-0.004594330210238695,0.0012811316410079598,-0.003739816602319479,-0.022823216393589973,0.002566017210483551
1689262750313700900,0,62750.3125,1.1526991128921509,1.1729336977005005,1.0897345542907715,-0.0014554817462339997,-0.0062164608389139175,0.0009253578609786928,-0.006120939273387194,-0.028841637074947357,-0.008027797564864159
1689262750343274000,0,62750.34375,1.1526832580566406,1.1727186441421509,1.0897254943847656,-0.0017131275963038206,-0.007600454147905111,-4.958633508067578e-05,-0.03731950372457504,-0.02089676260948181,-0.02343307062983513
1689262750373843900,0,62750.37109375,1.152668833732605,1.1725997924804688,1.0897184610366821,-0.001492647803388536,-0.007138542830944061,-0.0006239492213353515,0.009272712282836437,-0.031410619616508484,-0.02424703724682331
1689262750404975900,0,62750.40234375,1.1526689529418945,1.1724294424057007,1.0897290706634521,-0.0001457190082874149,-0.006075048819184303,0.0005943490541540086,-0.029388150200247765,0.01999688148498535,0.02540302276611328
1689262750436298700,0,62750.4375,1.1526603698730469,1.172265887260437,1.08977210521698,-0.0014193219831213355,-0.006331889424473047,0.0008464745478704572,0.01963082142174244,-0.03443725034594536,-0.013185346499085426
1689262750468178400,0,62750.46875,1.1526517868041992,1.1721092462539673,1.089781641960144,-0.0022328312043100595,-0.006746940314769745,-0.000337384786689654,-0.00456418888643384,-0.01687343791127205,-0.032544925808906555
1689262750498449000,0,62750.49609375,1.152600884437561,1.1718641519546509,1.0897997617721558,-0.0025861170142889023,-0.007368461228907108,0.00015428007463924587,-0.01078446488827467,-0.010328848846256733,0.0271459873765707
1689262750529486300,0,62750.52734375,1.152560830116272,1.1717164516448975,1.0898168087005615,-0.002270428230985999,-0.005960148759186268,-2.0080617105122656e-05,-0.027119118720293045,-0.01356662530452013,-0.01251297164708376
1689262750560786500,0,62750.55859375,1.152511477470398,1.1715651750564575,1.0898349285125732,-0.002780185779556632,-0.006331887561827898,0.0005682231276296079,-0.025363044813275337,-0.006857522297650576,0.004746941849589348
1689262750592060100,0,62750.58984375,1.1524617671966553,1.1714094877243042,1.0898531675338745,-0.0027462926227599382,-0.00590131152421236,0.0010016183368861675,-0.0022344926837831736,-0.02177964337170124,0.011219628155231476
1689262750626280800,0,62750.625,1.1524218320846558,1.1712428331375122,1.0898675918579102,-0.0031392748933285475,-0.006004659458994865,0.000654389732517302,0.00031991899595595896,-0.02495117112994194,-0.004834313876926899
1689262750655066200,0,62750.65234375,1.1523816585540771,1.1710784435272217,1.0898774862289429,-0.0036169688683003187,-0.005949498154222965,-0.00023635807156097144,-0.016402674838900566,-0.007427980657666922,-0.02585657127201557
1689262750684808200,0,62750.68359375,1.1523469686508179,1.1709283590316772,1.0898873805999756,-0.0026547517627477646,-0.006345383822917938,-0.00042312146979384124,0.04536057263612747,-0.03290209174156189,0.004979947581887245
1689262750714955900,0,62750.71484375,1.1523382663726807,1.1708180904388428,1.0898991823196411,-0.0016562476521357894,-0.006927285809069872,-2.7308185963192955e-05,0.014802134595811367,-0.0550500713288784,0.022106800228357315
1689262750745346800,0,62750.74609375,1.1523327827453613,1.170513391494751,1.0899229049682617,-0.00048292294377461076,-0.005262295715510845,0.00010923631634796038,0.030262140557169914,0.0031196926720440388,-0.00979289598762989
1689262750776300100,0,62750.77734375,1.152349829673767,1.1704025268554688,1.0899293422698975,-0.0001936579355970025,-0.004656587727367878,0.0002394301991444081,0.022521205246448517,0.0014595284592360258,0.004396292846649885
1689262750806921700,0,62750.8046875,1.1524118185043335,1.1700966358184814,1.0899420976638794,0.00014620550791732967,-0.007470300421118736,0.0008459277451038361,-0.00022543335217051208,-0.022644508630037308,0.006564212962985039
1689262750836242900,0,62750.8359375,1.1524019241333008,1.1698848009109497,1.0899548530578613,-0.0007843144121579826,-0.006299441214650869,0.0004507427220232785,-0.014497746713459492,0.0384097546339035,0.001592115149833262
1689262750867436000,0,62750.8671875,1.1523865461349487,1.1697384119033813,1.0899639129638672,-0.0005309538682922721,-0.0046540223993361,0.00010801777534652501,0.033472612500190735,0.01097847055643797,0.002847685245797038
1689262750914208100,0,62750.9140625,1.1524174213409424,1.1695564985275269,1.090004563331604,0.0009055340196937323,-0.005175193306058645,0.00031294586369767785,-0.010887980461120605,-0.019798757508397102,-0.03264851123094559
1689262750945027800,0,62750.9453125,1.1524574756622314,1.1693590879440308,1.0900177955627441,-0.00014128355542197824,-0.005314758513122797,-0.0007746026967652142,0.017360156401991844,0.011950772255659103,-0.035539411008358
1689262750975550600,0,62750.9765625,1.1524778604507446,1.1691964864730835,1.090012550354004,9.857337136054412e-05,-0.005776964593678713,-0.0005667876685038209,-0.01075761392712593,0.04102841019630432,0.013643169775605202
1689262751011474900,0,62751.01171875,1.1524933576583862,1.1690219640731812,1.0900155305862427,-0.000527743948623538,-0.005172279663383961,-0.00032311974791809916,-0.011363141238689423,-0.014196928590536118,-0.005377459805458784
1689262751043326000,0,62751.04296875,1.1524931192398071,1.1688342094421387,1.0900194644927979,-0.0005477328086271882,-0.005800988525152206,-3.89254346373491e-05,0.009549720212817192,0.005063904449343681,0.0055945818312466145
1689262751072295600,0,62751.0703125,1.152516484260559,1.1686978340148926,1.0900263786315918,-0.00046324561117216945,-0.004609779454767704,0.000268460571533069,0.009645006619393826,-0.01503852941095829,0.021962888538837433
1689262751102096000,0,62751.1015625,1.1525791883468628,1.1685975790023804,1.0900485515594482,0.00046250721788965166,-0.003595588728785515,0.0008997038239613175,-0.02301383949816227,-0.014861056581139565,0.0018610248807817698
1689262751134228500,0,62751.1328125,1.1525999307632446,1.1685396432876587,1.0900737047195435,-0.00025922450004145503,-0.002638379344716668,0.0011886716820299625,0.002119846176356077,-0.003951770719140768,0.0005797516205348074
1689262751166044200,0,62751.1640625,1.1525863409042358,1.1684702634811401,1.0900864601135254,-0.0009425819735042751,-0.0027604978531599045,0.0006606921087950468,0.0014308341778814793,0.03815343230962753,-0.01768801547586918
1689262751195935000,0,62751.1953125,1.152575135231018,1.1684494018554688,1.0900851488113403,-0.0011167664779350162,-0.0018643703078851104,0.00018873483350034803,0.017217237502336502,0.0015278756618499756,-0.02957673743367195
1689262751229111600,0,62751.2265625,1.152575969696045,1.168364405632019,1.0900459289550781,5.4277119488688186e-05,-0.0016737794503569603,0.0005924822762608528,-0.012655344791710377,0.05408792570233345,-0.002416528295725584
1689262751256916800,0,62751.2578125,1.1526085138320923,1.1683319807052612,1.0900558233261108,-0.000464574754005298,-0.00026001755031757057,1.2847064681409393e-05,-0.0011495695216581225,0.01847662217915058,-0.020969389006495476
1689262751286527100,0,62751.28515625,1.1526222229003906,1.1683238744735718,1.0900553464889526,-0.00017610652139410377,0.000305483175907284,-0.00011208014620933682,-0.009795819409191608,0.023761577904224396,-0.0032801481429487467
1689262751318953800,0,62751.31640625,1.1526598930358887,1.1683367490768433,1.0900461673736572,-0.0004222019633743912,-0.0003605690144468099,0.00019443458586465567,0.024369314312934875,0.016739901155233383,0.021073216572403908
1689262751350580000,0,62751.3515625,1.1527070999145508,1.1684011220932007,1.0900434255599976,0.0005059301038272679,0.0028459224849939346,0.0003217155463062227,0.027768095955252647,0.02498827874660492,-0.0025305787567049265
1689262751381582500,0,62751.3828125,1.1527507305145264,1.1685237884521484,1.090051293373108,0.0001266061153728515,0.0033639464527368546,0.0009500373853370547,-0.011648028157651424,-0.013578004203736782,0.02022683620452881
1689262751411610400,0,62751.41015625,1.1527436971664429,1.168629765510559,1.090061068534851,-0.0010697031393647194,0.0029695951379835606,0.00098711927421391,-0.0004620415566023439,-0.0025870262179523706,0.005288959480822086
1689262751441831600,0,62751.44140625,1.1526806354522705,1.1687184572219849,1.0900537967681885,-0.0025538781192153692,0.0028129362035542727,0.00011786629329435527,-0.018445435911417007,-0.038127318024635315,-0.024187110364437103
1689262751473162500,0,62751.47265625,1.152639389038086,1.1688225269317627,1.090046763420105,-0.002070544520393014,0.0038931448943912983,6.2440490182780195e-06,-0.002470425795763731,0.05856853723526001,0.004980858881026506
1689262751503780500,0,62751.50390625,1.1526347398757935,1.168962836265564,1.0900650024414062,-0.001416220678947866,0.004672087728977203,0.001161044929176569,-0.012217125855386257,0.009247096255421638,0.030165569856762886
1689262751534386200,0,62751.53515625,1.1526309251785278,1.1691139936447144,1.090089201927185,-0.0019541680812835693,0.004452474415302277,0.0009758693631738424,-0.0004586315480992198,-0.014294986613094807,-0.024990353733301163
1689262751565600700,0,62751.56640625,1.1525541543960571,1.1692761182785034,1.0900797843933105,-0.0032663284800946712,0.004278307780623436,0.0003705033741425723,-0.016393356025218964,-0.018316814675927162,0.023775817826390266
1689262751595650900,0,62751.59375,1.1525161266326904,1.1693446636199951,1.0900733470916748,-0.0025330951903015375,0.0038581660483032465,0.00016943519585765898,0.00963921844959259,-0.02289217710494995,-0.004890555515885353
1689262751626846800,0,62751.625,1.1524609327316284,1.1694679260253906,1.0900574922561646,-0.0026951972395181656,0.003064176067709923,-2.6240079023409635e-05,0.03568924590945244,-0.02191125974059105,-0.00675282534211874
1689262751656773500,0,62751.65625,1.152451753616333,1.169632911682129,1.0900570154190063,-0.001209725858643651,0.004994759801775217,0.0002735466696321964,0.01814880408346653,-0.01607023924589157,0.014047947712242603
1689262751688079400,0,62751.6875,1.152449369430542,1.1697955131530762,1.0900620222091675,-0.0010180132230743766,0.0045057120732963085,0.0004213650245219469,0.007061290554702282,-0.02016575261950493,-0.005304740276187658
1689262751732766500,0,62751.73046875,1.1524263620376587,1.1699174642562866,1.0900264978408813,-0.0012312603648751974,0.003105769632384181,0.00016423109627794474,0.0066434601321816444,-0.016492445021867752,-0.005727087613195181
1689262751762875500,0,62751.76171875,1.1524218320846558,1.1700435876846313,1.0900232791900635,-0.0006857218686491251,0.004111101385205984,0.00025348973576910794,0.004264764487743378,-0.008629401214420795,-0.024643074721097946
1689262751793590700,0,62751.79296875,1.1524226665496826,1.170167088508606,1.0900169610977173,-0.001020393567159772,0.0030580894090235233,-0.00011382451339159161,0.031243886798620224,-0.011594683863222599,-0.015286615118384361
1689262751825688300,0,62751.82421875,1.1524112224578857,1.170328140258789,1.08998441696167,-0.0007340192096307874,0.0030906859319657087,-0.0006689412402920425,-0.011637036688625813,-0.005566628184169531,-0.006384788081049919
1689262751856239400,0,62751.85546875,1.1524144411087036,1.170430302619934,1.089983582496643,-0.0005102873547002673,0.0029942875262349844,0.0002936783421318978,0.023285649716854095,-0.002195226727053523,0.016531167551875114
1689262751886667000,0,62751.88671875,1.152427315711975,1.1705118417739868,1.0899943113327026,0.00021504251344595104,0.0030348398722708225,0.0004505006072577089,0.02112014964222908,-0.01520762499421835,0.0009305071434937418
1689262751917305800,0,62751.91796875,1.1524559259414673,1.1706072092056274,1.0900046825408936,0.0002584617759566754,0.003253852715715766,0.0009081221069209278,0.0011369523126631975,0.020720582455396652,0.012026943266391754
1689262751948515700,0,62751.94921875,1.1525005102157593,1.1707350015640259,1.0900170803070068,0.0006483119796030223,0.003547195577993989,0.0010734089883044362,0.010615052655339241,-0.00037634483305737376,0.007374719250947237
1689262751979665000,0,62751.98046875,1.1525720357894897,1.1708509922027588,1.0900311470031738,0.0011795931495726109,0.0029135055374354124,0.000812941521871835,0.016115233302116394,-0.024426957592368126,-0.01757054775953293
1689262752016314500,0,62752.015625,1.1525917053222656,1.1709109544754028,1.090036392211914,0.0004819461319129914,0.002233537845313549,0.0007828648085705936,0.006451580673456192,-0.019789833575487137,-0.015499669127166271
1689262752058129900,0,62752.05859375,1.1526014804840088,1.1710199117660522,1.090025544166565,-0.0005609025829471648,0.0019325624452903867,-8.609401265857741e-05,-0.004975656513124704,-0.019542798399925232,-0.033137064427137375
1689262752077418200,0,62752.078125,1.1526329517364502,1.171090841293335,1.090013027191162,0.0007241966086439788,0.0022305867169052362,3.608278711908497e-05,0.011357217095792294,-0.01901894621551037,0.012956746853888035
1689262752105544400,0,62752.10546875,1.1526846885681152,1.1711623668670654,1.0900214910507202,0.0007687327452003956,0.0021729839500039816,0.0012605336960405111,0.018314402550458908,-0.01195502933114767,0.03659261018037796
1689262752135864400,0,62752.13671875,1.1527535915374756,1.1712641716003418,1.0900263786315918,0.0015267961425706744,0.003067916492000222,0.000984487240202725,0.004236574750393629,-0.03128025680780411,-0.002645977074280381
1689262752165444700,0,62752.1640625,1.152830719947815,1.171425700187683,1.0900123119354248,0.0012166090309619904,0.0036450917832553387,0.00036343358806334436,0.010957896709442139,-0.016090912744402885,-0.006090616807341576
1689262752196247000,0,62752.1953125,1.152889609336853,1.171489953994751,1.090010643005371,0.0012701362138614058,0.0015399889089167118,0.0004068816197104752,-0.017001470550894737,-0.04512772709131241,-0.029138512909412384
1689262752243480400,0,62752.2421875,1.1529637575149536,1.1715373992919922,1.0899572372436523,0.0011240590829402208,0.0013368292711675167,-0.0002760920615401119,0.02523787133395672,0.013356232084333897,0.0032485504634678364
1689262752274318300,0,62752.2734375,1.1530369520187378,1.1715725660324097,1.0899291038513184,0.001918728812597692,0.001395643805153668,-0.0007250229828059673,0.019210968166589737,-0.015253444202244282,-0.02055688016116619
1689262752306028500,0,62752.3046875,1.1531336307525635,1.171589970588684,1.0899163484573364,0.000746679084841162,-0.0002148080529877916,0.00017071267939172685,-0.0005364225944504142,0.015059750527143478,0.025550931692123413
1689262752336373400,0,62752.3359375,1.1531842947006226,1.1715975999832153,1.0899136066436768,0.0014201876474544406,0.00038475613109767437,-7.779125007800758e-05,0.04029623046517372,-0.012213949114084244,-0.005668698810040951
1689262752366910900,0,62752.3671875,1.1532577276229858,1.1716419458389282,1.0899029970169067,0.0019352346425876021,0.0011979230912402272,5.4527939937543124e-05,0.008671463467180729,0.016808029264211655,0.0035140090622007847
1689262752397480600,0,62752.3984375,1.1533554792404175,1.171689510345459,1.0898927450180054,0.002411051420494914,0.0008625880000181496,0.0001611467159818858,0.011380158364772797,-0.008560862392187119,0.006214745342731476
1689262752429001300,0,62752.4296875,1.1535035371780396,1.1717209815979004,1.0898905992507935,0.0035415408201515675,0.00043847342021763325,3.2334662591892993e-07,0.0020020536612719297,-0.013782854191958904,-0.005944364704191685
1689262752459516300,0,62752.4609375,1.15361750125885,1.1717374324798584,1.0898873805999756,0.0024890012573450804,0.0007606948493048549,-8.681862709636334e-06,0.003030756488442421,0.028392717242240906,0.0050866128876805305
1689262752494130300,0,62752.4921875,1.1537048816680908,1.1717488765716553,1.0898863077163696,0.0021483597811311483,0.0007955511100590229,0.00016683232388459146,0.006276950240135193,-0.0014236918650567532,0.012174740433692932
1689262752523612400,0,62752.5234375,1.1537880897521973,1.1717315912246704,1.0898857116699219,0.0027897024992853403,-0.00043395391548983753,0.0005082407733425498,0.019356315955519676,-0.02938969060778618,0.01790756732225418
1689262752565931600,0,62752.56640625,1.1538846492767334,1.1716045141220093,1.0898990631103516,-0.00018274005560670048,-0.0027231122367084026,0.0005095305969007313,0.012588377110660076,-0.01714196987450123,-0.0005059808609075844
1689262752587836800,0,62752.5859375,1.1539113521575928,1.1714848279953003,1.0897327661514282,0.0001291669177589938,-0.0031238447409123182,-0.00074393255636096,0.038350701332092285,0.011269875802099705,-0.0023084243293851614
1689262752617333100,0,62752.6171875,1.153857946395874,1.1714483499526978,1.0896668434143066,-3.3890351915033534e-05,-0.00187113624997437,-0.0010025568772107363,0.06819841265678406,0.010042558424174786,0.0023171850480139256
1689262752646778500,0,62752.64453125,1.1538660526275635,1.1714591979980469,1.0895401239395142,0.0023949244059622288,-0.0010801163734868169,-0.0008778661722317338,0.05008617043495178,-0.009277906268835068,-0.004465884529054165
1689262752677408900,0,62752.67578125,1.1540007591247559,1.1715677976608276,1.0895379781723022,0.004706843756139278,0.0019649602472782135,0.00023118271201383322,-0.014434617944061756,-0.013298854231834412,-0.013223206624388695
1689262752710048600,0,62752.7109375,1.1541779041290283,1.1716909408569336,1.0895614624023438,0.004224718082696199,0.0032130414620041847,0.001517350086942315,0.00032807516981847584,-0.03382108360528946,0.01480171363800764
1689262752741683400,0,62752.7421875,1.1543303728103638,1.1717854738235474,1.0895884037017822,0.001982307992875576,0.002811099635437131,0.002017536200582981,-0.027179094031453133,-0.05670977011322975,0.019872983917593956
1689262752771908600,0,62752.76953125,1.1543819904327393,1.1718755960464478,1.0896003246307373,0.0010808377992361784,0.0026455058250576258,0.0014483663253486156,-0.019932864233851433,-0.04220185801386833,0.005947785917669535
1689262752807531500,0,62752.80859375,1.154397964477539,1.1719335317611694,1.0895967483520508,0.0002595760743133724,0.0025109744165092707,0.001100172521546483,-0.004628164228051901,-0.012469325214624405,-0.009493888355791569
1689262752833733600,0,62752.83203125,1.154441237449646,1.1719647645950317,1.089582085609436,0.000683926569763571,0.0016562865348532796,0.0007105664699338377,-0.0379977785050869,-0.030255412682890892,0.006055506877601147
1689262752864123400,0,62752.86328125,1.1545294523239136,1.172013759613037,1.089577555656433,0.001256440649740398,0.0013344649923965335,0.0012035202234983444,-0.05787060409784317,-0.042572155594825745,0.014593787491321564
1689262752895519200,0,62752.89453125,1.1546493768692017,1.1720341444015503,1.0895745754241943,0.0013855258002877235,0.0009667908307164907,0.0008570317295379937,-0.04441925138235092,-0.007653765380382538,-0.0015818173997104168
1689262752932106300,0,62752.9296875,1.1547415256500244,1.1720740795135498,1.0895649194717407,0.000815073901321739,0.001353745930828154,0.000261801527813077,-0.03580956161022186,-0.002113890368491411,-0.018552342429757118
1689262752957345400,0,62752.95703125,1.1548041105270386,1.1721423864364624,1.0895532369613647,6.633419980062172e-05,-0.0003040169831365347,0.00019369817164260894,0.0011219887528568506,-0.0456828810274601,-0.00919325277209282
1689262752990116000,0,62752.98828125,1.1547287702560425,1.1722240447998047,1.08953058719635,-0.0028430079109966755,0.0008615346159785986,7.156360516091809e-05,-0.018167320638895035,-0.0007771329255774617,-0.00679584639146924
1689262753020541500,0,62753.01953125,1.1546530723571777,1.1722378730773926,1.08951735496521,-0.0037406086921691895,0.0008532567298971117,0.0003720780077856034,-0.0004928571288473904,-0.009165892377495766,0.018276089802384377
1689262753065257600,0,62753.06640625,1.1546066999435425,1.1722666025161743,1.0895006656646729,-0.0026011094450950623,0.000315281271468848,-2.3795771994628012e-05,0.023726219311356544,-0.0484527088701725,-0.0016065454110503197
1689262753094394100,0,62753.09375,1.154573678970337,1.1722477674484253,1.0894901752471924,-0.0028921000193804502,-0.0011837162310257554,-1.0952675438602455e-05,0.010575327090919018,-0.021481158211827278,-0.0021474394015967846
1689262753127292900,0,62753.12890625,1.1545584201812744,1.1722325086593628,1.089489459991455,-0.002601150656118989,-0.0010075464379042387,-0.00017173918604385108,0.013178592547774315,-0.045844074338674545,0.0008269618847407401
1689262753155751800,0,62753.15625,1.1545467376708984,1.1722042560577393,1.0895004272460938,-0.0015275352634489536,-0.0008446582942269742,0.000472697545774281,0.01324211061000824,-0.006185282953083515,0.02133224904537201
1689262753188750100,0,62753.1875,1.1545214653015137,1.1722041368484497,1.08952796459198,-0.001039235619828105,-0.0010650282492861152,0.0007984079420566559,0.030432917177677155,-0.0041715232655406,-0.011740334331989288
1689262753220302000,0,62753.21875,1.1545665264129639,1.1721547842025757,1.0895558595657349,0.00022686837473884225,-0.002427195431664586,0.0008270023390650749,0.031762950122356415,-0.02403348498046398,-0.0074880593456327915
1689262753254061400,0,62753.25390625,1.1545809507369995,1.1721038818359375,1.0895655155181885,-0.0006714796763844788,-0.0020074883941560984,0.0003112572303507477,-0.03254447132349014,0.002838417189195752,-0.011093974113464355
1689262753285159300,0,62753.28515625,1.1545566320419312,1.1720575094223022,1.0895695686340332,-0.0009388150065205991,-0.0025466433726251125,0.0005013037589378655,0.022298108786344528,0.0009634379530325532,0.022451430559158325
1689262753314286100,0,62753.3125,1.1545758247375488,1.1719858646392822,1.0895940065383911,-0.00020320448675192893,-0.003160107182338834,0.000667254498694092,0.017646724358201027,-0.005122151225805283,-0.001297833863645792
1689262753345667300,0,62753.34375,1.1546131372451782,1.1719403266906738,1.089622139930725,0.00012924593465868384,-0.0019214500207453966,0.00011589824862312526,-0.0011880826205015182,-0.01575661636888981,-0.01969096064567566
1689262753376393700,0,62753.375,1.154637336730957,1.1718875169754028,1.089632272720337,0.0002186908823205158,-0.001852668123319745,6.15328099229373e-05,-0.028266362845897675,-0.015161711722612381,-0.01746312528848648
1689262753409619100,0,62753.41015625,1.1546655893325806,1.1718130111694336,1.0896601676940918,-0.00020661743474192917,-0.0023360971827059984,0.0006133927963674068,-0.007786584552377462,0.013509153388440609,-0.00442103948444128
1689262753440591800,0,62753.44140625,1.154685378074646,1.1717942953109741,1.089671015739441,4.843280476052314e-05,-0.0012401576386764646,0.00020127880270592868,0.014262799173593521,-0.009535958990454674,-0.012601826339960098
1689262753468273600,0,62753.46875,1.1546721458435059,1.17180597782135,1.0896894931793213,-0.0010752405505627394,-0.0017511568730697036,0.00014458681107498705,-0.02635934390127659,-0.012601545080542564,-0.011983199045062065
1689262753500632800,0,62753.5,1.154667854309082,1.1717541217803955,1.0897058248519897,-0.001893063192255795,-0.0017971307970583439,0.00037707199226133525,-0.012095531448721886,0.007034239824861288,-0.006414629984647036
1689262753530330600,0,62753.53125,1.1546763181686401,1.1717196702957153,1.0897144079208374,-0.0014396096812561154,-0.0013690139167010784,0.00018836939125321805,0.005297917407006025,-0.01748046837747097,0.0015331440372392535
1689262753561594300,0,62753.5625,1.1546661853790283,1.1716760396957397,1.0897173881530762,-0.001561268582008779,-0.002333477372303605,0.0001115224658860825,0.024061912670731544,-0.029003288596868515,0.013878495432436466
1689262753595045200,0,62753.59375,1.154666781425476,1.1716256141662598,1.0897244215011597,-0.00038966393913142383,-0.002077266573905945,0.00020852299348916858,0.024913547560572624,-0.01897495798766613,-0.0076764244586229324
1689262753625683800,0,62753.625,1.1546375751495361,1.1715846061706543,1.0897365808486938,-0.0009559187456034124,-0.0008482506964355707,0.0008775673341006041,-0.0013214547652751207,0.024904249235987663,0.031238166615366936
1689262753654310700,0,62753.65234375,1.1545783281326294,1.1715699434280396,1.089755892753601,-0.0019623597618192434,-0.0006065210327506065,0.0016655924264341593,-0.017494065687060356,-0.008320648223161697,0.02518901787698269
1689262753686861400,0,62753.6875,1.1545155048370361,1.17153799533844,1.0897585153579712,-0.0024908119812607765,-0.0007668497855775058,0.00025350204668939114,0.022708171978592873,-0.003432884346693754,-0.055860016494989395
1689262753717672900,0,62753.71875,1.1545192003250122,1.1715095043182373,1.0897417068481445,-0.000747573678381741,-0.001829835120588541,-0.0007290561334230006,-0.01100146770477295,-0.020974012091755867,-0.026758641004562378
1689262753750113500,0,62753.75,1.1545095443725586,1.1714963912963867,1.089737892150879,-0.0016482098726555705,-0.001496723503805697,-0.0006943797925487161,0.009064221754670143,0.022053580731153488,-0.011907866224646568
1689262753779691100,0,62753.77734375,1.1545482873916626,1.1714528799057007,1.0897278785705566,7.122244278434664e-05,-0.0009075513225980103,-0.00072204734897241,0.013262997381389141,-0.013775466941297054,-0.013090919703245163
1689262753813084800,0,62753.8125,1.1546565294265747,1.1714059114456177,1.0897327661514282,0.0007317409035749733,-0.002036504913121462,-0.0001364264899166301,0.008680094964802265,-0.03293560817837715,-0.01761835627257824
1689262753840400700,0,62753.83984375,1.1547980308532715,1.1713398694992065,1.0897434949874878,0.0019456122536212206,-0.0024117787834256887,3.909756560460664e-05,0.03258560225367546,-0.019961444661021233,0.008991299197077751
1689262753889005900,0,62753.88671875,1.154954195022583,1.1712359189987183,1.0897023677825928,0.0026924689300358295,-0.0023832214064896107,0.001394743099808693,0.009127398952841759,-0.022042308002710342,0.025456707924604416
1689262753921378100,0,62753.921875,1.1549460887908936,1.1712111234664917,1.0897152423858643,6.165706872707233e-05,-0.00205909158103168,0.001400279114022851,-0.01664435677230358,-0.03360266610980034,0.010884374380111694
1689262753954186700,0,62753.953125,1.1549526453018188,1.1711071729660034,1.0897289514541626,-0.00020078249508515,-0.0019059201003983617,0.0009963554330170155,-0.015731167048215866,0.00821086298674345,0.003509420668706298
1689262753984439600,0,62753.984375,1.154974341392517,1.171027660369873,1.0897235870361328,-0.0001541281380923465,-0.002383922226727009,-0.00036032916978001595,-0.003795325756072998,-0.03873971104621887,-0.03887827321887016
1689262754014611900,0,62754.015625,1.1550062894821167,1.1709595918655396,1.0897178649902344,0.0006906303460709751,-0.0042023006826639175,7.037252998998156e-06,0.02767917327582836,-0.01149456575512886,0.007410683203488588
1689262754046070300,0,62754.046875,1.1550451517105103,1.1708884239196777,1.0897295475006104,0.0007561981328763068,-0.002650223672389984,0.0006023087771609426,-0.0007500908686779439,-0.018605662509799004,0.007224343717098236
1689262754076509500,0,62754.07421875,1.1550376415252686,1.1708394289016724,1.0897420644760132,-0.0010697207180783153,-0.0018929155776277184,0.001344837830401957,-0.02034151740372181,-0.05642525479197502,0.026514386758208275
1689262754109585100,0,62754.109375,1.155004858970642,1.1707584857940674,1.089749813079834,-0.0013011681148782372,-0.0031527208629995584,0.0018391177291050553,-0.018738258630037308,-0.03201491758227348,0.02474643848836422
1689262754141726400,0,62754.140625,1.1549220085144043,1.1706470251083374,1.0897358655929565,-0.0031497390009462833,-0.0028999140486121178,-0.00013271097850520164,-0.02619796432554722,-0.02573729306459427,-0.04290865734219551
1689262754170636300,0,62754.171875,1.154799222946167,1.1705430746078491,1.0896985530853271,-0.004749265965074301,-0.003912290092557669,-0.0009291715687140822,-0.010995836928486824,0.00915911328047514,-0.014666600152850151
1689262754201956600,0,62754.19921875,1.154747724533081,1.1704665422439575,1.0896790027618408,-0.0031856808345764875,-0.0030232893768697977,-0.0010850118706002831,-0.01794789731502533,-0.0021967964712530375,-0.0019773549865931273
1689262754232247500,0,62754.23046875,1.154736876487732,1.1703760623931885,1.0896786451339722,-0.002996149705722928,-0.0029497682116925716,-0.0011062594130635262,-0.01886814273893833,0.0007696414249949157,-0.020759135484695435
1689262754263685700,0,62754.26171875,1.1547151803970337,1.1703171730041504,1.0896759033203125,-0.0030293413437902927,-0.003113196464255452,-0.0010685570305213332,-0.010894760489463806,0.017226817086338997,-0.00587097741663456
1689262754294950300,0,62754.29296875,1.1546282768249512,1.17018461227417,1.0896904468536377,-0.004119451157748699,-0.00364838563837111,-0.0002756604226306081,-0.01842924766242504,0.02462291158735752,0.00740301888436079
1689262754326731700,0,62754.32421875,1.1545666456222534,1.1701164245605469,1.089682698249817,-0.003799359081313014,-0.0022620598319917917,-0.0005272221169434488,-0.017096973955631256,0.01065674889832735,0.0020318676251918077
1689262754358271700,0,62754.359375,1.15450918674469,1.1700812578201294,1.0896825790405273,-0.0030781030654907227,-0.002214758424088359,0.0002735181769821793,-0.004903199151158333,-0.003919288516044617,0.024150492623448372
1689262754388522500,0,62754.38671875,1.1545053720474243,1.1699848175048828,1.0896984338760376,-0.0016423724591732025,-0.0013005119981244206,0.0006882959278300405,0.004345832858234644,0.060488127171993256,-0.008702979423105717
1689262754422665000,0,62754.421875,1.154555320739746,1.1698837280273438,1.089706301689148,-0.0011443599360063672,-0.0025444109924137592,0.0006709089502692223,0.015500986948609352,0.00973275862634182,-0.01599736325442791
1689262754451064100,0,62754.44921875,1.1545404195785522,1.169817328453064,1.0896977186203003,-0.0015213226433843374,-0.0016410197131335735,-0.0006212986772879958,0.024616288021206856,0.01168177742511034,-0.013945215381681919
1689262754479710200,0,62754.48046875,1.1544036865234375,1.1698627471923828,1.08967924118042,-0.002789081074297428,0.0007879716577008367,-0.0007888296968303621,0.0028210971504449844,0.050294820219278336,0.004731233697384596
1689262754513858000,0,62754.51171875,1.1543347835540771,1.1699353456497192,1.0896925926208496,-0.001885899226181209,0.0012688430724665523,0.0009546635556034744,-0.015553361736238003,-0.037791814655065536,0.05118098482489586
1689262754544054200,0,62754.54296875,1.154280424118042,1.1699810028076172,1.0897209644317627,-0.003982385620474815,0.0006924727349542081,0.0008089939365163445,-0.010600777342915535,-0.031108392402529716,-0.033581335097551346
1689262754574959700,0,62754.57421875,1.1541827917099,1.1700363159179688,1.0897266864776611,-0.00573672354221344,0.0019595271442085505,0.00014101712440606207,-0.02100617252290249,0.0160586629062891,-0.036910779774188995
1689262754604983300,0,62754.60546875,1.1539726257324219,1.1701456308364868,1.0897258520126343,-0.00679851695895195,0.003094692714512348,0.00039650485268794,0.013273224234580994,-0.009450866840779781,0.008264590054750443
1689262754639499800,0,62754.640625,1.1537047624588013,1.1703057289123535,1.0897222757339478,-0.005941302981227636,0.002750370418652892,6.191660213517025e-05,-0.012267141602933407,-0.03382636979222298,-0.021024668589234352
1689262754668316000,0,62754.66796875,1.1535699367523193,1.1703869104385376,1.089711308479309,-0.005311951972544193,0.0028746649622917175,-5.637332651531324e-05,-0.00022980741050560027,-0.01648874022066593,-0.005566156469285488
1689262754698815000,0,62754.69921875,1.1534438133239746,1.1704397201538086,1.089713215827942,-0.005329703912138939,0.0015262913657352328,-8.311001874972135e-05,0.04072382301092148,-0.03915455564856529,0.0017740473849698901
1689262754729180800,0,62754.73046875,1.1533498764038086,1.1704726219177246,1.089717149734497,-0.003955547697842121,0.0009510638192296028,2.4258995836135e-05,0.008018283173441887,-0.040733594447374344,-0.017225610092282295
1689262754759960900,0,62754.7578125,1.1532838344573975,1.1704801321029663,1.0897163152694702,-0.0031511569395661354,0.0015399189433082938,-0.00012799174874089658,0.019697055220603943,-0.0012264588149264455,-0.015710633248090744
1689262754809371900,0,62754.80859375,1.1533453464508057,1.1705410480499268,1.0897332429885864,0.0013837184524163604,0.0024328206200152636,-0.00010038445179816335,0.056650057435035706,-0.0022256614174693823,-0.0013206659350544214
1689262754840448300,0,62754.83984375,1.1534919738769531,1.170655369758606,1.0897613763809204,0.0029084065463393927,0.0014662165194749832,0.0011340107303112745,0.0044500199146568775,0.02430066652595997,0.037253692746162415
1689262754871002800,0,62754.87109375,1.1535898447036743,1.17072331905365,1.0897841453552246,0.002368022920563817,0.001913776621222496,0.0008401186787523329,0.029023433104157448,0.015882089734077454,0.006903721019625664
