%time,field.mode,field.duration,field.motor1_move,field.motor2_move,field.motor1_torque,field.motor2_torque,field.PF_cmd,field.EV_cmd,field.theta_cmd,field.alpha_cmd,field.PF_curr,field.EV_curr,field.CPU0,field.CPU1,field.CPU2,field.CPU3,field.t,field.valid
1685054321739568500,0,0,8,-2,3000,3000,6.115465117914945e-16,0.0,0.0,0.0,0.0,0.0,25.0,71.4000015258789,12.5,0.0,54321.796875,1.0
1685054321739594000,0,0,8,-2,3000,3000,6.115465117914945e-16,0.0,0.0,0.0,0.0,0.0,25.0,71.4000015258789,12.5,0.0,54321.8046875,1.0
1685054321739646200,0,0,8,-2,3000,3000,6.115465117914945e-16,0.0,0.0,0.0,0.0,0.0,25.0,71.4000015258789,12.5,0.0,54321.81640625,1.0
1685054321739665000,0,0,8,-2,3000,3000,6.115465117914945e-16,0.0,0.0,0.0,0.0,0.0,25.0,71.4000015258789,12.5,0.0,54321.82421875,1.0
1685054321739707500,0,0,8,-2,3000,3000,6.115465117914945e-16,0.0,0.0,0.0,0.0,0.0,25.0,71.4000015258789,12.5,0.0,54321.8359375,1.0
1685054321788007000,0,0,8,-2,3000,3000,6.115465117914945e-16,0.0,0.0,0.0,0.0,0.0,25.0,71.4000015258789,12.5,0.0,54321.84375,1.0
1685054321788024400,0,0,8,-2,3000,3000,6.115465117914945e-16,0.0,0.0,0.0,0.0,0.0,25.0,71.4000015258789,12.5,0.0,54321.85546875,1.0
1685054321788035300,0,0,8,-2,3000,3000,6.115465117914945e-16,0.0,0.0,0.0,0.0,0.0,25.0,71.4000015258789,12.5,0.0,54321.8671875,1.0
1685054321788110800,0,0,8,-2,3000,3000,6.115465117914945e-16,0.0,0.0,0.0,0.0,0.0,25.0,71.4000015258789,12.5,0.0,54321.875,1.0
1685054321788116700,0,0,8,-2,3000,3000,6.115465117914945e-16,0.0,0.0,0.0,0.0,0.0,14.300000190734863,71.4000015258789,22.200000762939453,0.0,54321.88671875,1.0
1685054321836236000,0,0,8,-2,3000,3000,6.115465117914945e-16,0.0,0.0,0.0,0.0,0.0,14.300000190734863,71.4000015258789,22.200000762939453,0.0,54321.89453125,1.0
1685054321836251200,0,0,8,-2,3000,3000,6.115465117914945e-16,0.0,0.0,0.0,0.0,0.0,14.300000190734863,71.4000015258789,22.200000762939453,0.0,54321.90625,1.0
1685054321836261200,0,0,8,-2,3000,3000,6.115465117914945e-16,0.0,0.0,0.0,0.0,0.0,14.300000190734863,71.4000015258789,22.200000762939453,0.0,54321.9140625,1.0
1685054321836283700,0,0,8,-2,3000,3000,6.115465117914945e-16,0.0,0.0,0.0,0.0,0.0,14.300000190734863,71.4000015258789,22.200000762939453,0.0,54321.92578125,1.0
1685054321836331100,0,0,8,-2,3000,3000,6.115465117914945e-16,0.0,0.0,0.0,0.0,0.0,14.300000190734863,71.4000015258789,22.200000762939453,0.0,54321.93359375,1.0
1685054321885573300,0,0,8,-2,3000,3000,6.115465117914945e-16,0.0,0.0,0.0,0.0,0.0,14.300000190734863,71.4000015258789,22.200000762939453,0.0,54321.9453125,1.0
1685054321885597800,0,0,8,-2,3000,3000,6.115465117914945e-16,0.0,0.0,0.0,0.0,0.0,14.300000190734863,71.4000015258789,22.200000762939453,0.0,54321.95703125,1.0
1685054321885616200,0,0,8,-2,3000,3000,6.115465117914945e-16,0.0,0.0,0.0,0.0,0.0,14.300000190734863,71.4000015258789,22.200000762939453,0.0,54321.96484375,1.0
1685054321885701700,0,0,8,-2,3000,3000,6.115465117914945e-16,0.0,0.0,0.0,0.0,0.0,14.300000190734863,71.4000015258789,22.200000762939453,0.0,54321.9765625,1.0
1685054321885707700,0,0,8,-2,3000,3000,6.115465117914945e-16,0.0,0.0,0.0,0.0,0.0,12.5,71.4000015258789,0.0,9.100000381469727,54321.984375,1.0
1685054321965581500,0,0,8,-2,3000,3000,6.115465117914945e-16,0.0,0.0,0.0,0.0,0.0,12.5,71.4000015258789,0.0,9.100000381469727,54321.99609375,1.0
1685054321965591100,0,0,8,-2,3000,3000,6.115465117914945e-16,0.0,0.0,0.0,0.0,0.0,12.5,71.4000015258789,0.0,9.100000381469727,54322.00390625,1.0
1685054321965705000,0,0,8,-2,3000,3000,6.115465117914945e-16,0.0,0.0,0.0,0.0,0.0,12.5,71.4000015258789,0.0,9.100000381469727,54322.015625,1.0
1685054321965714600,0,0,8,-2,3000,3000,6.115465117914945e-16,0.0,0.0,0.0,0.0,0.0,12.5,71.4000015258789,0.0,9.100000381469727,54322.0234375,1.0
1685054321965804000,0,0,8,-2,3000,3000,6.115465117914945e-16,0.0,0.0,0.0,0.0,0.0,12.5,71.4000015258789,0.0,9.100000381469727,54322.03515625,1.0
1685054321965817200,0,0,8,-2,3000,3000,6.115465117914945e-16,0.0,0.0,0.0,0.0,0.0,12.5,71.4000015258789,0.0,9.100000381469727,54322.046875,1.0
1685054321965873100,0,0,8,-2,3000,3000,6.115465117914945e-16,0.0,0.0,0.0,0.0,0.0,12.5,71.4000015258789,0.0,9.100000381469727,54322.0546875,1.0
1685054321965880100,0,0,8,-2,3000,3000,6.115465117914945e-16,0.0,0.0,0.0,0.0,0.0,12.5,71.4000015258789,0.0,9.100000381469727,54322.06640625,1.0
1685054322011263600,0,0,8,-2,3000,3000,6.115465117914945e-16,0.0,0.0,0.0,0.0,0.0,12.5,71.4000015258789,0.0,9.100000381469727,54322.07421875,1.0
1685054322011282100,0,0,8,-2,3000,3000,6.115465117914945e-16,0.0,0.0,0.0,0.0,0.0,25.0,71.4000015258789,36.400001525878906,0.0,54322.0859375,1.0
1685054322011317200,0,0,8,-2,3000,3000,6.115465117914945e-16,0.0,0.0,0.0,0.0,0.0,25.0,71.4000015258789,36.400001525878906,0.0,54322.09375,1.0
1685054322011409200,0,0,8,-2,3000,3000,6.115465117914945e-16,0.0,0.0,0.0,0.0,0.0,25.0,71.4000015258789,36.400001525878906,0.0,54322.10546875,1.0
1685054322059725300,0,0,8,-2,3000,3000,6.115465117914945e-16,0.0,0.0,0.0,0.0,0.0,25.0,71.4000015258789,36.400001525878906,0.0,54322.1171875,1.0
1685054322059740400,0,0,8,-2,3000,3000,6.115465117914945e-16,0.0,0.0,0.0,0.0,0.0,25.0,71.4000015258789,36.400001525878906,0.0,54322.125,1.0
1685054322059816700,0,0,8,-2,3000,3000,6.115465117914945e-16,0.0,0.0,0.0,0.0,0.0,25.0,71.4000015258789,36.400001525878906,0.0,54322.13671875,1.0
1685054322059826900,0,0,8,-2,3000,3000,6.115465117914945e-16,0.0,0.0,0.0,0.0,0.0,25.0,71.4000015258789,36.400001525878906,0.0,54322.14453125,1.0
1685054322059889000,0,0,8,-2,3000,3000,6.115465117914945e-16,0.0,0.0,0.0,0.0,0.0,25.0,71.4000015258789,36.400001525878906,0.0,54322.15625,1.0
1685054322110050300,0,0,8,-2,3000,3000,6.115465117914945e-16,0.0,0.0,0.0,0.0,0.0,25.0,71.4000015258789,36.400001525878906,0.0,54322.1640625,1.0
1685054322110071500,0,0,8,-2,3000,3000,6.115465117914945e-16,0.0,0.0,0.0,0.0,0.0,25.0,71.4000015258789,36.400001525878906,0.0,54322.17578125,1.0
1685054322110124700,0,0,8,-2,3000,3000,6.115465117914945e-16,0.0,0.0,0.0,0.0,0.0,12.5,71.4000015258789,12.5,0.0,54322.18359375,1.0
1685054322110140000,0,0,8,-2,3000,3000,6.115465117914945e-16,0.0,0.0,0.0,0.0,0.0,12.5,71.4000015258789,12.5,0.0,54322.1953125,1.0
1685054322110225900,0,0,8,-2,3000,3000,6.115465117914945e-16,0.0,0.0,0.0,0.0,0.0,12.5,71.4000015258789,12.5,0.0,54322.20703125,1.0
1685054322159238500,0,0,8,-2,3000,3000,6.115465117914945e-16,0.0,0.0,0.0,0.0,0.0,12.5,71.4000015258789,12.5,0.0,54322.21484375,1.0
1685054322159304000,0,0,8,-2,3000,3000,6.115465117914945e-16,0.0,0.0,0.0,0.0,0.0,12.5,71.4000015258789,12.5,0.0,54322.2265625,1.0
1685054322159310400,0,0,8,-2,3000,3000,6.115465117914945e-16,0.0,0.0,0.0,0.0,0.0,12.5,71.4000015258789,12.5,0.0,54322.234375,1.0
1685054322159384800,0,0,8,-2,3000,3000,6.115465117914945e-16,0.0,0.0,0.0,0.0,0.0,12.5,71.4000015258789,12.5,0.0,54322.24609375,1.0
1685054322159398300,0,0,8,-2,3000,3000,6.115465117914945e-16,0.0,0.0,0.0,0.0,0.0,12.5,71.4000015258789,12.5,0.0,54322.25390625,1.0
1685054322209486000,0,0,8,-2,3000,3000,6.115465117914945e-16,0.0,0.0,0.0,0.0,0.0,12.5,71.4000015258789,12.5,0.0,54322.265625,1.0
1685054322209508000,0,0,8,-2,3000,3000,6.115465117914945e-16,0.0,0.0,0.0,0.0,0.0,12.5,71.4000015258789,12.5,0.0,54322.27734375,1.0
1685054322209518300,0,0,8,-2,3000,3000,6.115465117914945e-16,0.0,0.0,0.0,0.0,0.0,22.200000762939453,76.9000015258789,22.200000762939453,0.0,54322.28515625,1.0
1685054322209613200,0,0,8,-2,3000,3000,6.115465117914945e-16,0.0,0.0,0.0,0.0,0.0,22.200000762939453,76.9000015258789,22.200000762939453,0.0,54322.296875,1.0
1685054322209617500,0,0,8,-2,3000,3000,6.115465117914945e-16,0.0,0.0,0.0,0.0,0.0,22.200000762939453,76.9000015258789,22.200000762939453,0.0,54322.3046875,1.0
1685054322264335500,0,0,8,-2,3000,3000,6.115465117914945e-16,0.0,0.0,0.0,0.0,0.0,22.200000762939453,76.9000015258789,22.200000762939453,0.0,54322.31640625,1.0
1685054322264341500,0,0,8,-2,3000,3000,6.115465117914945e-16,0.0,0.0,0.0,0.0,0.0,22.200000762939453,76.9000015258789,22.200000762939453,0.0,54322.32421875,1.0
1685054322264402000,0,0,8,-2,3000,3000,6.115465117914945e-16,0.0,0.0,0.0,0.0,0.0,22.200000762939453,76.9000015258789,22.200000762939453,0.0,54322.3359375,1.0
1685054322264496900,0,0,8,-2,3000,3000,6.115465117914945e-16,0.0,0.0,0.0,0.0,0.0,22.200000762939453,76.9000015258789,22.200000762939453,0.0,54322.34375,1.0
1685054322264512200,0,0,8,-2,3000,3000,6.115465117914945e-16,0.0,0.0,0.0,0.0,0.0,22.200000762939453,76.9000015258789,22.200000762939453,0.0,54322.35546875,1.0
1685054322313301600,0,0,8,-2,3000,3000,6.115465117914945e-16,0.0,0.0,0.0,0.0,0.0,22.200000762939453,76.9000015258789,22.200000762939453,0.0,54322.3671875,1.0
1685054322313311500,0,0,8,-2,3000,3000,6.115465117914945e-16,0.0,0.0,0.0,0.0,0.0,22.200000762939453,76.9000015258789,22.200000762939453,0.0,54322.375,1.0
1685054322313385100,0,0,8,-2,3000,3000,6.115465117914945e-16,0.0,0.0,0.0,0.0,0.0,22.200000762939453,76.9000015258789,22.200000762939453,0.0,54322.38671875,1.0
1685054322313391200,0,0,8,-2,3000,3000,6.115465117914945e-16,0.0,0.0,0.0,0.0,0.0,25.0,71.4000015258789,33.29999923706055,0.0,54322.39453125,1.0
1685054322313467900,0,0,8,-2,3000,3000,6.115465117914945e-16,0.0,0.0,0.0,0.0,0.0,25.0,71.4000015258789,33.29999923706055,0.0,54322.40625,1.0
1685054322313482400,0,0,8,-2,3000,3000,6.115465117914945e-16,0.0,0.0,0.0,0.0,0.0,25.0,71.4000015258789,33.29999923706055,0.0,54322.4140625,1.0
1685054322361876800,0,0,8,-2,3000,3000,6.115465117914945e-16,0.0,0.0,0.0,0.0,0.0,25.0,71.4000015258789,33.29999923706055,0.0,54322.42578125,1.0
1685054322361943100,0,0,8,-2,3000,3000,6.115465117914945e-16,0.0,0.0,0.0,0.0,0.0,25.0,71.4000015258789,33.29999923706055,0.0,54322.43359375,1.0
1685054322362005400,0,0,8,-2,3000,3000,6.115465117914945e-16,0.0,0.0,0.0,0.0,0.0,25.0,71.4000015258789,33.29999923706055,0.0,54322.4453125,1.0
1685054322362017700,0,0,8,-2,3000,3000,6.115465117914945e-16,0.0,0.0,0.0,0.0,0.0,25.0,71.4000015258789,33.29999923706055,0.0,54322.45703125,1.0
1685054322414735300,0,0,8,-2,3000,3000,6.115465117914945e-16,0.0,0.0,0.0,0.0,0.0,25.0,71.4000015258789,33.29999923706055,0.0,54322.46484375,1.0
1685054322414755200,0,0,8,-2,3000,3000,6.115465117914945e-16,0.0,0.0,0.0,0.0,0.0,25.0,71.4000015258789,33.29999923706055,0.0,54322.4765625,1.0
1685054322414764200,0,0,8,-2,3000,3000,6.115465117914945e-16,0.0,0.0,0.0,0.0,0.0,25.0,71.4000015258789,33.29999923706055,0.0,54322.484375,1.0
1685054322414782200,0,0,8,-2,3000,3000,6.115465117914945e-16,0.0,0.0,0.0,0.0,0.0,22.200000762939453,71.4000015258789,20.0,0.0,54322.49609375,1.0
1685054322414813400,0,0,8,-2,3000,3000,6.115465117914945e-16,0.0,0.0,0.0,0.0,0.0,22.200000762939453,71.4000015258789,20.0,0.0,54322.50390625,1.0
1685054322414864100,0,0,8,-2,3000,3000,6.115465117914945e-16,0.0,0.0,0.0,0.0,0.0,22.200000762939453,71.4000015258789,20.0,0.0,54322.515625,1.0
1685054322466996000,0,0,8,-2,3000,3000,6.115465117914945e-16,0.0,0.0,0.0,0.0,0.0,22.200000762939453,71.4000015258789,20.0,0.0,54322.5234375,1.0
1685054322467024900,0,0,8,-2,3000,3000,6.115465117914945e-16,0.0,0.0,0.0,0.0,0.0,22.200000762939453,71.4000015258789,20.0,0.0,54322.53515625,1.0
1685054322467034900,0,0,8,-2,3000,3000,6.115465117914945e-16,0.0,0.0,0.0,0.0,0.0,22.200000762939453,71.4000015258789,20.0,0.0,54322.546875,1.0
1685054322467125200,0,0,8,-2,3000,3000,6.115465117914945e-16,0.0,0.0,0.0,0.0,0.0,22.200000762939453,71.4000015258789,20.0,0.0,54322.5546875,1.0
1685054322467131600,0,0,8,-2,3000,3000,6.115465117914945e-16,0.0,0.0,0.0,0.0,0.0,22.200000762939453,71.4000015258789,20.0,0.0,54322.56640625,1.0
1685054322518447800,0,0,8,-2,3000,3000,6.115465117914945e-16,0.0,0.0,0.0,0.0,0.0,22.200000762939453,71.4000015258789,20.0,0.0,54322.57421875,1.0
1685054322518463000,0,0,8,-2,3000,3000,6.115465117914945e-16,0.0,0.0,0.0,0.0,0.0,22.200000762939453,71.4000015258789,20.0,0.0,54322.5859375,1.0
1685054322518539600,0,0,8,-2,3000,3000,6.115465117914945e-16,0.0,0.0,0.0,0.0,0.0,25.0,71.4000015258789,22.200000762939453,9.100000381469727,54322.59375,1.0
1685054322518545200,0,0,8,-2,3000,3000,6.115465117914945e-16,0.0,0.0,0.0,0.0,0.0,25.0,71.4000015258789,22.200000762939453,9.100000381469727,54322.60546875,1.0
1685054322518615400,0,0,8,-2,3000,3000,6.115465117914945e-16,0.0,0.0,0.0,0.0,0.0,25.0,71.4000015258789,22.200000762939453,9.100000381469727,54322.6171875,1.0
1685054322566596600,0,0,8,-2,3000,3000,6.115465117914945e-16,0.0,0.0,0.0,0.0,0.0,25.0,71.4000015258789,22.200000762939453,9.100000381469727,54322.625,1.0
1685054322566603300,0,0,8,-2,3000,3000,6.115465117914945e-16,0.0,0.0,0.0,0.0,0.0,25.0,71.4000015258789,22.200000762939453,9.100000381469727,54322.63671875,1.0
1685054322566673800,0,0,8,-2,3000,3000,6.115465117914945e-16,0.0,0.0,0.0,0.0,0.0,25.0,71.4000015258789,22.200000762939453,9.100000381469727,54322.64453125,1.0
1685054322566772500,0,0,8,-2,3000,3000,6.115465117914945e-16,0.0,0.0,0.0,0.0,0.0,25.0,71.4000015258789,22.200000762939453,9.100000381469727,54322.65625,1.0
1685054322618665800,0,0,8,-2,3000,3000,6.115465117914945e-16,0.0,0.0,0.0,0.0,0.0,25.0,71.4000015258789,22.200000762939453,9.100000381469727,54322.67578125,1.0
1685054322618676100,0,0,8,-2,3000,3000,6.115465117914945e-16,0.0,0.0,0.0,0.0,0.0,25.0,71.4000015258789,22.200000762939453,9.100000381469727,54322.67578125,1.0
1685054322618755800,0,0,8,-2,3000,3000,6.115465117914945e-16,0.0,0.0,0.0,0.0,0.0,25.0,71.4000015258789,22.200000762939453,9.100000381469727,54322.6875,1.0
1685054322618792700,0,0,8,-2,3000,3000,6.115465117914945e-16,0.0,0.0,0.0,0.0,0.0,30.0,76.9000015258789,37.5,0.0,54322.6953125,1.0
1685054322618850900,0,0,8,-2,3000,3000,6.115465117914945e-16,0.0,0.0,0.0,0.0,0.0,30.0,76.9000015258789,37.5,0.0,54322.70703125,1.0
1685054322618915400,0,0,8,-2,3000,3000,6.115465117914945e-16,0.0,0.0,0.0,0.0,0.0,30.0,76.9000015258789,37.5,0.0,54322.71484375,1.0
1685054322669711200,0,0,8,-2,3000,3000,6.115465117914945e-16,0.0,0.0,0.0,0.0,0.0,30.0,76.9000015258789,37.5,0.0,54322.7265625,1.0
1685054322669728200,0,0,8,-2,3000,3000,6.115465117914945e-16,0.0,0.0,0.0,0.0,0.0,30.0,76.9000015258789,37.5,0.0,54322.734375,1.0
1685054322669734800,0,0,8,-2,3000,3000,6.115465117914945e-16,0.0,0.0,0.0,0.0,0.0,30.0,76.9000015258789,37.5,0.0,54322.74609375,1.0
1685054322669822000,0,0,8,-2,3000,3000,6.115465117914945e-16,0.0,0.0,0.0,0.0,0.0,30.0,76.9000015258789,37.5,0.0,54322.7578125,1.0
1685054322669833200,0,0,8,-2,3000,3000,6.115465117914945e-16,0.0,0.0,0.0,0.0,0.0,30.0,76.9000015258789,37.5,0.0,54322.765625,1.0
1685054322724706600,0,0,8,-2,3000,3000,6.115465117914945e-16,0.0,0.0,0.0,0.0,0.0,30.0,76.9000015258789,37.5,0.0,54322.7734375,1.0
1685054322724717100,0,0,8,-2,3000,3000,6.115465117914945e-16,0.0,0.0,0.0,0.0,0.0,30.0,76.9000015258789,37.5,0.0,54322.78515625,1.0
1685054322724775200,0,0,8,-2,3000,3000,6.115465117914945e-16,0.0,0.0,0.0,0.0,0.0,14.300000190734863,76.9000015258789,33.29999923706055,0.0,54322.796875,1.0
1685054322724781400,0,0,8,-2,3000,3000,6.115465117914945e-16,0.0,0.0,0.0,0.0,0.0,14.300000190734863,76.9000015258789,33.29999923706055,0.0,54322.8046875,1.0
1685054322724790100,0,0,8,-2,3000,3000,6.115465117914945e-16,0.0,0.0,0.0,0.0,0.0,14.300000190734863,76.9000015258789,33.29999923706055,0.0,54322.81640625,1.0
1685054322773501900,0,0,8,-2,3000,3000,6.115465117914945e-16,0.0,0.0,0.0,0.0,0.0,14.300000190734863,76.9000015258789,33.29999923706055,0.0,54322.82421875,1.0
1685054322773511900,0,0,8,-2,3000,3000,6.115465117914945e-16,0.0,0.0,0.0,0.0,0.0,14.300000190734863,76.9000015258789,33.29999923706055,0.0,54322.8359375,1.0
1685054322773517200,0,0,8,-2,3000,3000,6.115465117914945e-16,0.0,0.0,0.0,0.0,0.0,14.300000190734863,76.9000015258789,33.29999923706055,0.0,54322.84375,1.0
1685054322773552600,0,0,8,-2,3000,3000,6.115465117914945e-16,0.0,0.0,0.0,0.0,0.0,14.300000190734863,76.9000015258789,33.29999923706055,0.0,54322.85546875,1.0
1685054322773620300,0,0,8,-2,3000,3000,6.115465117914945e-16,0.0,0.0,0.0,0.0,0.0,14.300000190734863,76.9000015258789,33.29999923706055,0.0,54322.8671875,1.0
1685054322822944700,0,0,8,-2,3000,3000,6.115465117914945e-16,0.0,0.0,0.0,0.0,0.0,14.300000190734863,76.9000015258789,33.29999923706055,0.0,54322.875,1.0
1685054322823025300,0,0,8,-2,3000,3000,6.115465117914945e-16,0.0,0.0,0.0,0.0,0.0,14.300000190734863,76.9000015258789,33.29999923706055,0.0,54322.88671875,1.0
1685054322823039000,0,0,8,-2,3000,3000,6.115465117914945e-16,0.0,0.0,0.0,0.0,0.0,0.0,71.4000015258789,0.0,0.0,54322.8984375,1.0
1685054322823110900,0,0,8,-2,3000,3000,6.115465117914945e-16,0.0,0.0,0.0,0.0,0.0,0.0,71.4000015258789,0.0,0.0,54322.90625,1.0
1685054322823122600,0,0,8,-2,3000,3000,6.115465117914945e-16,0.0,0.0,0.0,0.0,0.0,0.0,71.4000015258789,0.0,0.0,54322.9140625,1.0
1685054322881728500,0,0,8,-2,3000,3000,6.115465117914945e-16,0.0,0.0,0.0,0.0,0.0,0.0,71.4000015258789,0.0,0.0,54322.92578125,1.0
1685054322881740500,0,0,8,-2,3000,3000,6.115465117914945e-16,0.0,0.0,0.0,0.0,0.0,0.0,71.4000015258789,0.0,0.0,54322.93359375,1.0
1685054322881749500,0,0,8,-2,3000,3000,6.115465117914945e-16,0.0,0.0,0.0,0.0,0.0,0.0,71.4000015258789,0.0,0.0,54322.9453125,1.0
1685054322881759500,0,0,8,-2,3000,3000,6.115465117914945e-16,0.0,0.0,0.0,0.0,0.0,0.0,71.4000015258789,0.0,0.0,54322.95703125,1.0
1685054322881761600,0,0,8,-2,3000,3000,6.115465117914945e-16,0.0,0.0,0.0,0.0,0.0,0.0,71.4000015258789,0.0,0.0,54322.96484375,1.0
1685054322881898400,0,0,8,-2,3000,3000,6.115465117914945e-16,0.0,0.0,0.0,0.0,0.0,0.0,71.4000015258789,0.0,0.0,54322.9765625,1.0
1685054322935290800,0,0,8,-2,3000,3000,6.115465117914945e-16,0.0,0.0,0.0,0.0,0.0,0.0,71.4000015258789,0.0,0.0,54322.984375,1.0
1685054322935304200,0,0,8,-2,3000,3000,6.115465117914945e-16,0.0,0.0,0.0,0.0,0.0,0.0,71.4000015258789,0.0,0.0,54322.99609375,1.0
1685054322935322600,0,0,8,-2,3000,3000,6.115465117914945e-16,0.0,0.0,0.0,0.0,0.0,25.0,73.30000305175781,30.0,0.0,54323.0078125,1.0
1685054322935332300,0,0,8,-2,3000,3000,6.115465117914945e-16,0.0,0.0,0.0,0.0,0.0,25.0,73.30000305175781,30.0,0.0,54323.015625,1.0
1685054322935384800,0,0,8,-2,3000,3000,6.115465117914945e-16,0.0,0.0,0.0,0.0,0.0,25.0,73.30000305175781,30.0,0.0,54323.0234375,1.0
1685054322999732800,0,0,8,-2,3000,3000,6.115465117914945e-16,0.0,0.0,0.0,0.0,0.0,25.0,73.30000305175781,30.0,0.0,54323.03515625,1.0
1685054322999739300,0,0,8,-2,3000,3000,6.115465117914945e-16,0.0,0.0,0.0,0.0,0.0,25.0,73.30000305175781,30.0,0.0,54323.046875,1.0
1685054322999834400,0,0,8,-2,3000,3000,6.115465117914945e-16,0.0,0.0,0.0,0.0,0.0,25.0,73.30000305175781,30.0,0.0,54323.0546875,1.0
1685054322999848500,0,0,8,-2,3000,3000,6.115465117914945e-16,0.0,0.0,0.0,0.0,0.0,25.0,73.30000305175781,30.0,0.0,54323.06640625,1.0
1685054322999894900,0,0,8,-2,3000,3000,6.115465117914945e-16,0.0,0.0,0.0,0.0,0.0,25.0,73.30000305175781,30.0,0.0,54323.07421875,1.0
1685054322999904000,0,0,8,-2,3000,3000,6.115465117914945e-16,0.0,0.0,0.0,0.0,0.0,25.0,73.30000305175781,30.0,0.0,54323.0859375,1.0
1685054323094282000,0,0,8,-2,3000,3000,6.115465117914945e-16,0.0,0.0,0.0,0.0,0.0,25.0,73.30000305175781,30.0,0.0,54323.09375,1.0
1685054323094289700,0,0,8,-2,3000,3000,6.115465117914945e-16,0.0,0.0,0.0,0.0,0.0,22.200000762939453,71.4000015258789,22.200000762939453,0.0,54323.10546875,1.0
1685054323094339000,0,0,8,-2,3000,3000,6.115465117914945e-16,0.0,0.0,0.0,0.0,0.0,22.200000762939453,71.4000015258789,22.200000762939453,0.0,54323.1171875,1.0
1685054323094396300,0,0,8,-2,3000,3000,6.115465117914945e-16,0.0,0.0,0.0,0.0,0.0,22.200000762939453,71.4000015258789,22.200000762939453,0.0,54323.125,1.0
1685054323094426100,0,0,8,-2,3000,3000,6.115465117914945e-16,0.0,0.0,0.0,0.0,0.0,22.200000762939453,71.4000015258789,22.200000762939453,0.0,54323.13671875,1.0
1685054323094432900,0,0,8,-2,3000,3000,6.115465117914945e-16,0.0,0.0,0.0,0.0,0.0,22.200000762939453,71.4000015258789,22.200000762939453,0.0,54323.14453125,1.0
1685054323094604700,0,0,8,-2,3000,3000,6.115465117914945e-16,0.0,0.0,0.0,0.0,0.0,22.200000762939453,71.4000015258789,22.200000762939453,0.0,54323.15625,1.0
1685054323094630300,0,0,8,-2,3000,3000,6.115465117914945e-16,0.0,0.0,0.0,0.0,0.0,22.200000762939453,71.4000015258789,22.200000762939453,0.0,54323.1640625,1.0
1685054323094667600,0,0,8,-2,3000,3000,6.115465117914945e-16,0.0,0.0,0.0,0.0,0.0,22.200000762939453,71.4000015258789,22.200000762939453,0.0,54323.17578125,1.0
1685054323094746900,0,0,8,-2,3000,3000,6.115465117914945e-16,0.0,0.0,0.0,0.0,0.0,22.200000762939453,71.4000015258789,22.200000762939453,0.0,54323.18359375,1.0
1685054323146876500,0,0,8,-2,3000,3000,6.115465117914945e-16,0.0,0.0,0.0,0.0,0.0,22.200000762939453,71.4000015258789,22.200000762939453,0.0,54323.1953125,1.0
1685054323146889200,0,0,8,-2,3000,3000,6.115465117914945e-16,0.0,0.0,0.0,0.0,0.0,33.29999923706055,71.4000015258789,12.5,0.0,54323.20703125,1.0
1685054323146900900,0,0,8,-2,3000,3000,6.115465117914945e-16,0.0,0.0,0.0,0.0,0.0,33.29999923706055,71.4000015258789,12.5,0.0,54323.21484375,1.0
1685054323146968400,0,0,8,-2,3000,3000,6.115465117914945e-16,0.0,0.0,0.0,0.0,0.0,33.29999923706055,71.4000015258789,12.5,0.0,54323.2265625,1.0
1685054323146981400,0,0,8,-2,3000,3000,6.115465117914945e-16,0.0,0.0,0.0,0.0,0.0,33.29999923706055,71.4000015258789,12.5,0.0,54323.234375,1.0
1685054323198186200,0,0,8,-2,3000,3000,6.115465117914945e-16,0.0,0.0,0.0,0.0,0.0,33.29999923706055,71.4000015258789,12.5,0.0,54323.24609375,1.0
1685054323198198100,0,0,8,-2,3000,3000,6.115465117914945e-16,0.0,0.0,0.0,0.0,0.0,33.29999923706055,71.4000015258789,12.5,0.0,54323.25390625,1.0
1685054323198246300,0,0,8,-2,3000,3000,6.115465117914945e-16,0.0,0.0,0.0,0.0,0.0,33.29999923706055,71.4000015258789,12.5,0.0,54323.265625,1.0
1685054323198366600,0,0,8,-2,3000,3000,6.115465117914945e-16,0.0,0.0,0.0,0.0,0.0,33.29999923706055,71.4000015258789,12.5,0.0,54323.2734375,1.0
1685054323198378900,0,0,8,-2,3000,3000,6.115465117914945e-16,0.0,0.0,0.0,0.0,0.0,33.29999923706055,71.4000015258789,12.5,0.0,54323.28515625,1.0
1685054323249665700,0,0,8,-2,3000,3000,6.115465117914945e-16,0.0,0.0,0.0,0.0,0.0,33.29999923706055,71.4000015258789,12.5,0.0,54323.296875,1.0
1685054323249677500,0,0,8,-2,3000,3000,6.115465117914945e-16,0.0,0.0,0.0,0.0,0.0,25.0,76.9000015258789,30.0,0.0,54323.3046875,1.0
1685054323249766300,0,0,8,-2,3000,3000,6.115465117914945e-16,0.0,0.0,0.0,0.0,0.0,25.0,76.9000015258789,30.0,0.0,54323.31640625,1.0
1685054323249773000,0,0,8,-2,3000,3000,6.115465117914945e-16,0.0,0.0,0.0,0.0,0.0,25.0,76.9000015258789,30.0,0.0,54323.32421875,1.0
1685054323249841800,0,0,8,-2,3000,3000,6.115465117914945e-16,0.0,0.0,0.0,0.0,0.0,25.0,76.9000015258789,30.0,0.0,54323.3359375,1.0
1685054323249854900,0,0,8,-2,3000,3000,6.115465117914945e-16,0.0,0.0,0.0,0.0,0.0,25.0,76.9000015258789,30.0,0.0,54323.34375,1.0
1685054323368425900,0,0,8,-2,3000,3000,6.115465117914945e-16,0.0,0.0,0.0,0.0,0.0,25.0,76.9000015258789,30.0,0.0,54323.35546875,1.0
1685054323368438900,0,0,8,-2,3000,3000,6.115465117914945e-16,0.0,0.0,0.0,0.0,0.0,25.0,76.9000015258789,30.0,0.0,54323.3671875,1.0
1685054323368493300,0,0,8,-2,3000,3000,6.115465117914945e-16,0.0,0.0,0.0,0.0,0.0,25.0,76.9000015258789,30.0,0.0,54323.375,1.0
1685054323368505800,0,0,8,-2,3000,3000,6.115465117914945e-16,0.0,0.0,0.0,0.0,0.0,25.0,76.9000015258789,30.0,0.0,54323.38671875,1.0
1685054323368554600,0,0,8,-2,3000,3000,6.115465117914945e-16,0.0,0.0,0.0,0.0,0.0,25.0,76.9000015258789,30.0,0.0,54323.39453125,1.0
1685054323368582200,0,0,8,-2,3000,3000,6.115465117914945e-16,0.0,0.0,0.0,0.0,0.0,0.0,71.4000015258789,22.200000762939453,0.0,54323.40625,1.0
1685054323368659200,0,0,8,-2,3000,3000,6.115465117914945e-16,0.0,0.0,0.0,0.0,0.0,0.0,71.4000015258789,22.200000762939453,0.0,54323.4140625,1.0
1685054323368664900,0,0,8,-2,3000,3000,6.115465117914945e-16,0.0,0.0,0.0,0.0,0.0,0.0,71.4000015258789,22.200000762939453,0.0,54323.42578125,1.0
1685054323368763500,0,0,8,-2,3000,3000,6.115465117914945e-16,0.0,0.0,0.0,0.0,0.0,0.0,71.4000015258789,22.200000762939453,0.0,54323.43359375,1.0
1685054323368796500,0,0,8,-2,3000,3000,6.115465117914945e-16,0.0,0.0,0.0,0.0,0.0,0.0,71.4000015258789,22.200000762939453,0.0,54323.4453125,1.0
1685054323368842300,0,0,8,-2,3000,3000,6.115465117914945e-16,0.0,0.0,0.0,0.0,0.0,0.0,71.4000015258789,22.200000762939453,0.0,54323.45703125,1.0
1685054323569713200,0,0,8,-2,3000,3000,6.115465117914945e-16,0.0,0.0,0.0,0.0,0.0,0.0,71.4000015258789,22.200000762939453,0.0,54323.46484375,1.0
1685054323569718100,0,0,8,-2,3000,3000,6.115465117914945e-16,0.0,0.0,0.0,0.0,0.0,0.0,71.4000015258789,22.200000762939453,0.0,54323.4765625,1.0
1685054323569720400,0,0,8,-2,3000,3000,6.115465117914945e-16,0.0,0.0,0.0,0.0,0.0,0.0,71.4000015258789,22.200000762939453,0.0,54323.484375,1.0
1685054323569725400,0,0,8,-2,3000,3000,6.115465117914945e-16,0.0,0.0,0.0,0.0,0.0,0.0,71.4000015258789,22.200000762939453,0.0,54323.49609375,1.0
1685054323569727400,0,0,8,-2,3000,3000,6.115465117914945e-16,0.0,0.0,0.0,0.0,0.0,25.0,71.4000015258789,33.29999923706055,0.0,54323.50390625,1.0
1685054323569729300,0,0,8,-2,3000,3000,6.115465117914945e-16,0.0,0.0,0.0,0.0,0.0,25.0,71.4000015258789,33.29999923706055,0.0,54323.515625,1.0
1685054323569750100,0,0,8,-2,3000,3000,6.115465117914945e-16,0.0,0.0,0.0,0.0,0.0,25.0,71.4000015258789,33.29999923706055,0.0,54323.5234375,1.0
1685054323569771800,0,0,8,-2,3000,3000,6.115465117914945e-16,0.0,0.0,0.0,0.0,0.0,25.0,71.4000015258789,33.29999923706055,0.0,54323.53515625,1.0
1685054323569864100,0,0,8,-2,3000,3000,6.115465117914945e-16,0.0,0.0,0.0,0.0,0.0,25.0,71.4000015258789,33.29999923706055,0.0,54323.546875,1.0
1685054323569895400,0,0,8,-2,3000,3000,6.115465117914945e-16,0.0,0.0,0.0,0.0,0.0,25.0,71.4000015258789,33.29999923706055,0.0,54323.5546875,1.0
1685054323569964600,0,0,8,-2,3000,3000,6.115465117914945e-16,0.0,0.0,0.0,0.0,0.0,25.0,71.4000015258789,33.29999923706055,0.0,54323.56640625,1.0
1685054323569968300,0,0,8,-2,3000,3000,6.115465117914945e-16,0.0,0.0,0.0,0.0,0.0,25.0,71.4000015258789,33.29999923706055,0.0,54323.57421875,1.0
1685054323570034400,0,0,8,-2,3000,3000,6.115465117914945e-16,0.0,0.0,0.0,0.0,0.0,25.0,71.4000015258789,33.29999923706055,0.0,54323.5859375,1.0
1685054323570066500,0,0,8,-2,3000,3000,6.115465117914945e-16,0.0,0.0,0.0,0.0,0.0,25.0,71.4000015258789,33.29999923706055,0.0,54323.59375,1.0
1685054323626969300,0,0,8,-2,3000,3000,6.115465117914945e-16,0.0,0.0,0.0,0.0,0.0,22.200000762939453,71.4000015258789,12.5,0.0,54323.60546875,1.0
1685054323626979200,0,0,8,-2,3000,3000,6.115465117914945e-16,0.0,0.0,0.0,0.0,0.0,22.200000762939453,71.4000015258789,12.5,0.0,54323.61328125,1.0
1685054323627014300,0,0,8,-2,3000,3000,6.115465117914945e-16,0.0,0.0,0.0,0.0,0.0,22.200000762939453,71.4000015258789,12.5,0.0,54323.625,1.0
1685054323627037400,0,0,8,-2,3000,3000,6.115465117914945e-16,0.0,0.0,0.0,0.0,0.0,22.200000762939453,71.4000015258789,12.5,0.0,54323.63671875,1.0
1685054323627117300,0,0,8,-2,3000,3000,6.115465117914945e-16,0.0,0.0,0.0,0.0,0.0,22.200000762939453,71.4000015258789,12.5,0.0,54323.64453125,1.0
1685054323627131700,0,0,8,-2,3000,3000,6.115465117914945e-16,0.0,0.0,0.0,0.0,0.0,22.200000762939453,71.4000015258789,12.5,0.0,54323.65625,1.0
1685054323627189300,0,0,8,-2,3000,3000,6.115465117914945e-16,0.0,0.0,0.0,0.0,0.0,22.200000762939453,71.4000015258789,12.5,0.0,54323.6640625,1.0
1685054323627195400,0,0,8,-2,3000,3000,6.115465117914945e-16,0.0,0.0,0.0,0.0,0.0,22.200000762939453,71.4000015258789,12.5,0.0,54323.67578125,1.0
1685054323627284700,0,0,8,-2,3000,3000,6.115465117914945e-16,0.0,0.0,0.0,0.0,0.0,22.200000762939453,71.4000015258789,12.5,0.0,54323.68359375,1.0
1685054323627310300,0,0,8,-2,3000,3000,6.115465117914945e-16,0.0,0.0,0.0,0.0,0.0,22.200000762939453,71.4000015258789,12.5,0.0,54323.6953125,1.0
1685054323627321600,0,0,8,-2,3000,3000,6.115465117914945e-16,0.0,0.0,0.0,0.0,0.0,14.300000190734863,71.4000015258789,36.400001525878906,9.100000381469727,54323.70703125,1.0
1685054323627334800,0,0,8,-2,3000,3000,6.115465117914945e-16,0.0,0.0,0.0,0.0,0.0,14.300000190734863,71.4000015258789,36.400001525878906,9.100000381469727,54323.71484375,1.0
1685054323766408700,0,0,8,-2,3000,3000,6.115465117914945e-16,0.0,0.0,0.0,0.0,0.0,14.300000190734863,71.4000015258789,36.400001525878906,9.100000381469727,54323.7265625,1.0
1685054323766420400,0,0,8,-2,3000,3000,6.115465117914945e-16,0.0,0.0,0.0,0.0,0.0,14.300000190734863,71.4000015258789,36.400001525878906,9.100000381469727,54323.734375,1.0
1685054323766477700,0,0,8,-2,3000,3000,6.115465117914945e-16,0.0,0.0,0.0,0.0,0.0,14.300000190734863,71.4000015258789,36.400001525878906,9.100000381469727,54323.74609375,1.0
1685054323766580800,0,0,8,-2,3000,3000,6.115465117914945e-16,0.0,0.0,0.0,0.0,0.0,14.300000190734863,71.4000015258789,36.400001525878906,9.100000381469727,54323.75390625,1.0
1685054323766591200,0,0,8,-2,3000,3000,6.115465117914945e-16,0.0,0.0,0.0,0.0,0.0,14.300000190734863,71.4000015258789,36.400001525878906,9.100000381469727,54323.765625,1.0
1685054323766596000,0,0,8,-2,3000,3000,6.115465117914945e-16,0.0,0.0,0.0,0.0,0.0,14.300000190734863,71.4000015258789,36.400001525878906,9.100000381469727,54323.7734375,1.0
1685054323766631600,0,0,8,-2,3000,3000,6.115465117914945e-16,0.0,0.0,0.0,0.0,0.0,14.300000190734863,71.4000015258789,36.400001525878906,9.100000381469727,54323.78515625,1.0
1685054323766738400,0,0,8,-2,3000,3000,6.115465117914945e-16,0.0,0.0,0.0,0.0,0.0,14.300000190734863,71.4000015258789,36.400001525878906,9.100000381469727,54323.796875,1.0
1685054323766750800,0,0,8,-2,3000,3000,6.115465117914945e-16,0.0,0.0,0.0,0.0,0.0,0.0,71.4000015258789,0.0,0.0,54323.8046875,1.0
1685054323766765500,0,0,8,-2,3000,3000,6.115465117914945e-16,0.0,0.0,0.0,0.0,0.0,0.0,71.4000015258789,0.0,0.0,54323.81640625,1.0
1685054323766802800,0,0,8,-2,3000,3000,6.115465117914945e-16,0.0,0.0,0.0,0.0,0.0,0.0,71.4000015258789,0.0,0.0,54323.82421875,1.0
1685054323766813300,0,0,8,-2,3000,3000,6.115465117914945e-16,0.0,0.0,0.0,0.0,0.0,0.0,71.4000015258789,0.0,0.0,54323.8359375,1.0
1685054323766843700,0,0,8,-2,3000,3000,6.115465117914945e-16,0.0,0.0,0.0,0.0,0.0,0.0,71.4000015258789,0.0,0.0,54323.84375,1.0
1685054323888805100,0,0,8,-2,3000,3000,6.115465117914945e-16,0.0,0.0,0.0,0.0,0.0,0.0,71.4000015258789,0.0,0.0,54323.85546875,1.0
1685054323888812100,0,0,8,-2,3000,3000,6.115465117914945e-16,0.0,0.0,0.0,0.0,0.0,0.0,71.4000015258789,0.0,0.0,54323.8671875,1.0
1685054323888879000,0,0,8,-2,3000,3000,6.115465117914945e-16,0.0,0.0,0.0,0.0,0.0,0.0,71.4000015258789,0.0,0.0,54323.875,1.0
1685054323888904100,0,0,8,-2,3000,3000,6.115465117914945e-16,0.0,0.0,0.0,0.0,0.0,0.0,71.4000015258789,0.0,0.0,54323.88671875,1.0
1685054323888957500,0,0,8,-2,3000,3000,6.115465117914945e-16,0.0,0.0,0.0,0.0,0.0,0.0,71.4000015258789,0.0,0.0,54323.89453125,1.0
1685054323888963200,0,0,8,-2,3000,3000,6.115465117914945e-16,0.0,0.0,0.0,0.0,0.0,0.0,71.4000015258789,0.0,0.0,54323.90625,1.0
1685054323889036700,0,0,8,-2,3000,3000,6.115465117914945e-16,0.0,0.0,0.0,0.0,0.0,33.29999923706055,71.4000015258789,22.200000762939453,9.100000381469727,54323.9140625,1.0
1685054323889042700,0,0,8,-2,3000,3000,6.115465117914945e-16,0.0,0.0,0.0,0.0,0.0,33.29999923706055,71.4000015258789,22.200000762939453,9.100000381469727,54323.92578125,1.0
1685054323889118700,0,0,8,-2,3000,3000,6.115465117914945e-16,0.0,0.0,0.0,0.0,0.0,33.29999923706055,71.4000015258789,22.200000762939453,9.100000381469727,54323.93359375,1.0
1685054323889128000,0,0,8,-2,3000,3000,6.115465117914945e-16,0.0,0.0,0.0,0.0,0.0,33.29999923706055,71.4000015258789,22.200000762939453,9.100000381469727,54323.9453125,1.0
1685054323889200600,0,0,8,-2,3000,3000,6.115465117914945e-16,0.0,0.0,0.0,0.0,0.0,33.29999923706055,71.4000015258789,22.200000762939453,9.100000381469727,54323.95703125,1.0
1685054323889211000,0,0,8,-2,3000,3000,6.115465117914945e-16,0.0,0.0,0.0,0.0,0.0,33.29999923706055,71.4000015258789,22.200000762939453,9.100000381469727,54323.96484375,1.0
1685054323889274800,0,0,8,-2,3000,3000,6.115465117914945e-16,0.0,0.0,0.0,0.0,0.0,33.29999923706055,71.4000015258789,22.200000762939453,9.100000381469727,54323.9765625,1.0
1685054323889361000,0,0,8,-2,3000,3000,6.115465117914945e-16,0.0,0.0,0.0,0.0,0.0,33.29999923706055,71.4000015258789,22.200000762939453,9.100000381469727,54323.984375,1.0
1685054324023184200,0,0,8,-2,3000,3000,6.115465117914945e-16,0.0,0.0,0.0,0.0,0.0,33.29999923706055,71.4000015258789,22.200000762939453,9.100000381469727,54323.99609375,1.0
1685054324023197900,0,0,8,-2,3000,3000,6.115465117914945e-16,0.0,0.0,0.0,0.0,0.0,33.29999923706055,71.4000015258789,22.200000762939453,9.100000381469727,54324.00390625,1.0
1685054324023235800,0,0,8,-2,3000,3000,6.115465117914945e-16,0.0,0.0,0.0,0.0,0.0,22.200000762939453,71.4000015258789,30.0,0.0,54324.015625,1.0
1685054324023276900,0,0,8,-2,3000,3000,6.115465117914945e-16,0.0,0.0,0.0,0.0,0.0,22.200000762939453,71.4000015258789,30.0,0.0,54324.0234375,1.0
1685054324023349700,0,0,8,-2,3000,3000,6.115465117914945e-16,0.0,0.0,0.0,0.0,0.0,22.200000762939453,71.4000015258789,30.0,0.0,54324.03515625,1.0
1685054324023383300,0,0,8,-2,3000,3000,6.115465117914945e-16,0.0,0.0,0.0,0.0,0.0,22.200000762939453,71.4000015258789,30.0,0.0,54324.046875,1.0
1685054324023402400,0,0,8,-2,3000,3000,6.115465117914945e-16,0.0,0.0,0.0,0.0,0.0,22.200000762939453,71.4000015258789,30.0,0.0,54324.0546875,1.0
1685054324023530900,0,0,8,-2,3000,3000,6.115465117914945e-16,0.0,0.0,0.0,0.0,0.0,22.200000762939453,71.4000015258789,30.0,0.0,54324.06640625,1.0
1685054324023547600,0,0,8,-2,3000,3000,6.115465117914945e-16,0.0,0.0,0.0,0.0,0.0,22.200000762939453,71.4000015258789,30.0,0.0,54324.07421875,1.0
1685054324023558300,0,0,8,-2,3000,3000,6.115465117914945e-16,0.0,0.0,0.0,0.0,0.0,22.200000762939453,71.4000015258789,30.0,0.0,54324.0859375,1.0
1685054324023568000,0,0,8,-2,3000,3000,6.115465117914945e-16,0.0,0.0,0.0,0.0,0.0,22.200000762939453,71.4000015258789,30.0,0.0,54324.09375,1.0
1685054324023572200,0,0,8,-2,3000,3000,6.115465117914945e-16,0.0,0.0,0.0,0.0,0.0,22.200000762939453,71.4000015258789,30.0,0.0,54324.10546875,1.0
1685054324023582000,0,0,8,-2,3000,3000,6.115465117914945e-16,0.0,0.0,0.0,0.0,0.0,0.0,71.4000015258789,0.0,0.0,54324.1171875,1.0
1685054324161810900,0,0,8,-2,3000,3000,6.115465117914945e-16,0.0,0.0,0.0,0.0,0.0,0.0,71.4000015258789,0.0,0.0,54324.125,1.0
1685054324161820700,0,0,8,-2,3000,3000,6.115465117914945e-16,0.0,0.0,0.0,0.0,0.0,0.0,71.4000015258789,0.0,0.0,54324.13671875,1.0
1685054324161823500,0,0,8,-2,3000,3000,6.115465117914945e-16,0.0,0.0,0.0,0.0,0.0,0.0,71.4000015258789,0.0,0.0,54324.14453125,1.0
1685054324161835600,0,0,8,-2,3000,3000,6.115465117914945e-16,0.0,0.0,0.0,0.0,0.0,0.0,71.4000015258789,0.0,0.0,54324.15625,1.0
1685054324161839700,0,0,8,-2,3000,3000,6.115465117914945e-16,0.0,0.0,0.0,0.0,0.0,0.0,71.4000015258789,0.0,0.0,54324.171875,1.0
1685054324161848900,0,0,8,-2,3000,3000,6.115465117914945e-16,0.0,0.0,0.0,0.0,0.0,0.0,71.4000015258789,0.0,0.0,54324.17578125,1.0
1685054324161864700,0,0,8,-2,3000,3000,6.115465117914945e-16,0.0,0.0,0.0,0.0,0.0,0.0,71.4000015258789,0.0,0.0,54324.1875,1.0
1685054324161873200,0,0,8,-2,3000,3000,6.115465117914945e-16,0.0,0.0,0.0,0.0,0.0,0.0,71.4000015258789,0.0,0.0,54324.1953125,1.0
1685054324161969600,0,0,8,-2,3000,3000,6.115465117914945e-16,0.0,0.0,0.0,0.0,0.0,0.0,71.4000015258789,0.0,0.0,54324.20703125,1.0
1685054324162097300,0,0,8,-2,3000,3000,6.115465117914945e-16,0.0,0.0,0.0,0.0,0.0,25.0,76.9000015258789,58.29999923706055,0.0,54324.21484375,1.0
1685054324162108600,0,0,8,-2,3000,3000,6.115465117914945e-16,0.0,0.0,0.0,0.0,0.0,25.0,76.9000015258789,58.29999923706055,0.0,54324.2265625,1.0
1685054324162118600,0,0,8,-2,3000,3000,6.115465117914945e-16,0.0,0.0,0.0,0.0,0.0,25.0,76.9000015258789,58.29999923706055,0.0,54324.234375,1.0
1685054324162128900,0,0,8,-2,3000,3000,6.115465117914945e-16,0.0,0.0,0.0,0.0,0.0,25.0,76.9000015258789,58.29999923706055,0.0,54324.24609375,1.0
1685054324162145700,0,0,8,-2,3000,3000,6.115465117914945e-16,0.0,0.0,0.0,0.0,0.0,25.0,76.9000015258789,58.29999923706055,0.0,54324.25390625,1.0
1685054324250298900,0,0,8,-2,3000,3000,6.115465117914945e-16,0.0,0.0,0.0,0.0,0.0,25.0,76.9000015258789,58.29999923706055,0.0,54324.265625,1.0
1685054324250307100,0,0,8,-2,3000,3000,6.115465117914945e-16,0.0,0.0,0.0,0.0,0.0,25.0,76.9000015258789,58.29999923706055,0.0,54324.27734375,1.0
1685054324250366700,0,0,8,-2,3000,3000,6.115465117914945e-16,0.0,0.0,0.0,0.0,0.0,25.0,76.9000015258789,58.29999923706055,0.0,54324.28515625,1.0
1685054324250382300,0,0,8,-2,3000,3000,6.115465117914945e-16,0.0,0.0,0.0,0.0,0.0,25.0,76.9000015258789,58.29999923706055,0.0,54324.296875,1.0
1685054324250427500,0,0,8,-2,3000,3000,6.115465117914945e-16,0.0,0.0,0.0,0.0,0.0,25.0,76.9000015258789,58.29999923706055,0.0,54324.3046875,1.0
1685054324250441800,0,0,8,-2,3000,3000,6.115465117914945e-16,0.0,0.0,0.0,0.0,0.0,25.0,83.30000305175781,44.400001525878906,0.0,54324.31640625,1.0
1685054324250474300,0,0,8,-2,3000,3000,6.115465117914945e-16,0.0,0.0,0.0,0.0,0.0,25.0,83.30000305175781,44.400001525878906,0.0,54324.32421875,1.0
1685054324250480100,0,0,8,-2,3000,3000,6.115465117914945e-16,0.0,0.0,0.0,0.0,0.0,25.0,83.30000305175781,44.400001525878906,0.0,54324.3359375,1.0
1685054324250527800,0,0,8,-2,3000,3000,6.115465117914945e-16,0.0,0.0,0.0,0.0,0.0,25.0,83.30000305175781,44.400001525878906,0.0,54324.34375,1.0
1685054324352386300,0,0,8,-2,3000,3000,6.115465117914945e-16,0.0,0.0,0.0,0.0,0.0,25.0,83.30000305175781,44.400001525878906,0.0,54324.35546875,1.0
1685054324352398100,0,0,8,-2,3000,3000,6.115465117914945e-16,0.0,0.0,0.0,0.0,0.0,25.0,83.30000305175781,44.400001525878906,0.0,54324.36328125,1.0
1685054324352449900,0,0,8,-2,3000,3000,6.115465117914945e-16,0.0,0.0,0.0,0.0,0.0,25.0,83.30000305175781,44.400001525878906,0.0,54324.375,1.0
1685054324352454200,0,0,8,-2,3000,3000,6.115465117914945e-16,0.0,0.0,0.0,0.0,0.0,25.0,83.30000305175781,44.400001525878906,0.0,54324.38671875,1.0
1685054324352518900,0,0,8,-2,3000,3000,6.115465117914945e-16,0.0,0.0,0.0,0.0,0.0,25.0,83.30000305175781,44.400001525878906,0.0,54324.39453125,1.0
1685054324352526100,0,0,8,-2,3000,3000,6.115465117914945e-16,0.0,0.0,0.0,0.0,0.0,25.0,83.30000305175781,44.400001525878906,0.0,54324.40625,1.0
1685054324352549200,0,0,8,-2,3000,3000,6.115465117914945e-16,0.0,0.0,0.0,0.0,0.0,22.200000762939453,71.4000015258789,0.0,10.0,54324.4140625,1.0
1685054324352611200,0,0,8,-2,3000,3000,6.115465117914945e-16,0.0,0.0,0.0,0.0,0.0,22.200000762939453,71.4000015258789,0.0,10.0,54324.42578125,1.0
1685054324352659000,0,0,8,-2,3000,3000,6.115465117914945e-16,0.0,0.0,0.0,0.0,0.0,22.200000762939453,71.4000015258789,0.0,10.0,54324.43359375,1.0
1685054324352671800,0,0,8,-2,3000,3000,6.115465117914945e-16,0.0,0.0,0.0,0.0,0.0,22.200000762939453,71.4000015258789,0.0,10.0,54324.4453125,1.0
1685054324494410700,0,0,8,-2,3000,3000,6.115465117914945e-16,0.0,0.0,0.0,0.0,0.0,22.200000762939453,71.4000015258789,0.0,10.0,54324.45703125,1.0
1685054324494424200,0,0,8,-2,3000,3000,6.115465117914945e-16,0.0,0.0,0.0,0.0,0.0,22.200000762939453,71.4000015258789,0.0,10.0,54324.46484375,1.0
1685054324494475400,0,0,8,-2,3000,3000,6.115465117914945e-16,0.0,0.0,0.0,0.0,0.0,22.200000762939453,71.4000015258789,0.0,10.0,54324.4765625,1.0
1685054324494480600,0,0,8,-2,3000,3000,6.115465117914945e-16,0.0,0.0,0.0,0.0,0.0,22.200000762939453,71.4000015258789,0.0,10.0,54324.484375,1.0
1685054324494559100,0,0,8,-2,3000,3000,6.115465117914945e-16,0.0,0.0,0.0,0.0,0.0,22.200000762939453,71.4000015258789,0.0,10.0,54324.49609375,1.0
1685054324494571500,0,0,8,-2,3000,3000,6.115465117914945e-16,0.0,0.0,0.0,0.0,0.0,22.200000762939453,71.4000015258789,0.0,10.0,54324.50390625,1.0
1685054324494594800,0,0,8,-2,3000,3000,6.115465117914945e-16,0.0,0.0,0.0,0.0,0.0,25.0,71.4000015258789,30.0,0.0,54324.515625,1.0
1685054324494614300,0,0,8,-2,3000,3000,6.115465117914945e-16,0.0,0.0,0.0,0.0,0.0,25.0,71.4000015258789,30.0,0.0,54324.5234375,1.0
1685054324494682600,0,0,8,-2,3000,3000,6.115465117914945e-16,0.0,0.0,0.0,0.0,0.0,25.0,71.4000015258789,30.0,0.0,54324.53515625,1.0
1685054324494687600,0,0,8,-2,3000,3000,6.115465117914945e-16,0.0,0.0,0.0,0.0,0.0,25.0,71.4000015258789,30.0,0.0,54324.546875,1.0
1685054324494744400,0,0,8,-2,3000,3000,6.115465117914945e-16,0.0,0.0,0.0,0.0,0.0,25.0,71.4000015258789,30.0,0.0,54324.5546875,1.0
1685054324494804700,0,0,8,-2,3000,3000,6.115465117914945e-16,0.0,0.0,0.0,0.0,0.0,25.0,71.4000015258789,30.0,0.0,54324.56640625,1.0
1685054324494832000,0,0,8,-2,3000,3000,6.115465117914945e-16,0.0,0.0,0.0,0.0,0.0,25.0,71.4000015258789,30.0,0.0,54324.57421875,1.0
1685054324494903600,0,0,8,-2,3000,3000,6.115465117914945e-16,0.0,0.0,0.0,0.0,0.0,25.0,71.4000015258789,30.0,0.0,54324.5859375,1.0
1685054324603295100,0,0,8,-2,3000,3000,6.115465117914945e-16,0.0,0.0,0.0,0.0,0.0,25.0,71.4000015258789,30.0,0.0,54324.59375,1.0
1685054324603306800,0,0,8,-2,3000,3000,6.115465117914945e-16,0.0,0.0,0.0,0.0,0.0,25.0,71.4000015258789,30.0,0.0,54324.60546875,1.0
1685054324603330000,0,0,8,-2,3000,3000,6.115465117914945e-16,0.0,0.0,0.0,0.0,0.0,36.400001525878906,71.4000015258789,22.200000762939453,0.0,54324.6171875,1.0
1685054324603387600,0,0,8,-2,3000,3000,6.115465117914945e-16,0.0,0.0,0.0,0.0,0.0,36.400001525878906,71.4000015258789,22.200000762939453,0.0,54324.625,1.0
1685054324603442400,0,0,8,-2,3000,3000,6.115465117914945e-16,0.0,0.0,0.0,0.0,0.0,36.400001525878906,71.4000015258789,22.200000762939453,0.0,54324.63671875,1.0
1685054324603499000,0,0,8,-2,3000,3000,6.115465117914945e-16,0.0,0.0,0.0,0.0,0.0,36.400001525878906,71.4000015258789,22.200000762939453,0.0,54324.64453125,1.0
1685054324603504700,0,0,8,-2,3000,3000,6.115465117914945e-16,0.0,0.0,0.0,0.0,0.0,36.400001525878906,71.4000015258789,22.200000762939453,0.0,54324.65625,1.0
1685054324603571300,0,0,8,-2,3000,3000,6.115465117914945e-16,0.0,0.0,0.0,0.0,0.0,36.400001525878906,71.4000015258789,22.200000762939453,0.0,54324.6640625,1.0
1685054324603585800,0,0,8,-2,3000,3000,6.115465117914945e-16,0.0,0.0,0.0,0.0,0.0,36.400001525878906,71.4000015258789,22.200000762939453,0.0,54324.67578125,1.0
1685054324603604800,0,0,8,-2,3000,3000,6.115465117914945e-16,0.0,0.0,0.0,0.0,0.0,36.400001525878906,71.4000015258789,22.200000762939453,0.0,54324.68359375,1.0
1685054324603664000,0,0,8,-2,3000,3000,6.115465117914945e-16,0.0,0.0,0.0,0.0,0.0,36.400001525878906,71.4000015258789,22.200000762939453,0.0,54324.6953125,1.0
1685054324721710100,0,0,8,-2,3000,3000,6.115465117914945e-16,0.0,0.0,0.0,0.0,0.0,36.400001525878906,71.4000015258789,22.200000762939453,0.0,54324.70703125,1.0
1685054324721723000,0,0,8,-2,3000,3000,6.115465117914945e-16,0.0,0.0,0.0,0.0,0.0,36.400001525878906,71.4000015258789,22.200000762939453,0.0,54324.71484375,1.0
1685054324721778200,0,0,8,-2,3000,3000,6.115465117914945e-16,0.0,0.0,0.0,0.0,0.0,45.5,71.4000015258789,14.300000190734863,0.0,54324.7265625,1.0
1685054324721783800,0,0,8,-2,3000,3000,6.115465117914945e-16,0.0,0.0,0.0,0.0,0.0,45.5,71.4000015258789,14.300000190734863,0.0,54324.734375,1.0
1685054324721841000,0,0,8,-2,3000,3000,6.115465117914945e-16,0.0,0.0,0.0,0.0,0.0,45.5,71.4000015258789,14.300000190734863,0.0,54324.74609375,1.0
1685054324721886600,0,0,8,-2,3000,3000,6.115465117914945e-16,0.0,0.0,0.0,0.0,0.0,45.5,71.4000015258789,14.300000190734863,0.0,54324.75390625,1.0
1685054324721909700,0,0,8,-2,3000,3000,6.115465117914945e-16,0.0,0.0,0.0,0.0,0.0,45.5,71.4000015258789,14.300000190734863,0.0,54324.765625,1.0
1685054324721948900,0,0,8,-2,3000,3000,6.115465117914945e-16,0.0,0.0,0.0,0.0,0.0,45.5,71.4000015258789,14.300000190734863,0.0,54324.7734375,1.0
1685054324721960400,0,0,8,-2,3000,3000,6.115465117914945e-16,0.0,0.0,0.0,0.0,0.0,45.5,71.4000015258789,14.300000190734863,0.0,54324.78515625,1.0
1685054324722022000,0,0,8,-2,3000,3000,6.115465117914945e-16,0.0,0.0,0.0,0.0,0.0,45.5,71.4000015258789,14.300000190734863,0.0,54324.796875,1.0
1685054324722027500,0,0,8,-2,3000,3000,6.115465117914945e-16,0.0,0.0,0.0,0.0,0.0,45.5,71.4000015258789,14.300000190734863,0.0,54324.8046875,1.0
1685054324722092000,0,0,8,-2,3000,3000,6.115465117914945e-16,0.0,0.0,0.0,0.0,0.0,45.5,71.4000015258789,14.300000190734863,0.0,54324.81640625,1.0
1685054324828764400,0,0,8,-2,3000,3000,6.115465117914945e-16,0.0,0.0,0.0,0.0,0.0,22.200000762939453,71.4000015258789,30.0,10.0,54324.82421875,1.0
1685054324828773900,0,0,8,-2,3000,3000,6.115465117914945e-16,0.0,0.0,0.0,0.0,0.0,22.200000762939453,71.4000015258789,30.0,10.0,54324.8359375,1.0
1685054324828778000,0,0,8,-2,3000,3000,6.115465117914945e-16,0.0,0.0,0.0,0.0,0.0,22.200000762939453,71.4000015258789,30.0,10.0,54324.84375,1.0
1685054324828791300,0,0,8,-2,3000,3000,6.115465117914945e-16,0.0,0.0,0.0,0.0,0.0,22.200000762939453,71.4000015258789,30.0,10.0,54324.85546875,1.0
1685054324828873800,0,0,8,-2,3000,3000,6.115465117914945e-16,0.0,0.0,0.0,0.0,0.0,22.200000762939453,71.4000015258789,30.0,10.0,54324.8671875,1.0
1685054324828882500,0,0,8,-2,3000,3000,6.115465117914945e-16,0.0,0.0,0.0,0.0,0.0,22.200000762939453,71.4000015258789,30.0,10.0,54324.875,1.0
1685054324828963100,0,0,8,-2,3000,3000,6.115465117914945e-16,0.0,0.0,0.0,0.0,0.0,22.200000762939453,71.4000015258789,30.0,10.0,54324.88671875,1.0
1685054324828966600,0,0,8,-2,3000,3000,6.115465117914945e-16,0.0,0.0,0.0,0.0,0.0,22.200000762939453,71.4000015258789,30.0,10.0,54324.89453125,1.0
1685054324829055100,0,0,8,-2,3000,3000,6.115465117914945e-16,0.0,0.0,0.0,0.0,0.0,22.200000762939453,71.4000015258789,30.0,10.0,54324.90625,1.0
1685054324829060100,0,0,8,-2,3000,3000,6.115465117914945e-16,0.0,0.0,0.0,0.0,0.0,22.200000762939453,71.4000015258789,30.0,10.0,54324.9140625,1.0
1685054324927613400,0,0,8,-2,3000,3000,6.115465117914945e-16,0.0,0.0,0.0,0.0,0.0,0.0,66.69999694824219,45.5,0.0,54324.92578125,1.0
1685054324927617500,0,0,8,-2,3000,3000,6.115465117914945e-16,0.0,0.0,0.0,0.0,0.0,0.0,66.69999694824219,45.5,0.0,54324.93359375,1.0
1685054324927683500,0,0,8,-2,3000,3000,6.115465117914945e-16,0.0,0.0,0.0,0.0,0.0,0.0,66.69999694824219,45.5,0.0,54324.9453125,1.0
1685054324927767200,0,0,8,-2,3000,3000,6.115465117914945e-16,0.0,0.0,0.0,0.0,0.0,0.0,66.69999694824219,45.5,0.0,54324.95703125,1.0
1685054324927776700,0,0,8,-2,3000,3000,6.115465117914945e-16,0.0,0.0,0.0,0.0,0.0,0.0,66.69999694824219,45.5,0.0,54324.96484375,1.0
1685054324927862100,0,0,8,-2,3000,3000,6.115465117914945e-16,0.0,0.0,0.0,0.0,0.0,0.0,66.69999694824219,45.5,0.0,54324.9765625,1.0
1685054324927867200,0,0,8,-2,3000,3000,6.115465117914945e-16,0.0,0.0,0.0,0.0,0.0,0.0,66.69999694824219,45.5,0.0,54324.984375,1.0
1685054324927924400,0,0,8,-2,3000,3000,6.115465117914945e-16,0.0,0.0,0.0,0.0,0.0,0.0,66.69999694824219,45.5,0.0,54324.99609375,1.0
1685054324927984800,0,0,8,-2,3000,3000,6.115465117914945e-16,0.0,0.0,0.0,0.0,0.0,0.0,66.69999694824219,45.5,0.0,54325.00390625,1.0
1685054324927993500,0,0,8,-2,3000,3000,6.115465117914945e-16,0.0,0.0,0.0,0.0,0.0,0.0,66.69999694824219,45.5,0.0,54325.015625,1.0
1685054325106599200,0,0,8,-2,3000,3000,6.115465117914945e-16,0.0,0.0,0.0,0.0,0.0,25.0,71.4000015258789,0.0,0.0,54325.02734375,1.0
1685054325106646200,0,0,8,-2,3000,3000,6.115465117914945e-16,0.0,0.0,0.0,0.0,0.0,25.0,71.4000015258789,0.0,0.0,54325.03515625,1.0
1685054325106651200,0,0,8,-2,3000,3000,6.115465117914945e-16,0.0,0.0,0.0,0.0,0.0,25.0,71.4000015258789,0.0,0.0,54325.046875,1.0
1685054325106718700,0,0,8,-2,3000,3000,6.115465117914945e-16,0.0,0.0,0.0,0.0,0.0,25.0,71.4000015258789,0.0,0.0,54325.0546875,1.0
1685054325106734200,0,0,8,-2,3000,3000,6.115465117914945e-16,0.0,0.0,0.0,0.0,0.0,25.0,71.4000015258789,0.0,0.0,54325.06640625,1.0
1685054325106738700,0,0,8,-2,3000,3000,6.115465117914945e-16,0.0,0.0,0.0,0.0,0.0,25.0,71.4000015258789,0.0,0.0,54325.07421875,1.0
1685054325106742200,0,0,8,-2,3000,3000,6.115465117914945e-16,0.0,0.0,0.0,0.0,0.0,25.0,71.4000015258789,0.0,0.0,54325.0859375,1.0
1685054325106747000,0,0,8,-2,3000,3000,6.115465117914945e-16,0.0,0.0,0.0,0.0,0.0,25.0,71.4000015258789,0.0,0.0,54325.09375,1.0
1685054325106769100,0,0,8,-2,3000,3000,6.115465117914945e-16,0.0,0.0,0.0,0.0,0.0,25.0,71.4000015258789,0.0,0.0,54325.10546875,1.0
1685054325106798100,0,0,8,-2,3000,3000,6.115465117914945e-16,0.0,0.0,0.0,0.0,0.0,25.0,71.4000015258789,0.0,0.0,54325.1171875,1.0
1685054325106914400,0,0,8,-2,3000,3000,6.115465117914945e-16,0.0,0.0,0.0,0.0,0.0,22.200000762939453,71.4000015258789,40.0,10.0,54325.125,1.0
1685054325106937600,0,0,8,-2,3000,3000,6.115465117914945e-16,0.0,0.0,0.0,0.0,0.0,22.200000762939453,71.4000015258789,40.0,10.0,54325.13671875,1.0
1685054325107025800,0,0,8,-2,3000,3000,6.115465117914945e-16,0.0,0.0,0.0,0.0,0.0,22.200000762939453,71.4000015258789,40.0,10.0,54325.14453125,1.0
1685054325107030600,0,0,8,-2,3000,3000,6.115465117914945e-16,0.0,0.0,0.0,0.0,0.0,22.200000762939453,71.4000015258789,40.0,10.0,54325.15625,1.0
1685054325107095500,0,0,8,-2,3000,3000,6.115465117914945e-16,0.0,0.0,0.0,0.0,0.0,22.200000762939453,71.4000015258789,40.0,10.0,54325.1640625,1.0
1685054325107153300,0,0,8,-2,3000,3000,6.115465117914945e-16,0.0,0.0,0.0,0.0,0.0,22.200000762939453,71.4000015258789,40.0,10.0,54325.17578125,1.0
1685054325184361300,0,0,8,-2,3000,3000,6.115465117914945e-16,0.0,0.0,0.0,0.0,0.0,22.200000762939453,71.4000015258789,40.0,10.0,54325.1875,1.0
1685054325184383300,0,0,8,-2,3000,3000,6.115465117914945e-16,0.0,0.0,0.0,0.0,0.0,22.200000762939453,71.4000015258789,40.0,10.0,54325.1953125,1.0
1685054325184389300,0,0,8,-2,3000,3000,6.115465117914945e-16,0.0,0.0,0.0,0.0,0.0,22.200000762939453,71.4000015258789,40.0,10.0,54325.20703125,1.0
1685054325184467100,0,0,8,-2,3000,3000,6.115465117914945e-16,0.0,0.0,0.0,0.0,0.0,22.200000762939453,71.4000015258789,40.0,10.0,54325.21484375,1.0
1685054325184475600,0,0,8,-2,3000,3000,6.115465117914945e-16,0.0,0.0,0.0,0.0,0.0,25.0,71.4000015258789,46.20000076293945,0.0,54325.2265625,1.0
1685054325184549300,0,0,8,-2,3000,3000,6.115465117914945e-16,0.0,0.0,0.0,0.0,0.0,25.0,71.4000015258789,46.20000076293945,0.0,54325.234375,1.0
1685054325184561400,0,0,8,-2,3000,3000,6.115465117914945e-16,0.0,0.0,0.0,0.0,0.0,25.0,71.4000015258789,46.20000076293945,0.0,54325.24609375,1.0
1685054325184585200,0,0,8,-2,3000,3000,6.115465117914945e-16,0.0,0.0,0.0,0.0,0.0,25.0,71.4000015258789,46.20000076293945,0.0,54325.25390625,1.0
1685054325184657300,0,0,8,-2,3000,3000,6.115465117914945e-16,0.0,0.0,0.0,0.0,0.0,25.0,71.4000015258789,46.20000076293945,0.0,54325.265625,1.0
1685054325421025500,0,0,8,-2,3000,3000,6.115465117914945e-16,0.0,0.0,0.0,0.0,0.0,25.0,71.4000015258789,46.20000076293945,0.0,54325.2734375,1.0
1685054325421094000,0,0,8,-2,3000,3000,6.115465117914945e-16,0.0,0.0,0.0,0.0,0.0,25.0,71.4000015258789,46.20000076293945,0.0,54325.28515625,1.0
1685054325421104800,0,0,8,-2,3000,3000,6.115465117914945e-16,0.0,0.0,0.0,0.0,0.0,25.0,71.4000015258789,46.20000076293945,0.0,54325.296875,1.0
1685054325421170300,0,0,8,-2,3000,3000,6.115465117914945e-16,0.0,0.0,0.0,0.0,0.0,25.0,71.4000015258789,46.20000076293945,0.0,54325.3046875,1.0
1685054325421175000,0,0,8,-2,3000,3000,6.115465117914945e-16,0.0,0.0,0.0,0.0,0.0,25.0,71.4000015258789,46.20000076293945,0.0,54325.31640625,1.0
1685054325421251300,0,0,8,-2,3000,3000,6.115465117914945e-16,0.0,0.0,0.0,0.0,0.0,0.0,71.4000015258789,14.300000190734863,0.0,54325.32421875,1.0
1685054325421265000,0,0,8,-2,3000,3000,6.115465117914945e-16,0.0,0.0,0.0,0.0,0.0,0.0,71.4000015258789,14.300000190734863,0.0,54325.3359375,1.0
1685054325421270200,0,0,8,-2,3000,3000,6.115465117914945e-16,0.0,0.0,0.0,0.0,0.0,0.0,71.4000015258789,14.300000190734863,0.0,54325.34765625,1.0
1685054325421352300,0,0,8,-2,3000,3000,6.115465117914945e-16,0.0,0.0,0.0,0.0,0.0,0.0,71.4000015258789,14.300000190734863,0.0,54325.35546875,1.0
1685054325421378300,0,0,8,-2,3000,3000,6.115465117914945e-16,0.0,0.0,0.0,0.0,0.0,0.0,71.4000015258789,14.300000190734863,0.0,54325.3671875,1.0
1685054325421454500,0,0,8,-2,3000,3000,6.115465117914945e-16,0.0,0.0,0.0,0.0,0.0,0.0,71.4000015258789,14.300000190734863,0.0,54325.375,1.0
1685054325421469900,0,0,8,-2,3000,3000,6.115465117914945e-16,0.0,0.0,0.0,0.0,0.0,0.0,71.4000015258789,14.300000190734863,0.0,54325.38671875,1.0
1685054325421509200,0,0,8,-2,3000,3000,6.115465117914945e-16,0.0,0.0,0.0,0.0,0.0,0.0,71.4000015258789,14.300000190734863,0.0,54325.39453125,1.0
1685054325421520500,0,0,8,-2,3000,3000,6.115465117914945e-16,0.0,0.0,0.0,0.0,0.0,0.0,71.4000015258789,14.300000190734863,0.0,54325.40625,1.0
1685054325421591800,0,0,8,-2,3000,3000,6.115465117914945e-16,0.0,0.0,0.0,0.0,0.0,0.0,71.4000015258789,14.300000190734863,0.0,54325.4140625,1.0
1685054325421595900,0,0,8,-2,3000,3000,6.115465117914945e-16,0.0,0.0,0.0,0.0,0.0,25.0,71.4000015258789,30.0,0.0,54325.42578125,1.0
1685054325421670000,0,0,8,-2,3000,3000,6.115465117914945e-16,0.0,0.0,0.0,0.0,0.0,25.0,71.4000015258789,30.0,0.0,54325.43359375,1.0
1685054325421682100,0,0,8,-2,3000,3000,6.115465117914945e-16,0.0,0.0,0.0,0.0,0.0,25.0,71.4000015258789,30.0,0.0,54325.4453125,1.0
1685054325522803100,0,0,8,-2,3000,3000,6.115465117914945e-16,0.0,0.0,0.0,0.0,0.0,25.0,71.4000015258789,30.0,0.0,54325.45703125,1.0
1685054325522817200,0,0,8,-2,3000,3000,6.115465117914945e-16,0.0,0.0,0.0,0.0,0.0,25.0,71.4000015258789,30.0,0.0,54325.46484375,1.0
1685054325522834500,0,0,8,-2,3000,3000,6.115465117914945e-16,0.0,0.0,0.0,0.0,0.0,25.0,71.4000015258789,30.0,0.0,54325.4765625,1.0
1685054325522848300,0,0,8,-2,3000,3000,6.115465117914945e-16,0.0,0.0,0.0,0.0,0.0,25.0,71.4000015258789,30.0,0.0,54325.484375,1.0
1685054325522893000,0,0,8,-2,3000,3000,6.115465117914945e-16,0.0,0.0,0.0,0.0,0.0,25.0,71.4000015258789,30.0,0.0,54325.49609375,1.0
1685054325522908900,0,0,8,-2,3000,3000,6.115465117914945e-16,0.0,0.0,0.0,0.0,0.0,25.0,71.4000015258789,30.0,0.0,54325.5078125,1.0
1685054325522950900,0,0,8,-2,3000,3000,6.115465117914945e-16,0.0,0.0,0.0,0.0,0.0,25.0,71.4000015258789,30.0,0.0,54325.515625,1.0
1685054325522970400,0,0,8,-2,3000,3000,6.115465117914945e-16,0.0,0.0,0.0,0.0,0.0,25.0,71.4000015258789,30.0,0.0,54325.5234375,1.0
1685054325523052200,0,0,8,-2,3000,3000,6.115465117914945e-16,0.0,0.0,0.0,0.0,0.0,33.29999923706055,71.4000015258789,40.0,0.0,54325.5390625,1.0
1685054325523065000,0,0,8,-2,3000,3000,6.115465117914945e-16,0.0,0.0,0.0,0.0,0.0,33.29999923706055,71.4000015258789,40.0,0.0,54325.546875,1.0
1685054325523090100,0,0,8,-2,3000,3000,6.115465117914945e-16,0.0,0.0,0.0,0.0,0.0,33.29999923706055,71.4000015258789,40.0,0.0,54325.5546875,1.0
1685054325523117800,0,0,8,-2,3000,3000,6.115465117914945e-16,0.0,0.0,0.0,0.0,0.0,33.29999923706055,71.4000015258789,40.0,0.0,54325.56640625,1.0
1685054325523187600,0,0,8,-2,3000,3000,6.115465117914945e-16,0.0,0.0,0.0,0.0,0.0,33.29999923706055,71.4000015258789,40.0,0.0,54325.57421875,1.0
1685054325523224900,0,0,8,-2,3000,3000,6.115465117914945e-16,0.0,0.0,0.0,0.0,0.0,33.29999923706055,71.4000015258789,40.0,0.0,54325.5859375,1.0
1685054325523252400,0,0,8,-2,3000,3000,6.115465117914945e-16,0.0,0.0,0.0,0.0,0.0,33.29999923706055,71.4000015258789,40.0,0.0,54325.59375,1.0
1685054325523300500,0,0,8,-2,3000,3000,6.115465117914945e-16,0.0,0.0,0.0,0.0,0.0,33.29999923706055,71.4000015258789,40.0,0.0,54325.60546875,1.0
1685054325523382800,0,0,8,-2,3000,3000,6.115465117914945e-16,0.0,0.0,0.0,0.0,0.0,33.29999923706055,71.4000015258789,40.0,0.0,54325.6171875,1.0
1685054325721581900,0,0,8,-2,3000,3000,6.115465117914945e-16,0.0,0.0,0.0,0.0,0.0,33.29999923706055,71.4000015258789,40.0,0.0,54325.625,1.0
1685054325721615600,0,0,8,-2,3000,3000,6.115465117914945e-16,0.0,0.0,0.0,0.0,0.0,0.0,71.4000015258789,12.5,0.0,54325.63671875,1.0
1685054325721619600,0,0,8,-2,3000,3000,6.115465117914945e-16,0.0,0.0,0.0,0.0,0.0,0.0,71.4000015258789,12.5,0.0,54325.64453125,1.0
1685054325721648400,0,0,8,-2,3000,3000,6.115465117914945e-16,0.0,0.0,0.0,0.0,0.0,0.0,71.4000015258789,12.5,0.0,54325.65625,1.0
1685054325721724000,0,0,8,-2,3000,3000,6.115465117914945e-16,0.0,0.0,0.0,0.0,0.0,0.0,71.4000015258789,12.5,0.0,54325.67578125,1.0
1685054325721749700,0,0,8,-2,3000,3000,6.115465117914945e-16,0.0,0.0,0.0,0.0,0.0,0.0,71.4000015258789,12.5,0.0,54325.6796875,1.0
1685054325721830800,0,0,8,-2,3000,3000,6.115465117914945e-16,0.0,0.0,0.0,0.0,0.0,0.0,71.4000015258789,12.5,0.0,54325.68359375,1.0
1685054325721844100,0,0,8,-2,3000,3000,6.115465117914945e-16,0.0,0.0,0.0,0.0,0.0,0.0,71.4000015258789,12.5,0.0,54325.6953125,1.0
1685054325721890700,0,0,8,-2,3000,3000,6.115465117914945e-16,0.0,0.0,0.0,0.0,0.0,0.0,71.4000015258789,12.5,0.0,54325.70703125,1.0
1685054325721899400,0,0,8,-2,3000,3000,6.115465117914945e-16,0.0,0.0,0.0,0.0,0.0,0.0,71.4000015258789,12.5,0.0,54325.71484375,1.0
1685054325721971500,0,0,8,-2,3000,3000,6.115465117914945e-16,0.0,0.0,0.0,0.0,0.0,0.0,71.4000015258789,12.5,0.0,54325.7265625,1.0
1685054325721976200,0,0,8,-2,3000,3000,6.115465117914945e-16,0.0,0.0,0.0,0.0,0.0,33.29999923706055,76.9000015258789,55.599998474121094,0.0,54325.734375,1.0
1685054325722036500,0,0,8,-2,3000,3000,6.115465117914945e-16,0.0,0.0,0.0,0.0,0.0,33.29999923706055,76.9000015258789,55.599998474121094,0.0,54325.74609375,1.0
1685054325722132600,0,0,8,-2,3000,3000,6.115465117914945e-16,0.0,0.0,0.0,0.0,0.0,33.29999923706055,76.9000015258789,55.599998474121094,0.0,54325.7578125,1.0
1685054325722144900,0,0,8,-2,3000,3000,6.115465117914945e-16,0.0,0.0,0.0,0.0,0.0,33.29999923706055,76.9000015258789,55.599998474121094,0.0,54325.765625,1.0
1685054325722221100,0,0,8,-2,3000,3000,6.115465117914945e-16,0.0,0.0,0.0,0.0,0.0,33.29999923706055,76.9000015258789,55.599998474121094,0.0,54325.7734375,1.0
1685054325722234500,0,0,8,-2,3000,3000,6.115465117914945e-16,0.0,0.0,0.0,0.0,0.0,33.29999923706055,76.9000015258789,55.599998474121094,0.0,54325.78515625,1.0
1685054325866054100,0,0,8,-2,3000,3000,6.115465117914945e-16,0.0,0.0,0.0,0.0,0.0,33.29999923706055,76.9000015258789,55.599998474121094,0.0,54325.796875,1.0
1685054325866064400,0,0,8,-2,3000,3000,6.115465117914945e-16,0.0,0.0,0.0,0.0,0.0,33.29999923706055,76.9000015258789,55.599998474121094,0.0,54325.8046875,1.0
1685054325866138100,0,0,8,-2,3000,3000,6.115465117914945e-16,0.0,0.0,0.0,0.0,0.0,33.29999923706055,76.9000015258789,55.599998474121094,0.0,54325.81640625,1.0
1685054325866150300,0,0,8,-2,3000,3000,6.115465117914945e-16,0.0,0.0,0.0,0.0,0.0,33.29999923706055,76.9000015258789,55.599998474121094,0.0,54325.82421875,1.0
1685054325866224400,0,0,8,-2,3000,3000,6.115465117914945e-16,0.0,0.0,0.0,0.0,0.0,30.0,76.9000015258789,45.5,0.0,54325.8359375,1.0
1685054325866237600,0,0,8,-2,3000,3000,6.115465117914945e-16,0.0,0.0,0.0,0.0,0.0,30.0,76.9000015258789,45.5,0.0,54325.84375,1.0
1685054325866293400,0,0,8,-2,3000,3000,6.115465117914945e-16,0.0,0.0,0.0,0.0,0.0,30.0,76.9000015258789,45.5,0.0,54325.85546875,1.0
1685054325866349500,0,0,8,-2,3000,3000,6.115465117914945e-16,0.0,0.0,0.0,0.0,0.0,30.0,76.9000015258789,45.5,0.0,54325.8671875,1.0
1685054325866398900,0,0,8,-2,3000,3000,6.115465117914945e-16,0.0,0.0,0.0,0.0,0.0,30.0,76.9000015258789,45.5,0.0,54325.875,1.0
1685054325866451800,0,0,8,-2,3000,3000,6.115465117914945e-16,0.0,0.0,0.0,0.0,0.0,30.0,76.9000015258789,45.5,0.0,54325.88671875,1.0
1685054325866466900,0,0,8,-2,3000,3000,6.115465117914945e-16,0.0,0.0,0.0,0.0,0.0,30.0,76.9000015258789,45.5,0.0,54325.89453125,1.0
1685054325866530600,0,0,8,-2,3000,3000,6.115465117914945e-16,0.0,0.0,0.0,0.0,0.0,30.0,76.9000015258789,45.5,0.0,54325.90625,1.0
1685054325866542300,0,0,8,-2,3000,3000,6.115465117914945e-16,0.0,0.0,0.0,0.0,0.0,30.0,76.9000015258789,45.5,0.0,54325.9140625,1.0
1685054325866599900,0,0,8,-2,3000,3000,6.115465117914945e-16,0.0,0.0,0.0,0.0,0.0,30.0,76.9000015258789,45.5,0.0,54325.92578125,1.0
1685054325866680800,0,0,8,-2,3000,3000,6.115465117914945e-16,0.0,0.0,0.0,0.0,0.0,22.200000762939453,66.69999694824219,45.5,0.0,54325.9375,1.0
1685054325866693100,0,0,8,-2,3000,3000,6.115465117914945e-16,0.0,0.0,0.0,0.0,0.0,22.200000762939453,66.69999694824219,45.5,0.0,54325.9453125,1.0
1685054325866772600,0,0,8,-2,3000,3000,6.115465117914945e-16,0.0,0.0,0.0,0.0,0.0,22.200000762939453,66.69999694824219,45.5,0.0,54325.95703125,1.0
1685054326132941900,0,0,8,-2,3000,3000,6.115465117914945e-16,0.0,0.0,0.0,0.0,0.0,22.200000762939453,66.69999694824219,45.5,0.0,54325.96875,1.0
1685054326132954700,0,0,8,-2,3000,3000,6.115465117914945e-16,0.0,0.0,0.0,0.0,0.0,22.200000762939453,66.69999694824219,45.5,0.0,54325.9765625,1.0
1685054326132974600,0,0,8,-2,3000,3000,6.115465117914945e-16,0.0,0.0,0.0,0.0,0.0,22.200000762939453,66.69999694824219,45.5,0.0,54325.984375,1.0
1685054326133054700,0,0,8,-2,3000,3000,6.115465117914945e-16,0.0,0.0,0.0,0.0,0.0,22.200000762939453,66.69999694824219,45.5,0.0,54325.99609375,1.0
1685054326133112500,0,0,8,-2,3000,3000,6.115465117914945e-16,0.0,0.0,0.0,0.0,0.0,22.200000762939453,66.69999694824219,45.5,0.0,54326.00390625,1.0
1685054326133125700,0,0,8,-2,3000,3000,6.115465117914945e-16,0.0,0.0,0.0,0.0,0.0,22.200000762939453,66.69999694824219,45.5,0.0,54326.015625,1.0
1685054326133183900,0,0,8,-2,3000,3000,6.115465117914945e-16,0.0,0.0,0.0,0.0,0.0,22.200000762939453,66.69999694824219,45.5,0.0,54326.0234375,1.0
1685054326133241500,0,0,8,-2,3000,3000,6.115465117914945e-16,0.0,0.0,0.0,0.0,0.0,0.0,69.19999694824219,41.70000076293945,0.0,54326.03515625,1.0
1685054326133301600,0,0,8,-2,3000,3000,6.115465117914945e-16,0.0,0.0,0.0,0.0,0.0,0.0,69.19999694824219,41.70000076293945,0.0,54326.046875,1.0
1685054326133358200,0,0,8,-2,3000,3000,6.115465117914945e-16,0.0,0.0,0.0,0.0,0.0,0.0,69.19999694824219,41.70000076293945,0.0,54326.0546875,1.0
1685054326133447600,0,0,8,-2,3000,3000,6.115465117914945e-16,0.0,0.0,0.0,0.0,0.0,0.0,69.19999694824219,41.70000076293945,0.0,54326.06640625,1.0
1685054326133460600,0,0,8,-2,3000,3000,6.115465117914945e-16,0.0,0.0,0.0,0.0,0.0,0.0,69.19999694824219,41.70000076293945,0.0,54326.07421875,1.0
1685054326133541200,0,0,8,-2,3000,3000,6.115465117914945e-16,0.0,0.0,0.0,0.0,0.0,0.0,69.19999694824219,41.70000076293945,0.0,54326.0859375,1.0
1685054326133575300,0,0,8,-2,3000,3000,6.115465117914945e-16,0.0,0.0,0.0,0.0,0.0,0.0,69.19999694824219,41.70000076293945,0.0,54326.09765625,1.0
1685054326133590600,0,0,8,-2,3000,3000,6.115465117914945e-16,0.0,0.0,0.0,0.0,0.0,0.0,69.19999694824219,41.70000076293945,0.0,54326.10546875,1.0
1685054326133650200,0,0,8,-2,3000,3000,6.115465117914945e-16,0.0,0.0,0.0,0.0,0.0,0.0,69.19999694824219,41.70000076293945,0.0,54326.1171875,1.0
1685054326133706800,0,0,8,-2,3000,3000,6.115465117914945e-16,0.0,0.0,0.0,0.0,0.0,0.0,69.19999694824219,41.70000076293945,0.0,54326.125,1.0
1685054326133788200,0,0,8,-2,3000,3000,6.115465117914945e-16,0.0,0.0,0.0,0.0,0.0,0.0,71.4000015258789,33.29999923706055,0.0,54326.13671875,1.0
1685054326256929900,0,0,8,-2,3000,3000,6.115465117914945e-16,0.0,0.0,0.0,0.0,0.0,0.0,71.4000015258789,33.29999923706055,0.0,54326.14453125,1.0
1685054326256948400,0,0,8,-2,3000,3000,6.115465117914945e-16,0.0,0.0,0.0,0.0,0.0,0.0,71.4000015258789,33.29999923706055,0.0,54326.15625,1.0
1685054326257023600,0,0,8,-2,3000,3000,6.115465117914945e-16,0.0,0.0,0.0,0.0,0.0,0.0,71.4000015258789,33.29999923706055,0.0,54326.1640625,1.0
1685054326257035800,0,0,8,-2,3000,3000,6.115465117914945e-16,0.0,0.0,0.0,0.0,0.0,0.0,71.4000015258789,33.29999923706055,0.0,54326.17578125,1.0
1685054326257156100,0,0,8,-2,3000,3000,6.115465117914945e-16,0.0,0.0,0.0,0.0,0.0,0.0,71.4000015258789,33.29999923706055,0.0,54326.18359375,1.0
1685054326257178600,0,0,8,-2,3000,3000,6.115465117914945e-16,0.0,0.0,0.0,0.0,0.0,0.0,71.4000015258789,33.29999923706055,0.0,54326.1953125,1.0
1685054326257215600,0,0,8,-2,3000,3000,6.115465117914945e-16,0.0,0.0,0.0,0.0,0.0,0.0,71.4000015258789,33.29999923706055,0.0,54326.20703125,1.0
1685054326257238500,0,0,8,-2,3000,3000,6.115465117914945e-16,0.0,0.0,0.0,0.0,0.0,0.0,71.4000015258789,33.29999923706055,0.0,54326.21484375,1.0
1685054326257315400,0,0,8,-2,3000,3000,6.115465117914945e-16,0.0,0.0,0.0,0.0,0.0,0.0,71.4000015258789,33.29999923706055,0.0,54326.2265625,1.0
1685054326257389600,0,0,8,-2,3000,3000,6.115465117914945e-16,0.0,0.0,0.0,0.0,0.0,45.5,71.4000015258789,0.0,9.100000381469727,54326.234375,1.0
1685054326257395100,0,0,8,-2,3000,3000,6.115465117914945e-16,0.0,0.0,0.0,0.0,0.0,45.5,71.4000015258789,0.0,9.100000381469727,54326.24609375,1.0
1685054326257471400,0,0,8,-2,3000,3000,6.115465117914945e-16,0.0,0.0,0.0,0.0,0.0,45.5,71.4000015258789,0.0,9.100000381469727,54326.25390625,1.0
1685054326257501200,0,0,8,-2,3000,3000,6.115465117914945e-16,0.0,0.0,0.0,0.0,0.0,45.5,71.4000015258789,0.0,9.100000381469727,54326.265625,1.0
1685054326257549700,0,0,8,-2,3000,3000,6.115465117914945e-16,0.0,0.0,0.0,0.0,0.0,45.5,71.4000015258789,0.0,9.100000381469727,54326.2734375,1.0
1685054326257554600,0,0,8,-2,3000,3000,6.115465117914945e-16,0.0,0.0,0.0,0.0,0.0,45.5,71.4000015258789,0.0,9.100000381469727,54326.28515625,1.0
1685054326257626800,0,0,8,-2,3000,3000,6.115465117914945e-16,0.0,0.0,0.0,0.0,0.0,45.5,71.4000015258789,0.0,9.100000381469727,54326.296875,1.0
1685054326257654200,0,0,8,-2,3000,3000,6.115465117914945e-16,0.0,0.0,0.0,0.0,0.0,45.5,71.4000015258789,0.0,9.100000381469727,54326.3046875,1.0
1685054326257738800,0,0,8,-2,3000,3000,6.115465117914945e-16,0.0,0.0,0.0,0.0,0.0,45.5,71.4000015258789,0.0,9.100000381469727,54326.31640625,1.0
1685054326257753300,0,0,8,-2,3000,3000,6.115465117914945e-16,0.0,0.0,0.0,0.0,0.0,45.5,71.4000015258789,0.0,9.100000381469727,54326.32421875,1.0
1685054326270107100,0,0,8,-2,3000,3000,6.115465117914945e-16,0.0,0.0,0.0,0.0,0.0,45.5,71.4000015258789,0.0,9.100000381469727,54326.3359375,1.0
1685054326270117800,0,0,8,-2,3000,3000,6.115465117914945e-16,0.0,0.0,0.0,0.0,0.0,22.200000762939453,71.4000015258789,22.200000762939453,0.0,54326.34375,1.0
1685054326270204400,0,0,8,-2,3000,3000,6.115465117914945e-16,0.0,0.0,0.0,0.0,0.0,22.200000762939453,71.4000015258789,22.200000762939453,0.0,54326.35546875,1.0
1685054326275664900,0,0,8,-2,3000,3000,6.115465117914945e-16,0.0,0.0,0.0,0.0,0.0,22.200000762939453,71.4000015258789,22.200000762939453,0.0,54326.3671875,1.0
1685054326275680100,0,0,8,-2,3000,3000,6.115465117914945e-16,0.0,0.0,0.0,0.0,0.0,22.200000762939453,71.4000015258789,22.200000762939453,0.0,54326.375,1.0
1685054326353978800,0,0,8,-2,3000,3000,6.115465117914945e-16,0.0,0.0,0.0,0.0,0.0,22.200000762939453,71.4000015258789,22.200000762939453,0.0,54326.38671875,1.0
1685054326353991800,0,0,8,-2,3000,3000,6.115465117914945e-16,0.0,0.0,0.0,0.0,0.0,22.200000762939453,71.4000015258789,22.200000762939453,0.0,54326.39453125,1.0
1685054326354066500,0,0,8,-2,3000,3000,6.115465117914945e-16,0.0,0.0,0.0,0.0,0.0,22.200000762939453,71.4000015258789,22.200000762939453,0.0,54326.40625,1.0
1685054326354072300,0,0,8,-2,3000,3000,6.115465117914945e-16,0.0,0.0,0.0,0.0,0.0,22.200000762939453,71.4000015258789,22.200000762939453,0.0,54326.4140625,1.0
1685054326354115400,0,0,8,-2,3000,3000,6.115465117914945e-16,0.0,0.0,0.0,0.0,0.0,22.200000762939453,71.4000015258789,22.200000762939453,0.0,54326.42578125,1.0
1685054326354197600,0,0,8,-2,3000,3000,6.115465117914945e-16,0.0,0.0,0.0,0.0,0.0,22.200000762939453,71.4000015258789,22.200000762939453,0.0,54326.43359375,1.0
1685054326354208600,0,0,8,-2,3000,3000,6.115465117914945e-16,0.0,0.0,0.0,0.0,0.0,33.29999923706055,71.4000015258789,41.70000076293945,0.0,54326.4453125,1.0
1685054326539989900,0,0,8,-2,3000,3000,6.115465117914945e-16,0.0,0.0,0.0,0.0,0.0,33.29999923706055,71.4000015258789,41.70000076293945,0.0,54326.45703125,1.0
1685054326540111100,0,0,8,-2,3000,3000,6.115465117914945e-16,0.0,0.0,0.0,0.0,0.0,33.29999923706055,71.4000015258789,41.70000076293945,0.0,54326.46484375,1.0
1685054326540117200,0,0,8,-2,3000,3000,6.115465117914945e-16,0.0,0.0,0.0,0.0,0.0,33.29999923706055,71.4000015258789,41.70000076293945,0.0,54326.4765625,1.0
1685054326540188300,0,0,8,-2,3000,3000,6.115465117914945e-16,0.0,0.0,0.0,0.0,0.0,33.29999923706055,71.4000015258789,41.70000076293945,0.0,54326.484375,1.0
1685054326540242100,0,0,8,-2,3000,3000,6.115465117914945e-16,0.0,0.0,0.0,0.0,0.0,33.29999923706055,71.4000015258789,41.70000076293945,0.0,54326.49609375,1.0
1685054326540253000,0,0,8,-2,3000,3000,6.115465117914945e-16,0.0,0.0,0.0,0.0,0.0,33.29999923706055,71.4000015258789,41.70000076293945,0.0,54326.5078125,1.0
1685054326540323700,0,0,8,-2,3000,3000,6.115465117914945e-16,0.0,0.0,0.0,0.0,0.0,33.29999923706055,71.4000015258789,41.70000076293945,0.0,54326.515625,1.0
1685054326540331300,0,0,8,-2,3000,3000,6.115465117914945e-16,0.0,0.0,0.0,0.0,0.0,33.29999923706055,71.4000015258789,41.70000076293945,0.0,54326.5234375,1.0
1685054326540406700,0,0,8,-2,3000,3000,6.115465117914945e-16,0.0,0.0,0.0,0.0,0.0,33.29999923706055,71.4000015258789,41.70000076293945,0.0,54326.53515625,1.0
1685054326540412500,0,0,8,-2,3000,3000,6.115465117914945e-16,0.0,0.0,0.0,0.0,0.0,30.0,71.4000015258789,30.0,9.100000381469727,54326.546875,1.0
1685054326540484800,0,0,8,-2,3000,3000,6.115465117914945e-16,0.0,0.0,0.0,0.0,0.0,30.0,71.4000015258789,30.0,9.100000381469727,54326.5546875,1.0
1685054326540496100,0,0,8,-2,3000,3000,6.115465117914945e-16,0.0,0.0,0.0,0.0,0.0,30.0,71.4000015258789,30.0,9.100000381469727,54326.56640625,1.0
1685054326540560300,0,0,8,-2,3000,3000,6.115465117914945e-16,0.0,0.0,0.0,0.0,0.0,30.0,71.4000015258789,30.0,9.100000381469727,54326.57421875,1.0
1685054326540564900,0,0,8,-2,3000,3000,6.115465117914945e-16,0.0,0.0,0.0,0.0,0.0,30.0,71.4000015258789,30.0,9.100000381469727,54326.5859375,1.0
1685054326621384000,0,0,8,-2,3000,3000,6.115465117914945e-16,0.0,0.0,0.0,0.0,0.0,30.0,71.4000015258789,30.0,9.100000381469727,54326.59375,1.0
1685054326621400600,0,0,8,-2,3000,3000,6.115465117914945e-16,0.0,0.0,0.0,0.0,0.0,30.0,71.4000015258789,30.0,9.100000381469727,54326.60546875,1.0
1685054326621415800,0,0,8,-2,3000,3000,6.115465117914945e-16,0.0,0.0,0.0,0.0,0.0,30.0,71.4000015258789,30.0,9.100000381469727,54326.61328125,1.0
1685054326621448600,0,0,8,-2,3000,3000,6.115465117914945e-16,0.0,0.0,0.0,0.0,0.0,30.0,71.4000015258789,30.0,9.100000381469727,54326.625,1.0
1685054326621468900,0,0,8,-2,3000,3000,6.115465117914945e-16,0.0,0.0,0.0,0.0,0.0,30.0,71.4000015258789,30.0,9.100000381469727,54326.63671875,1.0
1685054326621508300,0,0,8,-2,3000,3000,6.115465117914945e-16,0.0,0.0,0.0,0.0,0.0,25.0,71.4000015258789,33.29999923706055,0.0,54326.64453125,1.0
1685054326621513300,0,0,8,-2,3000,3000,6.115465117914945e-16,0.0,0.0,0.0,0.0,0.0,25.0,71.4000015258789,33.29999923706055,0.0,54326.65625,1.0
1685054326621575600,0,0,8,-2,3000,3000,6.115465117914945e-16,0.0,0.0,0.0,0.0,0.0,25.0,71.4000015258789,33.29999923706055,0.0,54326.6640625,1.0
1685054326621609500,0,0,8,-2,3000,3000,6.115465117914945e-16,0.0,0.0,0.0,0.0,0.0,25.0,71.4000015258789,33.29999923706055,0.0,54326.67578125,1.0
1685054326621637900,0,0,8,-2,3000,3000,6.115465117914945e-16,0.0,0.0,0.0,0.0,0.0,25.0,71.4000015258789,33.29999923706055,0.0,54326.68359375,1.0
1685054326621643300,0,0,8,-2,3000,3000,6.115465117914945e-16,0.0,0.0,0.0,0.0,0.0,25.0,71.4000015258789,33.29999923706055,0.0,54326.6953125,1.0
1685054326621724400,0,0,8,-2,3000,3000,6.115465117914945e-16,0.0,0.0,0.0,0.0,0.0,25.0,71.4000015258789,33.29999923706055,0.0,54326.70703125,1.0
1685054326621740700,0,0,8,-2,3000,3000,6.115465117914945e-16,0.0,0.0,0.0,0.0,0.0,25.0,71.4000015258789,33.29999923706055,0.0,54326.71484375,1.0
1685054326719705800,0,0,8,-2,3000,3000,6.115465117914945e-16,0.0,0.0,0.0,0.0,0.0,25.0,71.4000015258789,33.29999923706055,0.0,54326.7265625,1.0
1685054326719722300,0,0,8,-2,3000,3000,6.115465117914945e-16,0.0,0.0,0.0,0.0,0.0,25.0,71.4000015258789,33.29999923706055,0.0,54326.734375,1.0
1685054326719727100,0,0,8,-2,3000,3000,6.115465117914945e-16,0.0,0.0,0.0,0.0,0.0,25.0,76.9000015258789,22.200000762939453,0.0,54326.74609375,1.0
1685054326719754000,0,0,8,-2,3000,3000,6.115465117914945e-16,0.0,0.0,0.0,0.0,0.0,25.0,76.9000015258789,22.200000762939453,0.0,54326.75390625,1.0
1685054326719765100,0,0,8,-2,3000,3000,6.115465117914945e-16,0.0,0.0,0.0,0.0,0.0,25.0,76.9000015258789,22.200000762939453,0.0,54326.765625,1.0
1685054326719776000,0,0,8,-2,3000,3000,6.115465117914945e-16,0.0,0.0,0.0,0.0,0.0,25.0,76.9000015258789,22.200000762939453,0.0,54326.7734375,1.0
1685054326719822300,0,0,8,-2,3000,3000,6.115465117914945e-16,0.0,0.0,0.0,0.0,0.0,25.0,76.9000015258789,22.200000762939453,0.0,54326.78515625,1.0
1685054326719847300,0,0,8,-2,3000,3000,6.115465117914945e-16,0.0,0.0,0.0,0.0,0.0,25.0,76.9000015258789,22.200000762939453,0.0,54326.796875,1.0
1685054326719850200,0,0,8,-2,3000,3000,6.115465117914945e-16,0.0,0.0,0.0,0.0,0.0,25.0,76.9000015258789,22.200000762939453,0.0,54326.8046875,1.0
1685054326765195600,0,0,8,-2,3000,3000,6.115465117914945e-16,0.0,0.0,0.0,0.0,0.0,25.0,76.9000015258789,22.200000762939453,0.0,54326.828125,1.0
1685054326765207200,0,0,8,-2,3000,3000,6.115465117914945e-16,0.0,0.0,0.0,0.0,0.0,25.0,76.9000015258789,22.200000762939453,0.0,54326.83203125,1.0
1685054326765298400,0,0,8,-2,3000,3000,6.115465117914945e-16,0.0,0.0,0.0,0.0,0.0,25.0,76.9000015258789,22.200000762939453,0.0,54326.8359375,1.0
1685054326765313600,0,0,8,-2,3000,3000,6.115465117914945e-16,0.0,0.0,0.0,0.0,0.0,0.0,76.9000015258789,50.0,9.100000381469727,54326.84375,1.0
1685054326765376800,0,0,8,-2,3000,3000,6.115465117914945e-16,0.0,0.0,0.0,0.0,0.0,0.0,76.9000015258789,50.0,9.100000381469727,54326.85546875,1.0
1685054326765384600,0,0,8,-2,3000,3000,6.115465117914945e-16,0.0,0.0,0.0,0.0,0.0,0.0,76.9000015258789,50.0,9.100000381469727,54326.8671875,1.0
1685054326811913700,0,0,8,-2,3000,3000,6.115465117914945e-16,0.0,0.0,0.0,0.0,0.0,0.0,76.9000015258789,50.0,9.100000381469727,54326.875,1.0
1685054326811928000,0,0,8,-2,3000,3000,6.115465117914945e-16,0.0,0.0,0.0,0.0,0.0,0.0,76.9000015258789,50.0,9.100000381469727,54326.88671875,1.0
1685054326811995900,0,0,8,-2,3000,3000,6.115465117914945e-16,0.0,0.0,0.0,0.0,0.0,0.0,76.9000015258789,50.0,9.100000381469727,54326.89453125,1.0
1685054326812002100,0,0,8,-2,3000,3000,6.115465117914945e-16,0.0,0.0,0.0,0.0,0.0,0.0,76.9000015258789,50.0,9.100000381469727,54326.90625,1.0
1685054326859033500,0,0,8,-2,3000,3000,6.115465117914945e-16,0.0,0.0,0.0,0.0,0.0,0.0,76.9000015258789,50.0,9.100000381469727,54326.9140625,1.0
1685054326859041800,0,0,8,-2,3000,3000,6.115465117914945e-16,0.0,0.0,0.0,0.0,0.0,0.0,76.9000015258789,50.0,9.100000381469727,54326.92578125,1.0
1685054326859058800,0,0,8,-2,3000,3000,6.115465117914945e-16,0.0,0.0,0.0,0.0,0.0,0.0,76.9000015258789,50.0,9.100000381469727,54326.93359375,1.0
1685054326859145300,0,0,8,-2,3000,3000,6.115465117914945e-16,0.0,0.0,0.0,0.0,0.0,14.300000190734863,83.30000305175781,90.0,0.0,54326.9453125,1.0
1685054326859181800,0,0,8,-2,3000,3000,6.115465117914945e-16,0.0,0.0,0.0,0.0,0.0,14.300000190734863,83.30000305175781,90.0,0.0,54326.95703125,1.0
1685054326905363600,0,0,8,-2,3000,3000,6.115465117914945e-16,0.0,0.0,0.0,0.0,0.0,14.300000190734863,83.30000305175781,90.0,0.0,54326.96484375,1.0
1685054326905382600,0,0,8,-2,3000,3000,6.115465117914945e-16,0.0,0.0,0.0,0.0,0.0,14.300000190734863,83.30000305175781,90.0,0.0,54326.9765625,1.0
1685054326905404300,0,0,8,-2,3000,3000,6.115465117914945e-16,0.0,0.0,0.0,0.0,0.0,14.300000190734863,83.30000305175781,90.0,0.0,54326.984375,1.0
1685054326905409900,0,0,8,-2,3000,3000,6.115465117914945e-16,0.0,0.0,0.0,0.0,0.0,14.300000190734863,83.30000305175781,90.0,0.0,54326.99609375,1.0
1685054326905449700,0,0,8,-2,3000,3000,6.115465117914945e-16,0.0,0.0,0.0,0.0,0.0,14.300000190734863,83.30000305175781,90.0,0.0,54327.00390625,1.0
1685054326953271000,0,0,8,-2,3000,3000,6.115465117914945e-16,0.0,0.0,0.0,0.0,0.0,14.300000190734863,83.30000305175781,90.0,0.0,54327.015625,1.0
1685054326953278000,0,0,8,-2,3000,3000,6.115465117914945e-16,0.0,0.0,0.0,0.0,0.0,14.300000190734863,83.30000305175781,90.0,0.0,54327.0234375,1.0
1685054326953357700,0,0,8,-2,3000,3000,6.115465117914945e-16,0.0,0.0,0.0,0.0,0.0,14.300000190734863,83.30000305175781,90.0,0.0,54327.03515625,1.0
1685054326953363100,0,0,8,-2,3000,3000,6.115465117914945e-16,0.0,0.0,0.0,0.0,0.0,25.0,71.4000015258789,12.5,0.0,54327.046875,1.0
1685054327029617500,0,0,8,-2,3000,3000,6.115465117914945e-16,0.0,0.0,0.0,0.0,0.0,25.0,71.4000015258789,12.5,0.0,54327.0546875,1.0
1685054327029622900,0,0,8,-2,3000,3000,6.115465117914945e-16,0.0,0.0,0.0,0.0,0.0,25.0,71.4000015258789,12.5,0.0,54327.06640625,1.0
1685054327029688500,0,0,8,-2,3000,3000,6.115465117914945e-16,0.0,0.0,0.0,0.0,0.0,25.0,71.4000015258789,12.5,0.0,54327.07421875,1.0
1685054327029701200,0,0,8,-2,3000,3000,6.115465117914945e-16,0.0,0.0,0.0,0.0,0.0,25.0,71.4000015258789,12.5,0.0,54327.0859375,1.0
1685054327029711700,0,0,8,-2,3000,3000,6.115465117914945e-16,0.0,0.0,0.0,0.0,0.0,25.0,71.4000015258789,12.5,0.0,54327.09375,1.0
1685054327078486100,0,0,8,-2,3000,3000,6.115465117914945e-16,0.0,0.0,0.0,0.0,0.0,25.0,71.4000015258789,12.5,0.0,54327.10546875,1.0
1685054327078500300,0,0,8,-2,3000,3000,6.115465117914945e-16,0.0,0.0,0.0,0.0,0.0,25.0,71.4000015258789,12.5,0.0,54327.1171875,1.0
1685054327078504000,0,0,8,-2,3000,3000,6.115465117914945e-16,0.0,0.0,0.0,0.0,0.0,25.0,71.4000015258789,12.5,0.0,54327.125,1.0
1685054327078512300,0,0,8,-2,3000,3000,6.115465117914945e-16,0.0,0.0,0.0,0.0,0.0,25.0,71.4000015258789,12.5,0.0,54327.13671875,1.0
1685054327078523600,0,0,8,-2,3000,3000,6.115465117914945e-16,0.0,0.0,0.0,0.0,0.0,25.0,71.4000015258789,12.5,0.0,54327.14453125,1.0
1685054327078529800,0,0,8,-2,3000,3000,6.115465117914945e-16,0.0,0.0,0.0,0.0,0.0,22.200000762939453,71.4000015258789,30.0,9.100000381469727,54327.15625,1.0
1685054327078539500,0,0,8,-2,3000,3000,6.115465117914945e-16,0.0,0.0,0.0,0.0,0.0,22.200000762939453,71.4000015258789,30.0,9.100000381469727,54327.17578125,1.0
1685054327078544800,0,0,8,-2,3000,3000,6.115465117914945e-16,0.0,0.0,0.0,0.0,0.0,22.200000762939453,71.4000015258789,30.0,9.100000381469727,54327.17578125,1.0
1685054327125851700,0,0,8,-2,3000,3000,6.115465117914945e-16,0.0,0.0,0.0,0.0,0.0,22.200000762939453,71.4000015258789,30.0,9.100000381469727,54327.18359375,1.0
1685054327125969800,0,0,8,-2,3000,3000,6.115465117914945e-16,0.0,0.0,0.0,0.0,0.0,22.200000762939453,71.4000015258789,30.0,9.100000381469727,54327.1953125,1.0
1685054327126032200,0,0,8,-2,3000,3000,6.115465117914945e-16,0.0,0.0,0.0,0.0,0.0,22.200000762939453,71.4000015258789,30.0,9.100000381469727,54327.20703125,1.0
1685054327126037900,0,0,8,-2,3000,3000,6.115465117914945e-16,0.0,0.0,0.0,0.0,0.0,22.200000762939453,71.4000015258789,30.0,9.100000381469727,54327.21484375,1.0
1685054327126174700,0,0,8,-2,3000,3000,6.115465117914945e-16,0.0,0.0,0.0,0.0,0.0,22.200000762939453,71.4000015258789,30.0,9.100000381469727,54327.2265625,1.0
1685054327180342200,0,0,8,-2,3000,3000,6.115465117914945e-16,0.0,0.0,0.0,0.0,0.0,22.200000762939453,71.4000015258789,30.0,9.100000381469727,54327.234375,1.0
1685054327180355700,0,0,8,-2,3000,3000,6.115465117914945e-16,0.0,0.0,0.0,0.0,0.0,22.200000762939453,71.4000015258789,30.0,9.100000381469727,54327.24609375,1.0
1685054327180420500,0,0,8,-2,3000,3000,6.115465117914945e-16,0.0,0.0,0.0,0.0,0.0,25.0,83.30000305175781,63.599998474121094,0.0,54327.25390625,1.0
1685054327180426200,0,0,8,-2,3000,3000,6.115465117914945e-16,0.0,0.0,0.0,0.0,0.0,25.0,83.30000305175781,63.599998474121094,0.0,54327.265625,1.0
1685054327180478900,0,0,8,-2,3000,3000,6.115465117914945e-16,0.0,0.0,0.0,0.0,0.0,25.0,83.30000305175781,63.599998474121094,0.0,54327.27734375,1.0
1685054327229847800,0,0,8,-2,3000,3000,6.115465117914945e-16,0.0,0.0,0.0,0.0,0.0,25.0,83.30000305175781,63.599998474121094,0.0,54327.28515625,1.0
1685054327229853900,0,0,8,-2,3000,3000,6.115465117914945e-16,0.0,0.0,0.0,0.0,0.0,25.0,83.30000305175781,63.599998474121094,0.0,54327.296875,1.0
1685054327229906400,0,0,8,-2,3000,3000,6.115465117914945e-16,0.0,0.0,0.0,0.0,0.0,25.0,83.30000305175781,63.599998474121094,0.0,54327.3046875,1.0
1685054327229914000,0,0,8,-2,3000,3000,6.115465117914945e-16,0.0,0.0,0.0,0.0,0.0,25.0,83.30000305175781,63.599998474121094,0.0,54327.31640625,1.0
1685054327229917500,0,0,8,-2,3000,3000,6.115465117914945e-16,0.0,0.0,0.0,0.0,0.0,25.0,83.30000305175781,63.599998474121094,0.0,54327.32421875,1.0
1685054327284391500,0,0,8,-2,3000,3000,6.115465117914945e-16,0.0,0.0,0.0,0.0,0.0,25.0,83.30000305175781,63.599998474121094,0.0,54327.3359375,1.0
1685054327284405900,0,0,8,-2,3000,3000,6.115465117914945e-16,0.0,0.0,0.0,0.0,0.0,25.0,83.30000305175781,63.599998474121094,0.0,54327.34765625,1.0
1685054327284410300,0,0,8,-2,3000,3000,6.115465117914945e-16,0.0,0.0,0.0,0.0,0.0,12.5,76.9000015258789,33.29999923706055,18.200000762939453,54327.35546875,1.0
1685054327284418100,0,0,8,-2,3000,3000,6.115465117914945e-16,0.0,0.0,0.0,0.0,0.0,12.5,76.9000015258789,33.29999923706055,18.200000762939453,54327.3671875,1.0
1685054327284421700,0,0,8,-2,3000,3000,6.115465117914945e-16,0.0,0.0,0.0,0.0,0.0,12.5,76.9000015258789,33.29999923706055,18.200000762939453,54327.375,1.0
1685054327333119000,0,0,8,-2,3000,3000,6.115465117914945e-16,0.0,0.0,0.0,0.0,0.0,12.5,76.9000015258789,33.29999923706055,18.200000762939453,54327.38671875,1.0
1685054327333131200,0,0,8,-2,3000,3000,6.115465117914945e-16,0.0,0.0,0.0,0.0,0.0,12.5,76.9000015258789,33.29999923706055,18.200000762939453,54327.39453125,1.0
1685054327333186600,0,0,8,-2,3000,3000,6.115465117914945e-16,0.0,0.0,0.0,0.0,0.0,12.5,76.9000015258789,33.29999923706055,18.200000762939453,54327.40625,1.0
1685054327333192900,0,0,8,-2,3000,3000,6.115465117914945e-16,0.0,0.0,0.0,0.0,0.0,12.5,76.9000015258789,33.29999923706055,18.200000762939453,54327.4140625,1.0
1685054327333247600,0,0,8,-2,3000,3000,6.115465117914945e-16,0.0,0.0,0.0,0.0,0.0,12.5,76.9000015258789,33.29999923706055,18.200000762939453,54327.42578125,1.0
1685054327395041000,0,0,8,-2,3000,3000,6.115465117914945e-16,0.0,0.0,0.0,0.0,0.0,12.5,76.9000015258789,33.29999923706055,18.200000762939453,54327.43359375,1.0
1685054327395053200,0,0,8,-2,3000,3000,6.115465117914945e-16,0.0,0.0,0.0,0.0,0.0,12.5,76.9000015258789,33.29999923706055,18.200000762939453,54327.4453125,1.0
1685054327395056900,0,0,8,-2,3000,3000,6.115465117914945e-16,0.0,0.0,0.0,0.0,0.0,25.0,66.69999694824219,30.0,0.0,54327.45703125,1.0
1685054327395067200,0,0,8,-2,3000,3000,6.115465117914945e-16,0.0,0.0,0.0,0.0,0.0,25.0,66.69999694824219,30.0,0.0,54327.46484375,1.0
1685054327395079800,0,0,8,-2,3000,3000,6.115465117914945e-16,0.0,0.0,0.0,0.0,0.0,25.0,66.69999694824219,30.0,0.0,54327.4765625,1.0
1685054327395085500,0,0,8,-2,3000,3000,6.115465117914945e-16,0.0,0.0,0.0,0.0,0.0,25.0,66.69999694824219,30.0,0.0,54327.484375,1.0
1685054327442998700,0,0,8,-2,3000,3000,6.115465117914945e-16,0.0,0.0,0.0,0.0,0.0,25.0,66.69999694824219,30.0,0.0,54327.49609375,1.0
1685054327443010500,0,0,8,-2,3000,3000,6.115465117914945e-16,0.0,0.0,0.0,0.0,0.0,25.0,66.69999694824219,30.0,0.0,54327.50390625,1.0
1685054327443094200,0,0,8,-2,3000,3000,6.115465117914945e-16,0.0,0.0,0.0,0.0,0.0,25.0,66.69999694824219,30.0,0.0,54327.515625,1.0
1685054327443107200,0,0,8,-2,3000,3000,6.115465117914945e-16,0.0,0.0,0.0,0.0,0.0,25.0,66.69999694824219,30.0,0.0,54327.5234375,1.0
1685054327443168600,0,0,8,-2,3000,3000,6.115465117914945e-16,0.0,0.0,0.0,0.0,0.0,25.0,66.69999694824219,30.0,0.0,54327.53515625,1.0
1685054327493171700,0,0,8,-2,3000,3000,6.115465117914945e-16,0.0,0.0,0.0,0.0,0.0,25.0,66.69999694824219,30.0,0.0,54327.546875,1.0
1685054327493201500,0,0,8,-2,3000,3000,6.115465117914945e-16,0.0,0.0,0.0,0.0,0.0,30.0,71.4000015258789,45.5,9.100000381469727,54327.5546875,1.0
1685054327493211000,0,0,8,-2,3000,3000,6.115465117914945e-16,0.0,0.0,0.0,0.0,0.0,30.0,71.4000015258789,45.5,9.100000381469727,54327.56640625,1.0
1685054327493279900,0,0,8,-2,3000,3000,6.115465117914945e-16,0.0,0.0,0.0,0.0,0.0,30.0,71.4000015258789,45.5,9.100000381469727,54327.57421875,1.0
1685054327493350500,0,0,8,-2,3000,3000,6.115465117914945e-16,0.0,0.0,0.0,0.0,0.0,30.0,71.4000015258789,45.5,9.100000381469727,54327.5859375,1.0
1685054327551546700,0,0,8,-2,3000,3000,6.115465117914945e-16,0.0,0.0,0.0,0.0,0.0,30.0,71.4000015258789,45.5,9.100000381469727,54327.59375,1.0
1685054327551641400,0,0,8,-2,3000,3000,6.115465117914945e-16,0.0,0.0,0.0,0.0,0.0,30.0,71.4000015258789,45.5,9.100000381469727,54327.60546875,1.0
1685054327551646300,0,0,8,-2,3000,3000,6.115465117914945e-16,0.0,0.0,0.0,0.0,0.0,30.0,71.4000015258789,45.5,9.100000381469727,54327.6171875,1.0
1685054327551769500,0,0,8,-2,3000,3000,6.115465117914945e-16,0.0,0.0,0.0,0.0,0.0,30.0,71.4000015258789,45.5,9.100000381469727,54327.625,1.0
1685054327551780600,0,0,8,-2,3000,3000,6.115465117914945e-16,0.0,0.0,0.0,0.0,0.0,30.0,71.4000015258789,45.5,9.100000381469727,54327.63671875,1.0
1685054327607879300,0,0,8,-2,3000,3000,6.115465117914945e-16,0.0,0.0,0.0,0.0,0.0,30.0,71.4000015258789,45.5,9.100000381469727,54327.64453125,1.0
1685054327607885600,0,0,8,-2,3000,3000,6.115465117914945e-16,0.0,0.0,0.0,0.0,0.0,33.29999923706055,71.4000015258789,46.20000076293945,0.0,54327.65625,1.0
1685054327607937900,0,0,8,-2,3000,3000,6.115465117914945e-16,0.0,0.0,0.0,0.0,0.0,33.29999923706055,71.4000015258789,46.20000076293945,0.0,54327.6640625,1.0
1685054327607976000,0,0,8,-2,3000,3000,6.115465117914945e-16,0.0,0.0,0.0,0.0,0.0,33.29999923706055,71.4000015258789,46.20000076293945,0.0,54327.67578125,1.0
1685054327608053600,0,0,8,-2,3000,3000,6.115465117914945e-16,0.0,0.0,0.0,0.0,0.0,33.29999923706055,71.4000015258789,46.20000076293945,0.0,54327.68359375,1.0
1685054327608067200,0,0,8,-2,3000,3000,6.115465117914945e-16,0.0,0.0,0.0,0.0,0.0,33.29999923706055,71.4000015258789,46.20000076293945,0.0,54327.6953125,1.0
1685054327671596500,0,0,8,-2,3000,3000,6.115465117914945e-16,0.0,0.0,0.0,0.0,0.0,33.29999923706055,71.4000015258789,46.20000076293945,0.0,54327.70703125,1.0
1685054327671680800,0,0,8,-2,3000,3000,6.115465117914945e-16,0.0,0.0,0.0,0.0,0.0,33.29999923706055,71.4000015258789,46.20000076293945,0.0,54327.71484375,1.0
1685054327671687100,0,0,8,-2,3000,3000,6.115465117914945e-16,0.0,0.0,0.0,0.0,0.0,33.29999923706055,71.4000015258789,46.20000076293945,0.0,54327.7265625,1.0
1685054327671748400,0,0,8,-2,3000,3000,6.115465117914945e-16,0.0,0.0,0.0,0.0,0.0,33.29999923706055,71.4000015258789,46.20000076293945,0.0,54327.734375,1.0
1685054327671838000,0,0,8,-2,3000,3000,6.115465117914945e-16,0.0,0.0,0.0,0.0,0.0,33.29999923706055,71.4000015258789,46.20000076293945,0.0,54327.74609375,1.0
1685054327671844200,0,0,8,-2,3000,3000,6.115465117914945e-16,0.0,0.0,0.0,0.0,0.0,12.5,71.4000015258789,25.0,9.100000381469727,54327.75390625,1.0
1685054327671893200,0,0,8,-2,3000,3000,6.115465117914945e-16,0.0,0.0,0.0,0.0,0.0,12.5,71.4000015258789,25.0,9.100000381469727,54327.765625,1.0
