%time,field.accel_x,field.accel_y,field.accel_z,field.gyro_x,field.gyro_y,field.gyro_z,field.state,field.swing_time,
1.67608E+18,-1.085693359,-0.036132813,-0.069580078,4.839694656,0.687022901,3.488549618,0,0,0
1.67608E+18,-1.010742188,-0.063964844,0.017089844,4.564885496,0.152671756,2.122137405,0,0,0.030208
1.67608E+18,-0.923339844,0.019287109,-0.065429688,4.748091603,-0.030534351,1.06870229,0,0,0.030208
1.67608E+18,-0.793945313,0.02734375,-0.033203125,4.961832061,-0.267175573,0.160305344,0,0,0.040192
1.67608E+18,-0.71484375,0.010009766,-0.130371094,5.641221374,-0.259541985,-0.755725191,0,0,0.06016
1.67608E+18,-0.666503906,0.122558594,-0.165039063,6.946564885,0.076335878,-0.038167939,0,0,0.090112
1.67608E+18,-0.761230469,0.062988281,-0.103271484,8.045801527,0.13740458,-3.633587786,0,0,56.940032
1.67608E+18,-0.759277344,-0.043212891,-0.150390625,8.290076336,-0.038167939,-5.374045802,0,0,56.96
1.67608E+18,-0.708496094,-0.009033203,-0.210693359,9.389312977,-0.160305344,-6.755725191,0,0,56.97024
1.67608E+18,-0.645263672,-0.025634766,-0.209228516,9.961832061,-0.358778626,-7.809160305,0,0,57.02016
1.67608E+18,-0.559814453,-0.042480469,-0.146728516,10.52671756,-1.114503817,-8.877862595,0,0,57.030144
1.67608E+18,-0.572753906,-0.141601563,-0.120117188,10.38931298,-1.763358779,-10.20610687,0,0,115.290112
1.67608E+18,-0.625732422,-0.277832031,-0.114257813,9.809160305,-2.20610687,-11.58015267,0,0,115.330048
1.67608E+18,-0.641357422,-0.311767578,-0.101074219,8.93129771,-2.770992366,-12.59541985,0,0,115.340032
1.67608E+18,-0.676757813,-0.310546875,-0.163330078,8.282442748,-3.213740458,-13.40458015,0,0,115.350016
1.67608E+18,-0.694580078,-0.294921875,-0.161376953,7.549618321,-3.664122137,-14.27480916,0,0,115.369984
1.67608E+18,-0.707763672,-0.32421875,-0.215820313,6.809160305,-4.083969466,-15.15267176,0,0,115.390208
1.67608E+18,-0.698730469,-0.387939453,-0.249755859,5.86259542,-4.633587786,-15.86259542,0,0,167.730176
1.67608E+18,-0.690185547,-0.405273438,-0.262939453,4.984732824,-5.198473282,-16.3129771,0,0,167.760128
1.67608E+18,-0.6796875,-0.452392578,-0.236816406,3.732824427,-6.030534351,-16.64122137,0,0,167.780096
1.67608E+18,-0.701416016,-0.472412109,-0.245117188,2.847328244,-6.465648855,-16.80916031,0,0,167.810048
1.67608E+18,-0.763916016,-0.499755859,-0.236083984,0.72519084,-7.27480916,-16.99236641,0,0,167.830016
1.67608E+18,-0.780273438,-0.491455078,-0.244140625,0.061068702,-7.435114504,-16.98473282,0,0,217.030144
1.67608E+18,-0.803466797,-0.5078125,-0.233398438,-0.702290076,-7.557251908,-16.97709924,0,0,217.060096
1.67608E+18,-0.860595703,-0.527099609,-0.227050781,-1.79389313,-7.58778626,-16.83206107,0,0,217.07008
1.67608E+18,-0.902832031,-0.523681641,-0.223144531,-2.763358779,-7.473282443,-16.6259542,0,0,217.080064
1.67608E+18,-0.959228516,-0.522460938,-0.223144531,-3.610687023,-7.175572519,-16.32061069,0,0,217.100032
1.67608E+18,-1.001220703,-0.524902344,-0.192138672,-4.450381679,-6.770992366,-15.9389313,0,0,276.969984
1.67608E+18,-1.046386719,-0.517822266,-0.186767578,-5.114503817,-6.213740458,-15.41221374,0,0,276.980224
1.67608E+18,-1.064453125,-0.508056641,-0.186523438,-5.65648855,-5.572519084,-14.79389313,0,0,276.990208
1.67608E+18,-1.074707031,-0.492919922,-0.165283203,-6.091603053,-4.900763359,-14.12977099,0,0,277.000192
1.67608E+18,-1.085449219,-0.469238281,-0.166992188,-6.312977099,-4.20610687,-13.4351145,0,0,277.010176
1.67608E+18,-1.103271484,-0.429931641,-0.172851563,-6.366412214,-3.519083969,-12.69465649,0,0,277.030144
1.67608E+18,-1.095703125,-0.407958984,-0.161621094,-6.190839695,-2.809160305,-11.83969466,0,0,321.680128
1.67608E+18,-1.079589844,-0.373779297,-0.155517578,-5.824427481,-2.20610687,-10.97709924,0,0,321.690112
1.67608E+18,-1.055175781,-0.311279297,-0.164306641,-5.183206107,-1.633587786,-10,0,0,321.700096
1.67608E+18,-1.044921875,-0.270751953,-0.171386719,-4.358778626,-1.190839695,-8.984732824,0,0,321.71008
1.67608E+18,-1.030029297,-0.248046875,-0.152587891,-3.473282443,-0.854961832,-7.93129771,0,0,321.750016
1.67608E+18,-1.022949219,-0.245361328,-0.137695313,-2.625954198,-0.580152672,-6.72519084,0,0,368.420096
1.67608E+18,-1.011230469,-0.23828125,-0.110595703,-1.816793893,-0.358778626,-5.358778626,0,0,368.440064
1.67608E+18,-1.007080078,-0.215576172,-0.095947266,-1.030534351,-0.259541985,-5.809160305,0,0,368.460032
1.67608E+18,-1.015380859,-0.188964844,-0.073486328,-0.366412214,-0.259541985,-2.290076336,0,0,368.470016
1.67608E+18,-1.007324219,-0.150390625,-0.031494141,0.229007634,-0.351145038,-0.641221374,0,0,416.38016
1.67608E+18,-1.006347656,-0.109375,0.019042969,0.717557252,-0.633587786,1.496183206,0,0,416.400128
1.67608E+18,-0.995605469,-0.031494141,0.05859375,0.954198473,-0.977099237,2.648854962,0,0,416.410112
1.67608E+18,-0.985107422,0.029785156,0.087890625,1.465648855,-1.503816794,4.488549618,0,0,416.420096
1.67608E+18,-0.974121094,0.044433594,0.117431641,1.732824427,-2.778625954,5.41221374,0,0,416.440064
1.67608E+18,-1.455566406,-0.686523438,0.059814453,0.488549618,-0.839694656,5.786259542,0,0,463.550208
1.67608E+18,-1.403808594,0.031738281,0.164306641,0.305343511,-1.145038168,6.679389313,0,0,463.570176
1.67608E+18,-1.017089844,-0.540527344,0.002441406,-1.86259542,-0.786259542,9.435114504,0,0,463.600128
1.67608E+18,-1.382568359,-0.443847656,0.061523438,-1.381679389,1.65648855,11.48854962,0,0,463.600128
1.67608E+18,-1.262207031,-0.098388672,-0.44140625,-1.557251908,1.702290076,12.96946565,0,0,463.640064
1.67608E+18,-1.103759766,0.265625,-0.240966797,-0.312977099,2.183206107,11.24427481,0,0,508.300032
1.67608E+18,-1.074707031,-0.561279297,-0.386230469,-1.801526718,1.511450382,11.16793893,0,0,508.440064
1.67608E+18,-1.097900391,-0.572021484,-0.250244141,-2.175572519,0.893129771,10.96183206,0,0,508.460032
1.67608E+18,-0.6875,-0.734863281,-0.020996094,-3.328244275,-0.671755725,11.45038168,0,0,508.460032
1.67608E+18,-0.974121094,-0.389404297,0.011474609,-3.625954198,-1.503816794,11.44274809,0,0,554.24
1.67608E+18,-0.771728516,-0.093261719,0.078857422,-2.839694656,-1.954198473,11.19083969,0,0,554.270208
1.67608E+18,-1.200683594,0.705566406,0.037841797,0.839694656,-1.015267176,10.64885496,0,0,554.270208
1.67608E+18,-1.225341797,0.875976563,0.007324219,4.580152672,0.244274809,9.312977099,0,0,554.280192
1.67608E+18,-1.012939453,0.512207031,-0.022460938,6.564885496,0.885496183,8.473282443,0,0,554.330112
1.67608E+18,-0.88671875,-0.076904297,-0.311279297,5.748091603,0.916030534,8.13740458,0,0,632.820224
1.67608E+18,-0.879882813,-0.411132813,-0.126464844,2.610687023,0.091603053,8.13740458,0,0,632.840192
1.67608E+18,-0.912841797,-0.310058594,-0.129882813,-1.198473282,-0.954198473,7.946564885,0,0,632.840192
1.67608E+18,-0.999267578,0.057373047,-0.065429688,-2.450381679,-1.419847328,7.824427481,0,0,632.850176
1.67608E+18,-1.067382813,0.14453125,0.021240234,-2.65648855,-1.030534351,6.824427481,0,0,632.850176
1.67608E+18,-0.968017578,0.275878906,0.052978516,-3.893129771,-1.106870229,5.511450382,0,0,632.86016
1.67608E+18,-1.001953125,-0.075439453,-0.005126953,-0.847328244,0.053435115,4.282442748,0,0,632.870144
1.67608E+18,-1.026855469,-0.06640625,0.060546875,-0.114503817,0.480916031,4.267175573,0,0,632.870144
1.67608E+18,-1.014160156,-0.198730469,0.033935547,0.053435115,0.641221374,4.618320611,0,0,681.780224
1.67608E+18,-0.984375,-0.302734375,0.017822266,-0.183206107,0.381679389,4.984732824,0,0,681.810176
1.67608E+18,-0.774414063,-0.333740234,0.107910156,-1.190839695,-0.603053435,4.961832061,0,0,681.82016
1.67608E+18,-0.993896484,-0.095458984,0.055175781,-0.893129771,-0.732824427,4.908396947,0,0,681.840128
1.67608E+18,-0.956054688,-0.149902344,0.190673828,-0.526717557,-0.633587786,5.076335878,0,0,681.850112
1.67608E+18,-0.977783203,-0.045166016,0.080810547,-1.86259542,-0.305343511,5.015267176,0,0,743.15008
1.67608E+18,-0.937744141,-0.154052734,0.051757813,0.557251908,-0.007633588,4.610687023,0,0,743.160064
1.67608E+18,-0.944091797,-0.188964844,0.043212891,0.633587786,0.267175573,4.534351145,0,0,743.170048
1.67608E+18,-0.964355469,-0.123046875,-0.010009766,0.961832061,0.526717557,4.687022901,0,0,743.170048
1.67608E+18,-0.938232422,-0.138427734,0.015380859,1,0.671755725,4.86259542,0,0,743.180032
1.67608E+18,-0.939697266,-0.190185547,-0.001708984,0.893129771,0.832061069,4.992366412,0,0,743.2
1.67608E+18,-0.938232422,-0.187011719,0.004394531,0.717557252,0.923664122,5.13740458,0,0,802.30016
1.67608E+18,-0.946044922,-0.103759766,-0.007080078,0.86259542,1.045801527,5.221374046,0,0,802.320128
1.67608E+18,-0.945800781,-0.105224609,-0.013427734,1.045801527,1.290076336,5.320610687,0,0,802.330112
1.67608E+18,-0.950195313,-0.122558594,-0.033691406,1.160305344,1.503816794,5.503816794,0,0,802.340096
1.67608E+18,-0.946533203,-0.093261719,-0.066650391,1.20610687,1.641221374,5.465648855,0,0,802.35008
1.67608E+18,-0.9375,-0.060302734,-0.082519531,1.27480916,1.687022901,5.511450382,0,0,802.370048
1.67608E+18,-0.94921875,-0.055175781,-0.073486328,1.244274809,1.740458015,5.564885496,0,0,850.57024
1.67608E+18,-0.95703125,-0.038574219,-0.086669922,1.167938931,1.79389313,5.709923664,0,0,850.590208
1.67608E+18,-0.952880859,-0.051757813,-0.079345703,1.022900763,1.832061069,5.79389313,0,0,850.600192
1.67608E+18,-0.952636719,-0.048339844,-0.084716797,0.877862595,1.870229008,5.870229008,0,0,850.610176
1.67608E+18,-0.951904297,-0.039306641,-0.096191406,0.79389313,1.93129771,5.900763359,0,0,850.650112
1.67608E+18,-0.95703125,-0.045166016,-0.071533203,0.778625954,2.030534351,5.992366412,0,0,896.470016
1.67608E+18,-0.95703125,-0.076416016,-0.059570313,0.65648855,2.167938931,6.167938931,0,0,896.48
1.67608E+18,-0.952392578,-0.088867188,-0.052978516,0.526717557,2.244274809,6.41221374,0,0,896.530176
1.67608E+18,-0.973632813,-0.112060547,-0.043457031,0.27480916,2.320610687,6.755725191,0,0,896.550144
1.67608E+18,-0.977539063,-0.131347656,-0.035888672,0.030534351,2.358778626,7.129770992,0,0,947.10016
1.67608E+18,-0.989746094,-0.149169922,-0.050537109,-0.061068702,2.374045802,7.541984733,0,0,947.120128
1.67608E+18,-0.999511719,-0.1875,-0.043212891,0.015267176,2.41221374,7.992366412,0,0,947.140096
1.67608E+18,-1.016113281,-0.222412109,-0.028564453,0.297709924,2.541984733,8.610687023,0,0,947.15008
1.67608E+18,-1.026611328,-0.26171875,-0.040527344,0.595419847,2.664122137,9.328244275,0,0,947.2
1.67608E+18,-1.051757813,-0.316162109,-0.047851563,0.900763359,2.72519084,10.16793893,0,0,1005.880064
1.67608E+18,-1.063232422,-0.362548828,-0.054199219,1.244274809,2.770992366,11.02290076,0,0,1005.910016
1.67608E+18,-1.115478516,-0.326416016,-0.098632813,1.870229008,2.748091603,11.93129771,0,0,1005.950208
1.67608E+18,-1.182617188,-0.158691406,0.033691406,3.603053435,2.473282443,12.64122137,0,0,1005.960192
1.67608E+18,-1.596679688,-0.620361328,0.191650391,4.618320611,3.351145038,13.41984733,0,0,1006.020096
1.67608E+18,-1.425048828,-0.971679688,0.059570313,3.244274809,4.06870229,14.85496183,0,0,1006.040064
1.67608E+18,-1.462402344,-0.847167969,-0.113769531,2.893129771,4.20610687,16.64885496,0,0,1055.400192
1.67608E+18,-1.471679688,-1.025146484,-0.084472656,2.167938931,4.167938931,19.05343511,0,0,1055.410176
1.67608E+18,-1.571044922,-1.084472656,-0.104003906,1.442748092,4.328244275,20.77099237,0,0,1055.440128
1.67608E+18,-1.548095703,-0.989746094,-0.143310547,1.030534351,4.641221374,22.15267176,0,0,1055.450112
1.67608E+18,-1.486816406,-1.034667969,-0.172607422,1.061068702,5,23.40458015,0,0,1055.47008
1.67608E+18,-1.413574219,-0.775146484,-0.10546875,1.717557252,4.885496183,24.33587786,0,0,1120.260096
1.67608E+18,-1.596435547,-0.348632813,-0.012939453,3.076335878,4.717557252,25.20610687,0,0,1120.27008
1.67608E+18,-1.611572266,-0.245361328,0.031982422,4.442748092,4.244274809,25.54961832,0,0,1120.290048
1.67608E+18,-1.623291016,-0.177001953,0.054443359,5.328244275,3.916030534,25.47328244,0,0,1120.300032
1.67608E+18,-1.608642578,-0.248535156,0.045898438,5.480916031,3.770992366,25.01526718,0,0,1120.310016
1.67608E+18,-1.448486328,-0.143554688,0.009765625,5.72519084,3.832061069,24.11450382,0,0,1120.310016
1.67608E+18,-1.348144531,0.135009766,-0.052246094,6.770992366,3.923664122,23.44274809,0,0,1120.350208
1.67608E+18,-1.2890625,0.422363281,0.041015625,8.198473282,3.236641221,22.64885496,0,0,1174.200064
1.67608E+18,-1.24609375,1.003662109,-0.001953125,9.618320611,3.541984733,17.38931298,0,0,1174.220032
1.67608E+18,-1.302490234,-0.152099609,0.304931641,2.335877863,4.641221374,12.24427481,0,0,1174.230016
1.67608E+18,-0.766113281,1.999938965,-1.290527344,7.954198473,5.061068702,17.38931298,0,0,1174.24
1.67608E+18,-1.522705078,0.587646484,0.722900391,7.541984733,3.396946565,6.870229008,0,0,1174.330112
1.67608E+18,-1.055664063,-0.595458984,0.223632813,-2.687022901,4.702290076,1.175572519,0,0,1220.400128
1.67608E+18,-0.471923828,-0.179199219,-0.218261719,-1.946564885,4.984732824,2.129770992,0,0,1220.420096
1.67608E+18,-0.319580078,-0.473632813,0.073486328,-2.213740458,2.893129771,0.488549618,0,0,1220.440064
1.67608E+18,-0.184570313,-0.322021484,-0.143310547,-7.145038168,1.832061069,-1,0,0,1220.470016
1.67608E+18,-0.253417969,0.393066406,-0.424804688,-5.65648855,1.526717557,-2.648854962,0,0,1220.500224
1.67608E+18,-0.277832031,0.192626953,-0.052734375,-6.381679389,0.297709924,-5.870229008,0,0,1290.03008
1.67608E+18,-0.348632813,0.372070313,-0.182373047,-7.259541985,-0.160305344,-8.312977099,0,0,1290.040064
1.67608E+18,-0.374267578,0.360107422,-0.178222656,-6.961832061,-0.419847328,-11.38931298,0,0,1290.08
1.67608E+18,-0.376464844,0.211181641,-0.148193359,-7.526717557,-0.702290076,-13.61068702,0,0,1290.120192
1.67608E+18,-0.338867188,0.213134766,-0.102783203,-7.969465649,-1.236641221,-15.51908397,0,0,1290.130176
1.67608E+18,-0.328369141,0.284179688,-0.104003906,-8.221374046,-1.839694656,-17.94656489,0,0,1290.130176
1.67608E+18,-0.345214844,0.297363281,-0.108886719,-8.679389313,-2.251908397,-20.28244275,0,0,1290.160128
1.67608E+18,-0.374267578,0.382568359,-0.091552734,-8.671755725,-2.572519084,-22.34351145,0,0,1347.620096
1.67608E+18,-0.420166016,0.409179688,-0.113769531,-8.282442748,-2.786259542,-24.27480916,0,0,1347.640064
1.67608E+18,-0.397705078,0.329101563,-0.102539063,-7.938931298,-3.076335878,-26.00763359,0,0,1347.650048
1.67608E+18,-0.400390625,0.317871094,-0.151611328,-7.519083969,-3.282442748,-25.53435115,0,0,1347.700224
1.67608E+18,-0.380371094,0.267578125,-0.151123047,-7.015267176,-3.694656489,-28.67175573,0,0,1347.700224
1.67608E+18,-0.379150391,0.250732422,-0.172607422,-6.610687023,-4.221374046,-29.64885496,0,0,1394.600192
1.67608E+18,-0.407714844,0.280273438,-0.174804688,-6.129770992,-4.832061069,-30.58778626,0,0,1394.630144
1.67608E+18,-0.437744141,0.304199219,-0.166503906,-5.488549618,-5.458015267,-31.6259542,0,0,1394.660096
1.67608E+18,-0.493164063,0.286865234,-0.176025391,-5.335877863,-6.030534351,-32.13740458,0,0,1394.680064
1.67608E+18,-0.544677734,0.239013672,-0.187255859,-4.961832061,-6.687022901,-32.58015267,0,0,1394.700032
1.67608E+18,-0.633056641,0.216552734,-0.236083984,-4.496183206,-7.374045802,-32.78625954,0,0,1440.300032
1.67608E+18,-0.692871094,0.209960938,-0.261474609,-3.900763359,-8.13740458,-32.8778626,0,0,1440.310016
1.67608E+18,-0.741943359,0.246337891,-0.263671875,-3.175572519,-8.847328244,-33.08396947,0,0,1440.310016
1.67608E+18,-0.774169922,0.291015625,-0.259277344,-2.290076336,-9.450381679,-33.48091603,0,0,1440.33024
1.67608E+18,-0.840820313,0.347900391,-0.21484375,-1.229007634,-9.916030534,-34,0,0,1440.390144
1.67608E+18,-0.901855469,0.330078125,-0.198730469,0.183206107,-9.954198473,-34.32061069,0,0,1499.700224
1.67608E+18,-0.950927734,0.279052734,-0.141357422,1.824427481,-9.625954198,-34.11450382,0,0,1499.730176
1.67608E+18,-1.009033203,0.166992188,-0.103515625,3.328244275,-9,-33.22137405,0,0,1499.750144
1.67608E+18,-1.084472656,0.140625,-0.098876953,4.93129771,-8.41221374,-31.51145038,0,0,1499.760128
1.67608E+18,-1.190673828,0.183349609,-0.062011719,6.351145038,-8.053435115,-29.74045802,0,0,1499.770112
1.67608E+18,-1.594726563,0.009521484,-0.063232422,6.992366412,-7.694656489,-27.9389313,0,0,1499.84
1.67608E+18,-1.803222656,-0.099365234,-0.019287109,6.58778626,-6.977099237,-26.08396947,0,0,1547.720192
1.67608E+18,-1.816650391,-0.432861328,0.156982422,4.221374046,-6.358778626,-23.71755725,0,0,1547.750144
1.67608E+18,-1.890136719,-0.329345703,0.051025391,1.984732824,-4.885496183,-21.03053435,0,0,1547.760128
1.67608E+18,-1.848876953,-0.562744141,0.084472656,-1.351145038,-3.816793893,-18.19083969,0,0,1547.810048
1.67608E+18,-1.770751953,-0.468994141,-0.109619141,-3.595419847,-2.541984733,-13.90076336,0,0,1603.340032
1.67608E+18,-1.386962891,-0.081787109,-0.006347656,-4.900763359,-2.526717557,-9.091603053,0,0,1603.369984
1.67608E+18,-1.333496094,0.110839844,-0.238769531,-5.259541985,-2.541984733,-4.717557252,0,0,1603.400192
1.67608E+18,-1.26953125,0.072021484,-0.114746094,-6.175572519,-3.488549618,-0.832061069,0,0,1603.410176
1.67608E+18,-1.267089844,-0.100585938,0.055664063,-8.259541985,-4.20610687,2.488549618,0,0,1603.450112
1.67608E+18,2,-0.274414063,-0.030761719,-10.42748092,-3.335877863,5.816793893,0,0,1658.409984
1.67608E+18,-1.838623047,0.442138672,-0.783447266,-9.404580153,0.053435115,15.51145038,0,0,1658.420224
1.67608E+18,2,0.966064453,0.465576172,-10.5648855,0.534351145,19.01526718,0,0,1658.430208
1.67608E+18,-1.249023438,1.999938965,-0.692626953,-5.175572519,3.183206107,18.70992366,0,0,1658.440192
1.67608E+18,-1.743408203,0.298095703,-0.208251953,-3.778625954,3.328244275,16.22137405,0,0,1658.46016
1.67608E+18,-0.974121094,0.107421875,-0.530761719,-1.511450382,1.992366412,15.08396947,0,0,1658.480128
1.67608E+18,-0.764648438,-0.632568359,-0.374511719,-1.091603053,1.290076336,14.2519084,0,0,1706.110208
1.67608E+18,-0.430664063,-0.732421875,-0.010253906,-1.946564885,0.244274809,13.69465649,0,0,1706.14016
1.67608E+18,-1.056396484,0.208007813,0.079833984,2.435114504,0.229007634,13.35877863,0,0,1706.170112
1.67608E+18,-1.438720703,1.254638672,0.041015625,6.389312977,1.442748092,12.65648855,0,0,1706.220032
1.67608E+18,-1.121826172,0.905517578,0.03125,11.04580153,2.152671756,11.35114504,0,0,1706.230016
1.67608E+18,-0.896240234,0.257324219,-0.168212891,9.93129771,1.984732824,9.770992366,0,0,1763.960064
1.67608E+18,-0.963623047,-0.046386719,-0.213867188,9.732824427,1.86259542,9.366412214,0,0,1763.970048
1.67608E+18,-0.921630859,-0.053955078,0.056884766,4.106870229,0.847328244,9.335877863,0,0,1763.980032
1.67608E+18,-0.878173828,-0.263671875,0.006835938,1.717557252,0.129770992,8.358778626,0,0,1764
1.67608E+18,-0.884033203,-0.094970703,0.032958984,-3.053435115,-0.610687023,7.671755725,0,0,1764.050176
1.67608E+18,-1.0859375,0.214599609,0.085205078,-3.778625954,-0.320610687,6.900763359,0,0,1764.100096
1.67608E+18,-0.995605469,0.275146484,0.113525391,-3.961832061,0.229007634,7.687022901,0,0,1811.870208
1.67608E+18,-0.958984375,0.107666016,0.064697266,-3.305343511,0.740458015,4.65648855,0,0,1811.880192
1.67608E+18,-0.961425781,-0.111816406,0.113037109,-1.961832061,1.076335878,4.305343511,0,0,1811.940096
1.67608E+18,-0.966064453,-0.337158203,0.155273438,-1.496183206,1.160305344,4.633587786,0,0,1811.940096
1.67608E+18,-0.976318359,-0.3046875,0.079589844,-0.839694656,1.213740458,5.106870229,0,0,1811.980032
1.67608E+18,-0.936279297,-0.332763672,0.059814453,-0.572519084,1.167938931,5.496183206,0,0,1870.120192
1.67608E+18,-0.965576172,-0.282958984,-0.005371094,-0.259541985,1.251908397,5.763358779,0,0,1870.130176
1.67608E+18,-0.812011719,-0.284667969,-0.079345703,-0.358778626,0.992366412,5.595419847,0,0,1870.14016
1.67608E+18,-0.906982422,-0.189453125,-0.115478516,-0.145038168,1.022900763,5.534351145,0,0,1870.150144
1.67608E+18,-0.946289063,-0.189697266,-0.029785156,0.374045802,1.190839695,5.778625954,0,0,1870.150144
1.67608E+18,-0.935546875,-0.168212891,-0.020507813,0.450381679,1.27480916,6.061068702,0,0,1870.200064
1.67608E+18,-0.927734375,-0.165039063,0,0.679389313,1.320610687,6.20610687,0,0,1930.440192
1.67608E+18,-0.916015625,-0.182617188,0.058105469,0.488549618,1.297709924,6.198473282,0,0,1930.520064
1.67608E+18,-0.940185547,-0.052246094,0.053222656,0.648854962,1.396946565,6.221374046,0,0,1930.530048
1.67608E+18,-0.948486328,-0.009277344,0.044921875,0.877862595,1.503816794,6.160305344,0,0,1930.540032
1.67608E+18,-0.942382813,-0.022949219,0.001464844,0.984732824,1.740458015,6.007633588,0,0,1930.540032
1.67608E+18,-0.9375,-0.028808594,-0.030029297,0.977099237,1.847328244,5.816793893,0,0,1930.550016
1.67608E+18,-0.944824219,0.016113281,-0.074707031,1.053435115,1.908396947,5.687022901,0,0,1978.430208
1.67608E+18,-0.945800781,-0.009277344,-0.107910156,1.083969466,1.885496183,5.557251908,0,0,1978.440192
1.67608E+18,-0.948242188,-0.032470703,-0.127441406,0.870229008,1.854961832,5.458015267,0,0,1978.450176
1.67608E+18,-0.938720703,-0.047851563,-0.129394531,0.595419847,1.786259542,5.435114504,0,0,1978.480128
1.67608E+18,-0.965820313,-0.046386719,-0.122314453,0.312977099,1.755725191,5.526717557,0,0,2021.350144
1.67608E+18,-0.958984375,-0.083007813,-0.120361328,0.20610687,1.702290076,5.709923664,0,0,2021.370112
1.67608E+18,-0.964599609,-0.106201172,-0.113769531,0.045801527,1.786259542,5.893129771,0,0,2021.380096
1.67608E+18,-0.960449219,-0.140380859,-0.097412109,-0.045801527,1.832061069,6.236641221,0,0,2021.420032
1.67608E+18,-0.955566406,-0.167236328,-0.039794922,0,1.900763359,6.603053435,0,0,2021.480192
1.67608E+18,-0.970947266,-0.231689453,-0.011962891,-0.099236641,2.160305344,7.366412214,0,0,2069.570048
1.67608E+18,-0.981933594,-0.224365234,0.029785156,0.152671756,2.335877863,8.160305344,0,0,2069.580032
1.67608E+18,-0.995117188,-0.311279297,0.077880859,0.053435115,2.557251908,9.13740458,0,0,2069.590016
1.67608E+18,-1.010742188,-0.342285156,0.071044922,0.404580153,2.801526718,10.23664122,0,0,2069.620224
1.67608E+18,-1.012939453,-0.377685547,0.086669922,0.839694656,2.969465649,11.38167939,0,0,2069.620224
1.67608E+18,-1.052490234,-0.414550781,0.071044922,1.564885496,3.13740458,12.51908397,0,0,2123.68
1.67608E+18,-1.060058594,-0.424072266,0.003417969,2.34351145,3.213740458,13.59541985,0,0,2123.689984
1.67608E+18,-1.080810547,-0.383300781,-0.047851563,3.152671756,3.351145038,14.40458015,0,0,2123.700224
1.67608E+18,-1.086425781,-0.279541016,-0.047851563,4.404580153,3.282442748,15.06870229,0,0,2123.74016
1.67608E+18,-1.468017578,-0.145996094,0.197998047,6.717557252,3.473282443,15.87022901,0,0,2123.74016
1.67608E+18,-1.338378906,-0.856445313,0.189453125,6.20610687,4.213740458,16.9389313,0,0,2184.150016
1.67608E+18,-1.423095703,-0.696044922,-0.037841797,5.778625954,4.511450382,18.22137405,0,0,2184.22016
1.67608E+18,-1.425292969,-0.780517578,0.043945313,5.374045802,4.427480916,19.67175573,0,0,2184.22016
1.67608E+18,-1.579345703,-0.782714844,0.006347656,5.251908397,4.58778626,21.25954198,0,0,2184.260096
1.67608E+18,-1.510498047,-0.977050781,-0.003662109,4.702290076,4.786259542,22.82442748,0,0,2184.27008
1.67608E+18,-1.480224609,-0.881103516,-0.074462891,4.572519084,5.221374046,23.83206107,0,0,2184.290048
1.67608E+18,-1.551513672,-0.8203125,-0.065429688,4.41221374,5.458015267,24.32061069,0,0,2289.240064
1.67608E+18,-1.44140625,-0.612304688,-0.021484375,4.389312977,6.106870229,25.3129771,0,0,2289.260032
1.67608E+18,-1.582275391,-0.28515625,0.077636719,4.977099237,6.061068702,26.05343511,0,0,2289.270016
1.67608E+18,-1.572265625,-0.127197266,0.047851563,6.030534351,5.541984733,26.2519084,0,0,2289.300224
1.67608E+18,-1.643798828,-0.145507813,-0.098632813,7.083969466,5.038167939,25.96946565,0,0,2289.320192
1.67608E+18,-1.709228516,-0.374511719,-0.235351563,6.816793893,4.961832061,25.22900763,0,0,2289.350144
1.67608E+18,-1.670654297,-0.339111328,-0.125244141,6.198473282,5.099236641,24.20610687,0,0,2289.360128
1.67608E+18,-1.564453125,-0.056396484,-0.057617188,6.129770992,5.282442748,23.76335878,0,0,2289.360128
1.67608E+18,-1.426269531,0.460693359,-0.0078125,6.175572519,4.625954198,22.58015267,0,0,2289.380096
1.67608E+18,2,0.824462891,0.413818359,4.442748092,3.93129771,17.51908397,0,0,2289.400064
1.67608E+18,-0.737548828,-0.242431641,0.248779297,-2.58778626,7.488549618,10.66412214,0,0,2412.27008
1.67608E+18,-0.798583984,1.17578125,-0.819580078,4.816793893,7.748091603,14.70229008,0,0,2412.290048
1.67608E+18,-1.228515625,0.110351563,0.927978516,0.618320611,2.839694656,4.72519084,0,0,2412.290048
1.67608E+18,-0.817626953,0.455566406,-0.269775391,-5.015267176,3.603053435,-0.038167939,0,0,2412.329984
1.67608E+18,-0.010742188,0.07421875,-0.126953125,-4.022900763,1.34351145,0.061068702,0,0,2412.340224
1.67608E+18,-0.295898438,-0.472412109,0.025390625,-7.595419847,1.175572519,-3.053435115,0,0,2412.400128
1.67608E+18,-0.238525391,-0.624511719,0.088134766,-10.25954198,0.748091603,-4.389312977,0,0,2412.450048
1.67608E+18,0.014648438,0.106689453,-0.390136719,-8.839694656,0.809160305,-4.351145038,0,0,2412.470016
1.67608E+18,-0.234130859,0.62109375,-0.132568359,-5.832061069,0.305343511,-7.091603053,0,0,2412.530176
1.67608E+18,-0.2734375,0.288818359,-0.144287109,-7.007633588,-0.13740458,-10.71755725,0,0,2412.54016
1.67608E+18,-0.419433594,0.601806641,-0.342773438,-4.625954198,0.374045802,-11.75572519,0,0,2412.570112
1.67608E+18,-0.393554688,0.391845703,-0.199462891,-3.229007634,0.015267176,-16,0,0,2412.580096
1.67608E+18,-0.326660156,0.389404297,-0.149658203,-2.717557252,-0.877862595,-18.15267176,0,0,2412.580096
1.67608E+18,-0.394287109,0.376953125,-0.384033203,-2.320610687,-0.816793893,-20.97709924,0,0,2543.830016
1.67608E+18,-0.342773438,0.212890625,-0.083007813,-1.633587786,-1.824427481,-23.18320611,0,0,2543.849984
1.67608E+18,-0.353271484,0.156982422,-0.024414063,-2.213740458,-2.435114504,-25.12977099,0,0,2543.90016
1.67608E+18,-0.356689453,0.248291016,-0.145751953,-2.160305344,-2.854961832,-26.50381679,0,0,2543.910144
1.67608E+18,-0.402832031,0.256103516,-0.131347656,-2.015267176,-3.389312977,-28.07633588,0,0,2543.920128
1.67608E+18,-0.40625,0.145263672,-0.142089844,-2.72519084,-4.122137405,-29.49618321,0,0,2543.920128
1.67608E+18,-0.391357422,0.110839844,-0.147705078,-3.526717557,-4.946564885,-30.77862595,0,0,2543.930112
1.67608E+18,-0.389892578,0.042236328,-0.172119141,-4.381679389,-5.984732824,-31.89312977,0,0,2543.95008
1.67608E+18,-0.418212891,0.059326172,-0.158447266,-5.236641221,-6.977099237,-32.77862595,0,0,2543.980032
1.67608E+18,-0.475341797,0.059570313,-0.137939453,-6.145038168,-8.007633588,-33.50381679,0,0,2543.990016
1.67608E+18,-0.504638672,0.0078125,-0.137207031,-7.06870229,-9.038167939,-34.05343511,0,0,2544.030208
1.67608E+18,-0.609130859,-0.01953125,-0.141845703,-7.893129771,-9.992366412,-34.40458015,0,0,2544.040192
1.67608E+18,-0.626464844,-0.014404297,-0.147949219,-8.564885496,-10.95419847,-34.61068702,0,0,2544.06016
1.67608E+18,-0.693603516,0.0390625,-0.152832031,-8.885496183,-11.73282443,-34.83969466,0,0,2684.400128
1.67608E+18,-0.754882813,0.0546875,-0.114501953,-8.992366412,-12.60305344,-34.91603053,0,0,2684.410112
1.67608E+18,-0.803955078,0.046875,-0.090820313,-8.648854962,-13.07633588,-34.71755725,0,0,2684.410112
1.67608E+18,-0.917724609,0.086669922,-0.08984375,-7.79389313,-13.33587786,-34.35877863,0,0,2684.440064
1.67608E+18,-1.116943359,0.186035156,-0.085693359,-6.297709924,-13.42748092,-34.01526718,0,0,2684.470016
1.67608E+18,-1.303222656,0.248291016,-0.035888672,-4.79389313,-13.22137405,-33.81679389,0,0,2684.48
1.67608E+18,-1.489746094,0.296142578,0.006835938,-2.877862595,-12.60305344,-33.52671756,0,0,2684.48
1.67608E+18,-1.61328125,0.287353516,0.090576172,-1.358778626,-11.60305344,-33.08396947,0,0,2684.49024
1.67608E+18,2,0.328125,0.508544922,-0.404580153,-8.854961832,-32.45038168,0,0,2684.500224
1.67608E+18,2,-0.138916016,0.016113281,-0.282442748,-4.969465649,-24.65648855,0,0,2684.54016
1.67608E+18,2,1.478515625,0.123046875,5.20610687,-2.312977099,-19.12977099,0,0,2684.580096
1.67608E+18,-1.757324219,1.437255859,-0.132324219,8.381679389,-0.244274809,-17.29007634,0,0,2684.580096
1.67608E+18,-1.069335938,1.340332031,-0.409912109,11.21374046,-0.580152672,-14.15267176,0,0,2684.620032
1.67608E+18,-0.978759766,1.022216797,-0.477050781,16.24427481,0.290076336,-9.083969466,0,0,2684.680192
1.67608E+18,-1.728027344,0.393798828,-0.158447266,17.52671756,1.183206107,-4.465648855,0,0,2804.670208
1.67608E+18,2,0.293457031,-0.119140625,15.6870229,3.396946565,1.465648855,0,0,2804.690176
1.67608E+18,2,0.557373047,-0.03125,17.35877863,6.435114504,7.366412214,0,0,2804.70016
1.67608E+18,-1.918945313,0.744140625,-0.206787109,17.61068702,7.824427481,12.13740458,0,0,2804.70016
1.67608E+18,2,0.30078125,-0.704589844,17.00763359,12.03816794,18.48091603,0,0,2804.710144
1.67608E+18,-1.233642578,0.229736328,-0.914550781,13.90076336,11.30534351,18.48091603,0,0,2804.75008
1.67608E+18,-0.26953125,-0.971923828,-0.713623047,6.404580153,5.129770992,16.87022901,0,0,2804.780032
1.67608E+18,-0.297119141,-1.458496094,-0.342529297,-0.488549618,2.694656489,15.67175573,0,0,2804.790016
1.67608E+18,-0.779052734,-0.254638672,-0.113037109,-6.015267176,2.770992366,15.70992366,0,0,2804.790016
1.67608E+18,-1.350341797,1.860107422,-0.157226563,-0.847328244,3.900763359,14.77862595,0,0,2804.81024
1.67608E+18,-1.171386719,1.959960938,-0.354980469,3.916030534,4.946564885,13.77099237,0,0,2804.850176
1.67608E+18,-1.250976563,0.570068359,0.153320313,5.366412214,1.984732824,9.404580153,0,0,2804.86016
1.67608E+18,-0.735595703,-0.747070313,-0.216552734,1.610687023,3.015267176,7.717557252,0,0,2940.11008
1.67608E+18,-0.961181641,-0.5546875,0.152587891,-2.122137405,1.755725191,8.549618321,0,0,2940.130048
1.67608E+18,-1.204589844,0.602294922,0.136962891,-3.572519084,1.839694656,8.213740458,0,0,2940.140032
1.67608E+18,-1.008789063,0.752929688,0.065429688,-1.824427481,1.709923664,6.190839695,0,0,2940.150016
1.67608E+18,-0.862304688,0.122802734,0.00390625,-1.946564885,1.603053435,4.419847328,0,0,2940.180224
1.67608E+18,-0.997314453,-0.079345703,-0.100585938,-1.488549618,1.801526718,4.015267176,0,0,2940.200192
1.67608E+18,-0.942871094,-0.274414063,-0.024902344,-2.175572519,1.702290076,4.221374046,0,0,2940.250112
1.67608E+18,-0.971679688,-0.182128906,-0.075683594,-2.496183206,1.526717557,4.564885496,0,0,2940.260096
1.67608E+18,-1.018066406,-0.239013672,-0.039306641,-2.442748092,1.41221374,4.870229008,0,0,2940.290048
1.67608E+18,-1.025146484,-0.286621094,-0.052001953,-2.122137405,1.809160305,5.435114504,0,0,2940.300032
1.67608E+18,-1.024902344,-0.350585938,-0.197265625,-1.106870229,2.099236641,6.015267176,0,0,2940.32
1.67608E+18,-0.673583984,-0.319335938,-0.005859375,-1.450381679,1.458015267,5.34351145,0,0,2940.329984
1.67608E+18,-0.934570313,-0.133544922,-0.011962891,0.183206107,1.610687023,5.20610687,0,0,2940.350208
1.67608E+18,-0.940429688,-0.284423828,0.30078125,1.297709924,3.419847328,5.732824427,0,0,2940.360192
1.67608E+18,-1.007568359,-0.143310547,0.199707031,1.106870229,2.114503817,6.167938931,0,0,3075.85024
1.67608E+18,-0.918945313,-0.192382813,0.202880859,1.41221374,2.335877863,6.396946565,0,0,3075.85024
1.67608E+18,-0.924072266,-0.228759766,0.252929688,0.839694656,2.511450382,6.618320611,0,0,3075.860224
1.67608E+18,-0.968994141,-0.087890625,0.186523438,0.984732824,2.893129771,6.916030534,0,0,3075.860224
1.67608E+18,-0.933837891,-0.028320313,0.1640625,1.06870229,3.183206107,6.870229008,0,0,3075.960064
1.67608E+18,-0.948730469,0.011962891,0.094238281,1.366412214,3.541984733,6.809160305,0,0,3075.980032
1.67608E+18,-0.948486328,-0.014160156,0.050292969,1.618320611,3.877862595,6.763358779,0,0,3075.990016
1.67608E+18,-0.945068359,-0.026855469,-0.033447266,1.778625954,4.244274809,6.717557252,0,0,3076.070144
1.67608E+18,-0.93359375,-0.034179688,-0.096923828,1.79389313,4.419847328,6.694656489,0,0,3076.080128
1.67608E+18,-0.935058594,-0.026611328,-0.148681641,1.633587786,4.419847328,6.72519084,0,0,3076.100096
1.67608E+18,-0.935791016,-0.01953125,-0.189453125,1.381679389,4.328244275,6.877862595,0,0,3076.17024
1.67608E+18,-0.924804688,-0.052246094,-0.218505859,0.977099237,4.190839695,7.076335878,0,0,3076.190208
1.67608E+18,-0.953125,-0.094238281,-0.245117188,0.480916031,4.045801527,7.374045802,0,0,3076.200192
1.67608E+18,-0.951904297,-0.151855469,-0.254150391,0.091603053,3.992366412,7.702290076,0,0,3167.990016
1.67608E+18,-0.943115234,-0.145263672,-0.236083984,-0.20610687,3.93129771,8.129770992,0,0,3168.01024
1.67608E+18,-0.971191406,-0.173095703,-0.205078125,-0.27480916,3.961832061,8.694656489,0,0,3168.01024
1.67608E+18,-0.981445313,-0.223632813,-0.147460938,-0.244274809,4.099236641,9.396946565,0,0,3168.040192
1.67608E+18,-0.985107422,-0.315185547,-0.062011719,-0.259541985,4.404580153,10.29007634,0,0,3168.050176
1.67608E+18,-1.035400391,-0.369873047,0.030029297,-0.190839695,4.732824427,11.44274809,0,0,3168.090112
1.67608E+18,-1.07421875,-0.429199219,0.123779297,-0.045801527,5.007633588,12.59541985,0,0,3168.11008
1.67608E+18,-1.126953125,-0.483642578,0.186523438,0.404580153,5.328244275,14.09923664,0,0,3168.16
1.67608E+18,-1.246337891,-0.533447266,0.215820313,0.870229008,5.816793893,14.76335878,0,0,3168.169984
1.67608E+18,-1.365722656,-0.476806641,0.192626953,1.854961832,6.572519084,15.85496183,0,0,3279.290112
1.67608E+18,-1.342529297,-0.601806641,0.201660156,2.687022901,7.167938931,17.11450382,0,0,3279.31008
1.67608E+18,-1.311035156,-0.701171875,0.07421875,3.27480916,7.65648855,18.63358779,0,0,3279.320064
1.67608E+18,-1.371826172,-0.897216797,0.057861328,3.305343511,8.061068702,20.49618321,0,0,3279.330048
1.67608E+18,2,-0.963134766,-0.852050781,1.816793893,5.809160305,20.28244275,0,0,3279.390208
1.67608E+18,-1.002685547,2,-0.106445313,0.030534351,7.229007634,24.35114504,0,0,3279.430144
1.67608E+18,2,-1.407958984,-0.313720703,-2.480916031,8.786259542,26.83969466,0,0,3279.47008
1.67608E+18,-1.513916016,-1.765380859,-0.433105469,-4.297709924,10.50381679,29.07633588,0,0,3279.480064
1.67608E+18,-1.276611328,-1.700195313,0.119140625,-7.236641221,11.85496183,31.18320611,0,0,3279.490048
1.67608E+18,-1.134765625,-1.119628906,-0.031982422,-9.297709924,11.78625954,30.76335878,0,0,3279.550208
1.67608E+18,2,0.515136719,-0.128173828,-4.824427481,10.80152672,30,0,0,3279.550208
1.67608E+18,-1.873779297,-0.328125,0.072998047,-2.022900763,9.86259542,29.28244275,0,0,3279.590144
1.67608E+18,-1.344970703,-0.608154297,-0.154052734,-5.183206107,8.664122137,28.50381679,0,0,3458.540032
1.67608E+18,-1.126464844,-0.173828125,-0.179199219,-6.389312977,7.34351145,27.67175573,0,0,3458.56
1.67608E+18,-1.264160156,0.456298828,-0.186523438,-6.152671756,6.442748092,26.77099237,0,0,3458.57024
1.67608E+18,-0.822998047,0.509521484,0.535400391,-6.183206107,4.809160305,21.50381679,0,0,3458.62016
1.67608E+18,-1.485595703,-0.244628906,0.141601563,-12.5648855,3.908396947,16.69465649,0,0,3458.630144
1.67608E+18,-0.366699219,1.999938965,-1.729248047,-8.557251908,10.77099237,15.70992366,0,0,3458.660096
1.67608E+18,-0.644775391,1.999938965,1.331298828,-12.51145038,2.083969466,13.27480916,0,0,3458.680064
1.67608E+18,-0.848388672,0.770507813,-0.470214844,-16.59541985,2.755725191,2.20610687,0,0,3458.690048
1.67608E+18,-0.130615234,0.027099609,0.070068359,-17.01526718,2.290076336,0.671755725,0,0,3458.750208
1.67608E+18,-0.531738281,0.244384766,-0.061279297,-16.15267176,0.13740458,-3.328244275,0,0,3458.760192
1.67608E+18,-0.278320313,-0.088623047,0.229003906,-18.12977099,1.938931298,-4.748091603,0,0,3458.770176
1.67608E+18,-0.240478516,0.368408203,-0.036376953,-17.32061069,1.847328244,-6.488549618,0,0,3458.820096
1.67608E+18,0.040527344,0.874023438,-0.368408203,-13.27480916,1.564885496,-6.549618321,0,0,3458.870016
1.67608E+18,-0.200683594,1.001708984,-0.127929688,-8.923664122,0.938931298,-9.541984733,0,0,3458.910208
1.67608E+18,-0.225097656,0.702880859,-0.233642578,-7.305343511,0.511450382,-12.61832061,0,0,3458.920192
1.67608E+18,-0.410888672,0.864746094,-0.231201172,-2.816793893,1.175572519,-15.67938931,0,0,3458.920192
1.67608E+18,-0.426269531,0.697998047,-0.164550781,-0.419847328,0.709923664,-18.67175573,0,0,3458.920192
1.67608E+18,-0.362304688,0.746337891,-0.203857422,2.442748092,0.213740458,-20.3740458,0,0,3559.540224
1.67608E+18,-0.381835938,0.795654297,-0.1640625,5.58778626,-0.641221374,-22.63358779,0,0,3559.570176
1.67608E+18,-0.290771484,0.519042969,-0.087890625,7.34351145,-1.335877863,-24.80916031,0,0,3559.58016
1.67608E+18,-0.290283203,0.319091797,-0.103271484,8.251908397,-2.015267176,-26.46564885,0,0,3559.590144
1.67608E+18,-0.303710938,0.288085938,-0.113037109,8.961832061,-2.687022901,-28.06870229,0,0,3559.600128
1.67608E+18,-0.312255859,0.257324219,-0.075927734,9.312977099,-3.549618321,-29.23664122,0,0,3559.600128
1.67608E+18,-0.298339844,0.309326172,-0.19140625,10.28244275,-4.244274809,-30.39694656,0,0,3559.610112
1.67608E+18,-0.317871094,0.370849609,-0.23828125,11.25954198,-5.015267176,-31.51908397,0,0,3559.620096
1.67608E+18,-0.357910156,0.33203125,-0.251708984,11.96946565,-5.748091603,-32.87022901,0,0,3559.620096
1.67608E+18,-0.33203125,0.213867188,-0.25,12.19847328,-6.572519084,-34.03053435,0,0,3559.650048
1.67608E+18,-0.341308594,0.135253906,-0.278808594,12.32061069,-7.41221374,-34.75572519,0,0,3732.920064
1.67608E+18,-0.374755859,0.08203125,-0.278076172,12.33587786,-8.305343511,-35.22900763,0,0,3732.940032
1.67608E+18,-0.370849609,0.029052734,-0.270263672,11.92366412,-9.27480916,-35.54961832,0,0,3733.000192
1.67608E+18,-0.434082031,0.074951172,-0.288085938,11.70229008,-10.2519084,-35.8778626,0,0,3733.030144
1.67608E+18,-0.493164063,0.019775391,-0.303955078,11.23664122,-11.23664122,-36.09923664,0,0,3733.040128
1.67608E+18,-0.598876953,-0.068847656,-0.280761719,10.32824427,-12.23664122,-36.09923664,0,0,3733.040128
1.67608E+18,-0.763427734,-0.141357422,-0.280761719,9.267175573,-12.84732824,-35.9389313,0,0,3733.080064
1.67608E+18,-0.918212891,-0.132080078,-0.260498047,8.366412214,-13.32061069,-35.55725191,0,0,3733.090048
1.67608E+18,-1.048828125,-0.140380859,-0.255859375,7.603053435,-13.61068702,-35.22900763,0,0,3733.100032
1.67608E+18,-1.170654297,-0.155273438,-0.217773438,6.297709924,-13.6870229,-34.9389313,0,0,3733.100032
1.67608E+18,-1.269042969,-0.159667969,-0.119140625,4.992366412,-13.3129771,-34.48091603,0,0,3733.170176
1.67608E+18,-1.406738281,-0.220214844,-0.062744141,3.305343511,-12.26717557,-33.61832061,0,0,3733.190144
1.67608E+18,-1.567138672,-0.306396484,-0.045410156,1.488549618,-11.12977099,-32.0610687,0,0,3733.250048
1.67608E+18,-1.700195313,-0.333251953,-0.066650391,-0.473282443,-9.984732824,-29.88549618,0,0,3733.260032
1.67608E+18,-1.788818359,-0.303466797,-0.09375,-2.557251908,-8.984732824,-27.2519084,0,0,3733.320192
1.67608E+18,-1.775146484,-0.254394531,-0.076660156,-4.687022901,-8.213740458,-23.91603053,0,0,3733.330176
1.67608E+18,-1.669677734,-0.282958984,-0.109863281,-7.450381679,-8.160305344,-20.26717557,0,0,3733.350144
1.67608E+18,-1.59765625,-0.499511719,0.040283203,-11.30534351,-8.213740458,-17.25954198,0,0,3733.370112
1.67608E+18,-1.803466797,-0.6640625,-0.064941406,-14.9389313,-6.41221374,-14.46564885,0,0,3905.240064
1.67608E+18,-1.191650391,-0.220947266,-0.068115234,-15.75572519,-6.34351145,-8.267175573,0,0,3905.250048
1.67608E+18,-0.928466797,0.446289063,-0.255615234,-17.59541985,-6.687022901,-4.045801527,0,0,3905.260032
1.67608E+18,-0.921875,0.790283203,-0.374267578,-15.85496183,-6.93129771,-0.595419847,0,0,3905.260032
1.67608E+18,-0.903076172,0.569824219,-0.134765625,-15.66412214,-7.854961832,1.702290076,0,0,3905.270016
1.67608E+18,-0.774902344,0.366210938,-0.012451172,-16.16793893,-8.519083969,4.076335878,0,0,3905.270016
1.67608E+18,-0.846435547,0.271240234,0.016113281,-16.15267176,-7.839694656,6.34351145,0,0,3905.28
1.67608E+18,2,-0.752685547,0.448974609,-20.92366412,-4.030534351,5.86259542,0,0,3905.28
1.67608E+18,2,-1.012939453,0.313964844,-26.23664122,-2.282442748,10.39694656,0,0,3905.29024
1.67608E+18,2,1.510253906,1.621337891,-20.88549618,6.404580153,17.06870229,0,0,3905.300224
1.67608E+18,-1.793701172,0.096191406,-0.107910156,-15.1221374,3.580152672,19.87022901,0,0,3905.300224
1.67608E+18,-1.86328125,1.986816406,0.014404297,0.687022901,0.06870229,17.25954198,0,0,3905.310208
1.67608E+18,-0.553466797,-0.314941406,0.172607422,3.129770992,-2.572519084,15.41221374,0,0,3905.310208
1.67608E+18,-0.473632813,-1.267333984,-0.062988281,4.458015267,-2.641221374,15.38167939,0,0,3905.360128
1.67608E+18,-1.078613281,0.203613281,-0.6015625,7.419847328,-1.061068702,14.76335878,0,0,3905.380096
1.67608E+18,-0.739013672,0.244873047,-0.610839844,9.541984733,-0.076335878,13.41221374,0,0,3905.44
1.67608E+18,-1.339111328,1.069335938,-0.795166016,13.0610687,1.625954198,12.16793893,0,0,3905.449984
1.67608E+18,-1.25,1.135253906,-0.749755859,15.61068702,2.007633588,11.04580153,0,0,4051.250176
1.67608E+18,-1.153076172,0.511230469,-0.476806641,15.89312977,1.786259542,10.10687023,0,0,4051.270144
1.67608E+18,-0.896240234,-0.084960938,-0.252685547,13.09160305,0.610687023,9.061068702,0,0,4051.280128
1.67608E+18,-0.758056641,-0.471679688,-0.007080078,7.923664122,-1.007633588,8.198473282,0,0,4051.280128
1.67608E+18,-0.896484375,-0.385986328,0.162597656,3.007633588,-1.977099237,8.465648855,0,0,4051.290112
1.67608E+18,-0.979492188,-0.166748047,0.247558594,-0.969465649,-2.465648855,9.038167939,0,0,4051.300096
1.67608E+18,-0.9375,0.0859375,0.292724609,-3.801526718,-2.625954198,8.511450382,0,0,4051.31008
1.67608E+18,-0.941894531,0.117919922,0.342773438,-4.748091603,-2.175572519,7.450381679,0,0,4051.350016
1.67608E+18,-0.969726563,0.029785156,0.4140625,-4.122137405,-1.473282443,6.503816794,0,0,4051.36
1.67608E+18,-0.960205078,0.043945313,0.374511719,-2.427480916,-0.801526718,5.625954198,0,0,4051.410176
1.67608E+18,-0.918212891,-0.094482422,0.332519531,-0.572519084,-0.65648855,4.824427481,0,0,4051.410176
1.67608E+18,-0.835693359,-0.287841797,0.291748047,0.633587786,-0.702290076,4.488549618,0,0,4051.42016
1.67608E+18,-0.878173828,-0.239257813,0.300537109,1.671755725,-0.641221374,4.641221374,0,0,4051.42016
1.67608E+18,-0.968505859,-0.3828125,0.140136719,1.694656489,-0.114503817,5.038167939,0,0,4051.450112
1.67608E+18,-0.974121094,-0.339111328,0.015136719,1.389312977,0.259541985,5.893129771,0,0,4051.450112
1.67608E+18,-0.885253906,-0.28515625,-0.049804688,0.740458015,0.259541985,6.679389313,0,0,4185.34016
1.67608E+18,-0.998535156,-0.237304688,-0.183837891,0.290076336,0.610687023,6.65648855,0,0,4185.34016
1.67608E+18,-1.014648438,-0.25,-0.200439453,0.145038168,1.091603053,7.015267176,0,0,4185.350144
1.67608E+18,-0.968994141,-0.127685547,-0.221191406,0.328244275,1.236641221,7.374045802,0,0,4185.420032
1.67608E+18,-0.875732422,-0.136230469,-0.28125,0.824427481,0.893129771,7.20610687,0,0,4185.430016
1.67608E+18,-0.825195313,-0.312011719,-0.190429688,0.442748092,0.328244275,6.916030534,0,0,4185.449984
1.67608E+18,-0.908935547,-0.300292969,-0.100830078,0.480916031,0.160305344,7.160305344,0,0,4185.50016
1.67608E+18,-0.959960938,-0.127441406,-0.028076172,0.541984733,0.114503817,7.534351145,0,0,4185.510144
1.67608E+18,-0.964355469,-0.032714844,-0.026367188,0.770992366,0.045801527,7.687022901,0,0,4185.55008
1.67608E+18,-0.934326172,-0.111572266,0.004150391,0.618320611,-0.053435115,7.679389313,0,0,4185.560064
1.67608E+18,-0.939941406,-0.069824219,0.022216797,0.496183206,-0.091603053,7.572519084,0,0,4185.570048
1.67608E+18,-0.942871094,0.016113281,0.020019531,0.618320611,-0.06870229,7.480916031,0,0,4185.6
1.67608E+18,-0.937011719,-0.05859375,0.040039063,0.526717557,0.076335878,7.473282443,0,0,4185.640192
1.67608E+18,-0.9453125,-0.032470703,0.029541016,0.633587786,0.213740458,7.511450382,0,0,4337.210112
1.67608E+18,-0.945800781,-0.071289063,0.022460938,0.603053435,0.297709924,7.709923664,0,0,4337.23008
1.67608E+18,-0.97265625,-0.174316406,0.020507813,0.381679389,0.435114504,8.145038168,0,0,4337.240064
1.67608E+18,-0.967285156,-0.252929688,0.059814453,0.251908397,0.564885496,8.984732824,0,0,4337.270016
1.67608E+18,-0.963867188,-0.315185547,0.085449219,0.328244275,0.679389313,9.893129771,0,0,4337.270016
1.67608E+18,-0.972167969,-0.313720703,0.093017578,0.763358779,0.79389313,10.93129771,0,0,4337.34016
1.67608E+18,-0.981933594,-0.282226563,0.070800781,1.511450382,0.969465649,11.87022901,0,0,4337.350144
1.67608E+18,-0.979492188,-0.329345703,0.077392578,2.244274809,1.053435115,12.83206107,0,0,4337.350144
1.67608E+18,-0.994628906,-0.323730469,-0.00390625,3.045801527,1.083969466,13.74045802,0,0,4337.400064
1.67608E+18,-0.999267578,-0.310791016,-0.045166016,3.679389313,1.007633588,14.45038168,0,0,4337.410048
1.67608E+18,-1.048339844,-0.208984375,-0.059814453,4.290076336,0.847328244,15.05343511,0,0,4337.420032
1.67608E+18,-0.970214844,-0.081787109,-0.025146484,5.580152672,0.244274809,15.55725191,0,0,4337.420032
1.67608E+18,-1.222900391,0.109375,0.157714844,7.93129771,-0.129770992,16.05343511,0,0,4337.430016
1.67608E+18,-1.392333984,-0.734863281,0.189453125,7.221374046,0.79389313,16.93129771,0,0,4337.430016
1.67608E+18,-1.380859375,-0.662109375,-0.026367188,6.061068702,1.183206107,18.09160305,0,0,4337.44
1.67608E+18,-1.347900391,-0.756347656,-0.075439453,5.480916031,1.076335878,19.4351145,0,0,4514.010112
1.67608E+18,-1.4921875,-0.754882813,-0.108398438,5.030534351,0.923664122,20.90839695,0,0,4514.040064
1.67608E+18,-1.510253906,-0.880126953,-0.129638672,4.595419847,0.79389313,22.1221374,0,0,4514.050048
1.67608E+18,-1.463623047,-0.91796875,-0.142333984,4.091603053,0.679389313,23.54198473,0,0,4514.060032
1.67608E+18,-1.517333984,-0.838867188,-0.175048828,3.679389313,0.72519084,24.67938931,0,0,4514.08
1.67608E+18,-1.511962891,-0.874755859,-0.155517578,3.358778626,0.519083969,25.90076336,0,0,4514.120192
1.67608E+18,-1.526123047,-0.595214844,-0.094482422,3.519083969,0.778625954,27.11450382,0,0,4514.150144
1.67608E+18,-1.618896484,-0.403564453,-0.00390625,3.885496183,0.503816794,27.96946565,0,0,4514.19008
1.67608E+18,-1.566162109,-0.291015625,-0.031982422,4.435114504,0.244274809,28.40458015,0,0,4514.230016
1.67608E+18,-1.549316406,-0.128662109,-0.015136719,5.145038168,-0.076335878,28.09160305,0,0,4514.290176
1.67608E+18,-1.418945313,-0.152099609,-0.078857422,5.687022901,-0.34351145,27.19847328,0,0,4514.30016
1.67608E+18,-1.188720703,-0.103759766,-0.141601563,6.328244275,-0.671755725,26.25954198,0,0,4514.310144
1.67608E+18,-1.201171875,0.1640625,-0.187255859,7.167938931,-0.740458015,25.55725191,0,0,4514.340096
1.67608E+18,-1.328857422,0.481689453,-0.177490234,9.34351145,-0.488549618,24.4351145,0,0,4514.360064
1.67608E+18,-1.510742188,1.056152344,-0.162109375,11.16030534,0.351145038,20.18320611,0,0,4514.370048
1.67608E+18,-1.033691406,-0.227050781,0.467285156,5.511450382,1.969465649,12.93129771,0,0,4514.4
1.67608E+18,-0.006591797,-0.495117188,0.605957031,-1.885496183,-2.282442748,16.91603053,0,0,4514.409984
1.67608E+18,2,1.999938965,-0.427978516,16.2519084,2.564885496,8.832061069,0,0,4514.420224
1.67608E+18,-1.282226563,-0.208251953,1.481933594,1.93129771,3.351145038,-0.282442748,0,0,4686.550016
1.67608E+18,-1.039794922,1.245361328,-0.52734375,-0.259541985,6.755725191,-3.870229008,0,0,4686.56
1.67608E+18,-0.569580078,-0.204833984,-0.009277344,1.083969466,7.106870229,-6.916030534,0,0,4686.600192
1.67608E+18,-0.608886719,-0.723632813,-0.1640625,-2.13740458,7.045801527,-7.297709924,0,0,4686.630144
1.67608E+18,-0.070800781,-0.020263672,-0.299316406,-1.572519084,5.755725191,-7.603053435,0,0,4686.640128
1.67608E+18,-0.193603516,0.045410156,-0.406982422,-0.381679389,5.633587786,-10.41984733,0,0,4686.650112
1.67608E+18,-0.181884766,-0.058349609,-0.047851563,-2.694656489,4.534351145,-12.99236641,0,0,4686.710016
1.67608E+18,-0.209228516,0.152587891,-0.1953125,-3.305343511,3.541984733,-15.1221374,0,0,4686.72
1.67608E+18,-0.309082031,0.770019531,-0.368652344,-1.076335878,3.022900763,-17.03053435,0,0,4686.73024
1.67608E+18,-0.398193359,0.632324219,-0.185302734,0.404580153,2.824427481,-20.51908397,0,0,4686.78016
1.67608E+18,-0.418701172,0.432128906,-0.156494141,-0.396946565,2.625954198,-24.11450382,0,0,4686.800128
1.67608E+18,-0.373779297,0.431152344,-0.225097656,0.320610687,2.549618321,-27.07633588,0,0,4686.810112
1.67608E+18,-0.265380859,0.195800781,-0.125,0.34351145,1.885496183,-29.11450382,0,0,4686.840064
1.67608E+18,-0.184570313,0.159423828,-0.141845703,0.259541985,0.358778626,-31.42748092,0,0,4686.840064
1.67608E+18,-0.25,0.217529297,-0.125732422,0.236641221,1.900763359,-32.12977099,0,0,4686.900224
1.67608E+18,-0.222900391,0.100097656,-0.156005859,-0.053435115,-0.473282443,-33.17557252,0,0,4686.930176
1.67608E+18,-0.240478516,0.126953125,-0.131591797,-1.435114504,-1.259541985,-34.19847328,0,0,4686.960128
1.67608E+18,-0.275878906,0.179931641,-0.192871094,-0.251908397,-2.290076336,-35.16793893,0,0,4859.710208
1.67608E+18,-0.300292969,0.2109375,-0.231201172,0.076335878,-3.259541985,-35.94656489,0,0,4859.720192
1.67608E+18,-0.343017578,0.1953125,-0.254638672,0.229007634,-4.083969466,-37.1221374,0,0,4859.730176
1.67608E+18,-0.373535156,0.166992188,-0.280029297,0.267175573,-5.091603053,-37.89312977,0,0,4859.74016
1.67608E+18,-0.434326172,0.115478516,-0.28125,0.251908397,-6.183206107,-38.45038168,0,0,4859.74016
1.67608E+18,-0.528564453,0.089599609,-0.288085938,0.41221374,-7.061068702,-38.61832061,0,0,4859.750144
1.67608E+18,-0.647949219,0.078369141,-0.303466797,0.832061069,-8.06870229,-38.64122137,0,0,4859.760128
1.67608E+18,-0.766845703,0.094482422,-0.270507813,1.503816794,-8.603053435,-38.6259542,0,0,4859.780096
1.67608E+18,-0.877685547,0.074707031,-0.201416016,2.183206107,-9.030534351,-38.34351145,0,0,4859.780096
1.67608E+18,-1.012207031,0.055908203,-0.173828125,2.885496183,-9.27480916,-37.70229008,0,0,4859.84
1.67608E+18,-1.221191406,0.056152344,-0.171875,3.664122137,-9.320610687,-36.84732824,0,0,4859.870208
1.67608E+18,-1.500244141,0.026367188,-0.10546875,4.351145038,-9.175572519,-35.72519084,0,0,4859.880192
1.67608E+18,-1.725341797,0.030029297,0.014892578,4.625954198,-8.740458015,-34.32824427,0,0,4859.890176
1.67608E+18,-1.964599609,-0.062011719,0.153564453,4.129770992,-7.633587786,-32.82442748,0,0,4859.940096
1.67608E+18,2,-0.978271484,0.518798828,-1.13740458,-5.267175573,-29.05343511,0,0,4859.940096
1.67608E+18,2,0.556640625,-0.038085938,1.709923664,-3.625954198,-21.12977099,0,0,4859.980032
1.67608E+18,2,0.391357422,0.29296875,0.473282443,0.305343511,-19.16030534,0,0,4859.980032
1.67608E+18,-1.162353516,0.458007813,-0.209228516,-1.312977099,-1.076335878,-14.35114504,0,0,5037.50016
1.67608E+18,-0.837646484,0.7421875,-0.728515625,0.045801527,-1.549618321,-9.030534351,0,0,5037.510144
1.67608E+18,-1.017089844,0.134033203,-0.133789063,0.786259542,-2.893129771,-4.984732824,0,0,5037.55008
1.67608E+18,-1.64453125,-0.031005859,-0.182861328,-1.549618321,-2.083969466,-0.557251908,0,0,5037.580032
1.67608E+18,2,-0.31640625,-0.073486328,-3.503816794,0.396946565,4.106870229,0,0,5037.590016
1.67608E+18,2,-0.171142578,0.202880859,-7.198473282,0.595419847,11.79389313,0,0,5037.630208
1.67608E+18,2,1.686279297,-0.156738281,-4.061068702,1.961832061,17.19083969,0,0,5037.640192
1.67608E+18,2,0.402099609,-0.059082031,-2.099236641,6.229007634,21.00763359,0,0,5037.700096
1.67608E+18,-1.786865234,1.037353516,-0.675048828,-0.427480916,5.503816794,22.77862595,0,0,5037.700096
1.67608E+18,-0.309570313,-0.330810547,-0.363525391,-0.595419847,2.083969466,20.19083969,0,0,5037.750016
1.67608E+18,-0.404541016,-0.468994141,-0.044433594,-1.351145038,0.328244275,17.03053435,0,0,5037.76
1.67608E+18,-0.289794922,-0.955566406,0.328613281,-4.229007634,0.389312977,15.90076336,0,0,5037.82016
1.67608E+18,-1.323974609,0.868652344,0.046875,1.114503817,3.290076336,16.70229008,0,0,5037.830144
1.67608E+18,-1.602783203,1.999938965,-0.025390625,9.633587786,5.221374046,17.47328244,0,0,5037.840128
1.67608E+18,-0.905517578,0.975341797,-0.051513672,10.8778626,4.404580153,12.38167939,0,0,5037.87008
1.67608E+18,-0.710205078,-0.061523438,-0.332275391,8.557251908,3.549618321,10.99236641,0,0,5037.900032
1.67608E+18,-0.897216797,-0.654296875,-0.129882813,5.633587786,2.351145038,11.47328244,0,0,5037.929984
1.67608E+18,-1.010742188,-0.228027344,-0.051757813,-1.908396947,1.167938931,10.46564885,0,0,5037.929984
1.67608E+18,-1.158691406,0.852783203,-0.4296875,-1.86259542,1.244274809,9.366412214,0,0,5203.52
1.67608E+18,-0.896972656,0.295898438,-0.197265625,-2.923664122,0.694656489,7.503816794,0,0,5203.540224
1.67608E+18,-1.002197266,0.37890625,-0.373535156,-3.427480916,0.732824427,6.305343511,0,0,5203.560192
1.67608E+18,-0.982421875,0.006591797,-0.216796875,-2.427480916,0.923664122,5.740458015,0,0,5203.620096
1.67608E+18,-0.921875,-0.232177734,-0.131103516,-3.259541985,0.534351145,5.41221374,0,0,5203.620096
1.67608E+18,-0.974853516,-0.108154297,-0.141601563,-2.20610687,0.519083969,5.465648855,0,0,5203.63008
1.67608E+18,-1.020996094,-0.257324219,-0.062744141,-2.022900763,0.480916031,5.893129771,0,0,5203.689984
1.67608E+18,-1.106933594,0.040771484,-0.152587891,-0.923664122,0.641221374,6.396946565,0,0,5203.74016
1.67608E+18,-0.717285156,-0.260009766,-0.083496094,-1.519083969,-0.366412214,5.763358779,0,0,5203.750144
1.67608E+18,-0.934326172,0.048828125,-0.181884766,-0.404580153,-0.41221374,5.244274809,0,0,5203.79008
1.67608E+18,-0.940185547,-0.150390625,0.087646484,0.427480916,-0.557251908,5.389312977,0,0,5203.800064
1.67608E+18,-0.990722656,-0.121337891,-0.006591797,0.885496183,-0.282442748,5.709923664,0,0,5203.85024
1.67608E+18,-0.927001953,-0.220458984,-0.034912109,0.992366412,-0.045801527,5.809160305,0,0,5203.860224
1.67608E+18,-0.924560547,-0.225830078,0.030273438,0.335877863,0.114503817,5.923664122,0,0,5203.910144
1.67608E+18,-0.969970703,-0.078125,0.001953125,0.389312977,0.442748092,6.152671756,0,0,5203.920128
1.67608E+18,-0.945556641,-0.031982422,0.006347656,0.458015267,0.702290076,6.114503817,0,0,5203.970048
1.67608E+18,-0.939697266,-0.035400391,-0.007080078,0.58778626,0.908396947,5.984732824,0,0,5203.970048
1.67608E+18,-0.940429688,-0.056884766,-0.016845703,0.732824427,1.190839695,5.900763359,0,0,5376.390144
1.67608E+18,-0.9453125,0.013916016,-0.054443359,0.832061069,1.366412214,5.885496183,0,0,5376.410112
1.67608E+18,-0.918212891,0.020019531,-0.098632813,1.083969466,1.419847328,6,0,0,5376.410112
1.67608E+18,-0.944091797,-0.001953125,-0.122802734,1.099236641,1.442748092,6.06870229,0,0,5376.420096
1.67608E+18,-0.947753906,-0.045410156,-0.127929688,0.977099237,1.458015267,6.251908397,0,0,5376.48
1.67608E+18,-0.949951172,-0.057373047,-0.175292969,0.458015267,1.458015267,6.427480916,0,0,5376.489984
1.67608E+18,-0.940673828,-0.055175781,-0.197998047,0.190839695,1.34351145,6.603053435,0,0,5376.489984
1.67608E+18,-0.962646484,-0.1171875,-0.190673828,-0.045801527,1.427480916,6.946564885,0,0,5376.489984
1.67608E+18,-0.964111328,-0.155273438,-0.174560547,-0.244274809,1.519083969,7.351145038,0,0,5376.550144
1.67608E+18,-0.965576172,-0.153076172,-0.177246094,-0.320610687,1.641221374,7.809160305,0,0,5376.560128
1.67608E+18,-0.979492188,-0.201904297,-0.134521484,-0.396946565,1.916030534,8.641221374,0,0,5376.580096
1.67608E+18,-1.016601563,-0.431396484,-0.054931641,-0.740458015,2.129770992,9.557251908,0,0,5376.59008
1.67608E+18,-0.995361328,-0.27734375,0.000488281,-0.648854962,2.251908397,10.34351145,0,0,5376.600064
1.67608E+18,-1.014648438,-0.215576172,0.053466797,-0.152671756,2.290076336,11.16030534,0,0,5376.610048
1.67608E+18,-1.073486328,-0.265136719,0.106201172,0.320610687,2.503816794,11.86259542,0,0,5376.610048
1.67608E+18,-1.101806641,-0.334716797,0.078125,0.664122137,2.786259542,12.58778626,0,0,5376.620032
1.67608E+18,-1.134765625,-0.412109375,0.031005859,0.740458015,3.061068702,13.29770992,0,0,5376.65024
1.67608E+18,-1.229492188,-0.346923828,-0.022216797,1.229007634,3.34351145,14.16030534,0,0,5554.490112
1.67608E+18,-1.55859375,-0.405517578,0.032714844,1.809160305,3.732824427,15.20610687,0,0,5554.550016
1.67608E+18,-1.319824219,-0.757324219,-0.027587891,1.099236641,4.129770992,16.09160305,0,0,5554.56
1.67608E+18,-1.428710938,-0.691894531,-0.083984375,0.86259542,4.221374046,17.29770992,0,0,5554.56
1.67608E+18,-1.477783203,-0.772949219,-0.054443359,0.633587786,4.312977099,18.9389313,0,0,5554.580224
1.67608E+18,-1.557617188,-0.897216797,-0.018310547,0.366412214,4.679389313,20.61832061,0,0,5722.88
1.67608E+18,-1.584960938,-1.03125,-0.065185547,-0.297709924,5.091603053,22.22900763,0,0,5722.89024
1.67608E+18,-1.635009766,-0.923095703,-0.081542969,-0.282442748,5.198473282,23.28244275,0,0,5722.89024
1.67608E+18,-1.499511719,-0.723876953,-0.052490234,0.213740458,5.450381679,24.49618321,0,0,5722.900224
1.67608E+18,-1.510253906,-0.402832031,-0.050537109,1.396946565,5.030534351,23.50381679,0,0,5722.900224
1.67608E+18,-1.703125,-0.384765625,-0.154785156,2.610687023,4.450381679,26.01526718,0,0,5722.94016
1.67608E+18,-1.778320313,-0.478515625,-0.163330078,2.900763359,4.022900763,26.28244275,0,0,5723.030016
1.67608E+18,-1.766601563,-0.514892578,-0.071777344,2.419847328,3.641221374,26.18320611,0,0,5723.030016
1.67608E+18,-1.53515625,-0.35546875,-0.067626953,2.091603053,3.091603053,25.70992366,0,0,5723.080192
1.67608E+18,-1.305175781,0.041015625,-0.167724609,2.648854962,2.679389313,25.10687023,0,0,5723.090176
1.67608E+18,-1.139648438,0.483398438,-0.151611328,3.603053435,1.41221374,24.55725191,0,0,5723.130112
1.67608E+18,-1.09765625,0.512695313,0.053955078,2.648854962,1.900763359,23.09160305,0,0,5723.140096
1.67608E+18,-1.429443359,-0.271240234,0.179443359,-0.335877863,1.870229008,14.09160305,0,0,5723.180032
1.67608E+18,-1.183837891,-0.188964844,-0.318359375,1.236641221,3.732824427,14.48091603,0,0,5723.180032
1.67608E+18,-0.460205078,1.321044922,0.558837891,-1.870229008,-1.175572519,12.14503817,0,0,5723.220224
1.67608E+18,-1.006103516,0.325683594,-0.477783203,-3.679389313,-0.374045802,3.541984733,0,0,5723.230208
1.67608E+18,-0.091796875,-0.076416016,0.5546875,-5.282442748,-3.244274809,0.465648855,0,0,5723.240192
1.67608E+18,-0.634765625,-0.021728516,-0.029052734,-6.740458015,-2.190839695,-3.816793893,0,0,5723.240192
1.67608E+18,-0.34765625,-0.411376953,0.343017578,-11.24427481,-2.687022901,-5.488549618,0,0,5723.280128
1.67608E+18,-0.085449219,-0.159912109,-0.022460938,-11.6870229,-2.34351145,-5.015267176,0,0,5723.300096
1.67608E+18,-0.255371094,0.861328125,-0.333984375,-5.961832061,-1.755725191,-6.839694656,0,0,5723.31008
1.67608E+18,-0.154052734,0.083496094,-0.092529297,-7.229007634,-2.671755725,-10.17557252,0,0,5737.970176
1.67608E+18,-0.331787109,0.619628906,-0.401611328,-5.259541985,-2.152671756,-12.69465649,0,0,5737.98016
1.67608E+18,-0.413574219,0.515380859,-0.217285156,-2.885496183,-2.183206107,-15.45801527,0,0,5738.020096
1.67608E+18,-0.406005859,0.453857422,-0.229980469,-2.160305344,-2.41221374,-18.11450382,0,0,5738.050048
1.67608E+18,-0.418945313,0.740966797,-0.204589844,-0.870229008,-2.854961832,-19.92366412,0,0,5738.050048
1.67608E+18,-0.408447266,0.44921875,-0.14453125,0.13740458,-3.13740458,-22.77862595,0,0,5738.08
1.67608E+18,-0.429443359,0.20703125,-0.048339844,-0.526717557,-3.320610687,-25.45801527,0,0,5738.089984
1.67608E+18,-0.447998047,0.135986328,-0.035888672,-1.427480916,-3.450381679,-27.48854962,0,0,5738.089984
1.67608E+18,-0.437988281,0.096191406,-0.079833984,-2.34351145,-3.557251908,-28.91603053,0,0,5738.160128
1.67608E+18,-0.475341797,0.198242188,-0.169189453,-2.603053435,-3.541984733,-30.04580153,0,0,5738.180096
1.67608E+18,-0.529296875,0.213867188,-0.164794922,-2.908396947,-3.603053435,-31.38167939,0,0,5747.110144
1.67608E+18,-0.517333984,0.195556641,-0.177490234,-3.465648855,-1.961832061,-32.96946565,0,0,5858.62016
1.67608E+18,-0.535888672,0.229736328,-0.224365234,-3.618320611,-4.335877863,-34.1221374,0,0,5858.640128
1.67608E+18,-0.522949219,0.152099609,-0.219482422,-1.969465649,-4.885496183,-35.15267176,0,0,5858.640128
1.67608E+18,-0.524658203,0.107666016,-0.240966797,-4.198473282,-5.572519084,-35.80152672,0,0,5858.650112
1.67608E+18,-0.551025391,0.071533203,-0.236572266,-4.374045802,-6.34351145,-36.3129771,0,0,5858.700032
1.67608E+18,-0.599365234,0.100097656,-0.228271484,-4.595419847,-7.213740458,-36.81679389,0,0,5858.710016
1.67608E+18,-0.660644531,0.096679688,-0.219726563,-4.65648855,-7.847328244,-37.33587786,0,0,5858.729984
1.67608E+18,-0.737060547,0.12109375,-0.220214844,-4.595419847,-8.519083969,-37.83969466,0,0,5858.750208
1.67608E+18,-0.829101563,0.1171875,-0.198486328,-4.251908397,-9.099236641,-38.16030534,0,0,5858.810112
1.67608E+18,-0.901611328,0.063720703,-0.178710938,-3.816793893,-9.534351145,-38.12977099,0,0,5858.820096
1.67608E+18,-1.010498047,0.030029297,-0.139160156,-3.358778626,-9.709923664,-37.7480916,0,0,5858.840064
1.67608E+18,-1.182128906,-0.010498047,-0.102539063,-2.938931298,-9.534351145,-39.06870229,0,0,5992.680192
1.67608E+18,-1.40625,-0.057617188,-0.013916016,-2.816793893,-8.755725191,-36.23664122,0,0,5992.690176
1.67608E+18,-1.678466797,-0.121337891,0.059814453,-3,-7.503816794,-34.85496183,0,0,5992.70016
1.67608E+18,-1.938476563,-0.173095703,0.077392578,-3.351145038,-7.671755725,-32.61832061,0,0,5992.710144
1.67608E+18,2,-0.696044922,0.202392578,-5.175572519,-3.946564885,-28.61832061,0,0,5992.720128
1.67608E+18,2,0.171142578,0.101806641,-5.351145038,-2.770992366,-23.93129771,0,0,5992.740096
1.67608E+18,-1.930175781,0.236328125,-0.062744141,-5.022900763,-1.053435115,-20.21374046,0,0,5992.780032
1.67608E+18,-1.271484375,0.026855469,-0.09375,-5.58778626,-1.694656489,-14.90076336,0,0,5992.790016
1.67608E+18,-1.080322266,0.486328125,-0.143798828,-4.282442748,-2.847328244,-9.977099237,0,0,5992.870144
1.67608E+18,-1.509521484,1.073486328,-0.013427734,-2.213740458,-0.129770992,-8.320610687,0,0,5992.920064
1.67608E+18,-1.089599609,-1.729492188,0.30078125,-6.549618321,-3.381679389,-6.038167939,0,0,5992.96
1.67608E+18,-0.663818359,0.553222656,-0.052001953,-5.908396947,-5.091603053,1,0,0,5992.97024
1.67608E+18,-1.402832031,0.80078125,-0.121826172,-3.664122137,-4.664122137,5.167938931,0,0,5992.980224
1.67608E+18,2,0.004882813,0.365478516,-7.748091603,-4.580152672,6.473282443,0,0,5992.980224
1.67608E+18,2,1.099365234,0.231689453,-9.908396947,-0.816793893,11.03053435,0,0,6090.660096
1.67608E+18,2,0.543945313,1.268554688,-6.396946565,3.374045802,21.60305344,0,0,6090.690048
1.67608E+18,-1.154052734,1.139160156,-0.982666016,1.702290076,7.061068702,20.88549618,0,0,6090.690048
1.67608E+18,-1.774658203,1.416015625,-0.544677734,4.916030534,4.893129771,16.51145038,0,0,6090.72
1.67608E+18,-0.365478516,-0.564941406,-0.072753906,6.824427481,1.106870229,13.86259542,0,0,6090.790144
1.67608E+18,-0.8515625,-0.627685547,0.013427734,7.083969466,0.251908397,13.58778626,0,0,6090.800128
1.67608E+18,-0.516601563,-0.925292969,-0.086181641,5.511450382,-0.519083969,13.96183206,0,0,6090.820096
1.67608E+18,-1.05859375,0.14453125,-0.320556641,6.091603053,0.236641221,13.88549618,0,0,6090.83008
1.67608E+18,-1.223632813,0.995605469,-0.4296875,7.824427481,1.06870229,12.41984733,0,0,6090.83008
1.67608E+18,-1.153564453,0.956298828,-0.375488281,8.625954198,1.290076336,10.8778626,0,0,6090.930176
1.67608E+18,-1.11328125,0.599121094,-0.371337891,8.877862595,1.435114504,9.549618321,0,0,6143.31008
1.67608E+18,-0.990722656,0.126953125,-0.185302734,7.221374046,0.816793893,8.335877863,0,0,6143.320064
1.67608E+18,-0.901855469,-0.223632813,0.014404297,3.488549618,-0.34351145,7.648854962,0,0,6143.390208
1.67608E+18,-0.933837891,-0.238769531,0.104492188,0,-0.954198473,7.625954198,0,0,6143.400192
1.67608E+18,-0.929443359,-0.091552734,0.204101563,-2.954198473,-1.511450382,7.404580153,0,0,6143.450112
1.67608E+18,-0.955810547,0.061523438,0.249511719,-4.893129771,-1.526717557,6.687022901,0,0,6193.040128
1.67608E+18,-0.966308594,-0.051757813,0.291503906,-5.213740458,-1.099236641,6.34351145,0,0,6193.060096
1.67608E+18,-0.957275391,-0.092773438,0.364990234,-4.900763359,-0.442748092,5.755725191,0,0,6193.07008
1.67608E+18,-0.977539063,-0.084960938,0.334472656,-3.86259542,0.129770992,5.061068702,0,0,6193.07008
1.67608E+18,-0.879882813,-0.264892578,0.341796875,-2.748091603,0.320610687,4.618320611,0,0,6193.080064
1.67608E+18,-0.909423828,-0.333496094,0.313232422,-1.053435115,0.541984733,4.72519084,0,0,6239.430144
1.67608E+18,-0.90234375,-0.367919922,0.261962891,0.312977099,0.694656489,5.053435115,0,0,6239.440128
1.67608E+18,-0.858154297,-0.3828125,0.157470703,0.969465649,0.770992366,5.580152672,0,0,6239.460096
1.67608E+18,-1.053222656,-0.354248047,0.121337891,1.396946565,1.091603053,6.160305344,0,0,6239.47008
1.67608E+18,-0.969726563,-0.461669922,0.020996094,1.251908397,1.290076336,7.351145038,0,0,6287.380224
1.67608E+18,-0.993652344,-0.397216797,-0.197021484,0.717557252,1.770992366,7.770992366,0,0,6287.390208
1.67608E+18,-0.881347656,-0.343994141,-0.19921875,0.175572519,1.770992366,8.381679389,0,0,6287.390208
1.67608E+18,-0.869628906,-0.203369141,-0.172607422,-0.152671756,1.435114504,8.641221374,0,0,6287.400192
1.67608E+18,-0.926757813,-0.166992188,-0.189941406,0.404580153,1.442748092,8.709923664,0,0,6287.400192
1.67608E+18,-0.897460938,-0.251708984,-0.077636719,0.541984733,1.435114504,8.816793893,0,0,6353.210112
1.67608E+18,-0.935058594,-0.120605469,-0.064208984,0.992366412,1.473282443,8.870229008,0,0,6353.220096
1.67608E+18,-0.939697266,-0.060791016,-0.049804688,1.511450382,1.435114504,8.916030534,0,0,6353.220096
1.67608E+18,-0.932373047,-0.093261719,-0.03125,1.473282443,1.351145038,8.885496183,0,0,6353.240064
1.67608E+18,-0.932861328,-0.031738281,-0.034667969,1.381679389,1.259541985,8.770992366,0,0,6353.28
1.67608E+18,-0.946044922,0.015380859,-0.058349609,1.145038168,1.160305344,8.541984733,0,0,6353.310208
1.67608E+18,-0.945068359,0.088134766,-0.049072266,1.022900763,1.091603053,8.236641221,0,0,6419.600128
1.67608E+18,-0.944091797,0.096679688,-0.079345703,0.954198473,1.045801527,7.969465649,0,0,6419.610112
1.67608E+18,-0.948730469,0.037841797,-0.091796875,0.717557252,1.030534351,7.65648855,0,0,6419.620096
1.67608E+18,-0.947998047,-0.026123047,-0.082763672,0.458015267,1.007633588,7.549618321,0,0,6419.63008
1.67608E+18,-0.962158203,-0.052001953,-0.067871094,0.297709924,0.984732824,7.694656489,0,0,6419.640064
1.67608E+18,-0.967529297,-0.135498047,-0.031738281,0.167938931,1.053435115,8.06870229,0,0,6419.689984
1.67608E+18,-0.962890625,-0.182617188,0.008300781,0.167938931,1.244274809,8.664122137,0,0,6419.74016
1.67608E+18,-0.982177734,-0.2578125,0.035888672,0.236641221,1.458015267,9.305343511,0,0,6419.750144
1.67608E+18,-0.972900391,-0.23046875,0.053222656,0.549618321,1.625954198,10.06870229,0,0,6478.760192
1.67608E+18,-0.99609375,-0.210449219,0.0546875,1.122137405,1.694656489,10.77862595,0,0,6478.790144
1.67608E+18,-1.007568359,-0.236572266,0.050292969,1.641221374,1.709923664,11.59541985,0,0,6478.840064
1.67608E+18,-1.022460938,-0.239257813,-0.005371094,2.091603053,1.755725191,12.23664122,0,0,6478.840064
1.67608E+18,-1.033203125,-0.239990234,-0.039550781,2.496183206,1.664122137,12.90076336,0,0,6478.860032
1.67608E+18,-1.038574219,-0.061767578,-0.026367188,3.763358779,1.442748092,13.51145038,0,0,6532.11008
1.67608E+18,-1.328125,-0.123291016,0.191650391,5.374045802,1.503816794,14.03053435,0,0,6532.130048
1.67608E+18,-1.341552734,-0.781494141,0.107177734,4.526717557,2.244274809,14.93129771,0,0,6532.150016
1.67608E+18,-1.324707031,-0.577392578,-0.117431641,3.687022901,2.465648855,16.14503817,0,0,6532.17024
1.67608E+18,-1.276367188,-0.620605469,-0.129882813,3.129770992,2.381679389,17.38931298,0,0,6532.180224
1.67608E+18,-1.469970703,-0.678222656,-0.111572266,2.511450382,2.603053435,18.73282443,0,0,6532.190208
1.67608E+18,-1.481445313,-0.919433594,-0.123046875,1.435114504,2.763358779,20.16030534,0,0,6580.460032
1.67608E+18,-1.441894531,-0.867919922,-0.173828125,0.625954198,2.755725191,21.6870229,0,0,6580.470016
1.67608E+18,-1.391845703,-0.729003906,-0.159423828,0.335877863,2.58778626,22.93129771,0,0,6580.520192
1.67608E+18,-1.429199219,-0.755615234,-0.133300781,0.251908397,2.664122137,24.02290076,0,0,6580.530176
1.67608E+18,-1.408447266,-0.603271484,-0.091064453,0.564885496,2.580152672,25.06870229,0,0,6580.560128
1.67608E+18,-1.502197266,-0.347167969,-0.055419922,1.045801527,2.351145038,25.89312977,0,0,6628.16
1.67608E+18,-1.497558594,-0.302734375,-0.079345703,1.41221374,1.916030534,26.42748092,0,0,6628.17024
1.67608E+18,-1.498535156,-0.127197266,-0.116943359,1.969465649,1.511450382,26.63358779,0,0,6628.17024
1.67608E+18,-1.42578125,-0.123535156,-0.104980469,2.076335878,1.20610687,26.48854962,0,0,6628.190208
1.67608E+18,-1.276855469,-0.184326172,-0.141601563,1.79389313,1.053435115,25.99236641,0,0,6687.500032
1.67608E+18,-1.125488281,-0.091552734,-0.195068359,1.832061069,0.885496183,25.41221374,0,0,6687.52
1.67608E+18,-1.172851563,0.243652344,-0.248291016,2.79389313,0.885496183,24.85496183,0,0,6687.540224
1.67608E+18,-1.196289063,0.430908203,-0.142578125,3.923664122,0.664122137,23.59541985,0,0,6687.550208
1.67608E+18,-1.152587891,0.874267578,-0.140869141,3.93129771,0.778625954,19.88549618,0,0,6687.610112
1.67608E+18,-0.265625,-0.428710938,0.404541016,-1.664122137,1.076335878,12.38167939,0,0,6687.610112
1.67608E+18,-1.986083984,-1.998291016,-0.944580078,-4.969465649,2.885496183,13.78625954,0,0,6732.200192
1.67608E+18,-1.015625,1.999938965,0.262451172,8.923664122,0.312977099,13.10687023,0,0,6732.210176
1.67608E+18,-0.871337891,0.230712891,0.095947266,0.290076336,2.679389313,1.290076336,0,0,6732.230144
1.67608E+18,-1.470214844,-0.463134766,-0.101074219,-1.908396947,3.709923664,-2.946564885,0,0,6732.250112
1.67608E+18,-0.054199219,0.432128906,-0.2265625,-0.030534351,1.748091603,-2.213740458,0,0,6732.280064
1.67608E+18,-0.545654297,0.019042969,-0.252197266,1.824427481,2.580152672,-5.580152672,0,0,6778.99008
1.67608E+18,-0.353271484,-0.219482422,0.040039063,-0.022900763,2.664122137,-6.877862595,0,0,6779.020032
1.67608E+18,-0.309082031,0.431396484,-0.360107422,2.175572519,2.572519084,-8.282442748,0,0,6779.020032
1.67608E+18,-0.2890625,0.401367188,-0.285888672,4.786259542,1.954198473,-10.83206107,0,0,6779.030016
1.67608E+18,-0.267822266,0.323242188,-0.187988281,5.038167939,1.167938931,-13.46564885,0,0,6779.030016
1.67608E+18,-0.333496094,0.552490234,-0.3125,6.992366412,0.877862595,-16.18320611,0,0,6838.600192
1.67608E+18,-0.33203125,0.458007813,-0.251464844,8.27480916,0.351145038,-19.23664122,0,0,6838.62016
1.67608E+18,-0.306884766,0.390380859,-0.213623047,8.564885496,-0.358778626,-22.00763359,0,0,6838.630144
1.67608E+18,-0.300048828,0.365722656,-0.23046875,9.06870229,-1.259541985,-24.6870229,0,0,6838.690048
1.67608E+18,-0.299804688,0.241699219,-0.189208984,8.694656489,-2.122137405,-27.1221374,0,0,6838.700032
1.67608E+18,-0.289306641,0.124267578,-0.202392578,7.824427481,-2.893129771,-29.06870229,0,0,6838.72
1.67608E+18,-0.302246094,0.013427734,-0.158203125,6.709923664,-3.740458015,-30.75572519,0,0,6884.660224
1.67608E+18,-0.295654297,-0.053222656,-0.172119141,5.27480916,-4.473282443,-31.84732824,0,0,6884.680192
1.67608E+18,-0.326171875,-0.026855469,-0.236328125,4,-5.335877863,-33.1221374,0,0,6884.70016
1.67608E+18,-0.345458984,-0.023681641,-0.245117188,2.709923664,-6.305343511,-34.06870229,0,0,6884.710144
1.67608E+18,-0.377929688,-0.001464844,-0.257324219,1.458015267,-7.122137405,-35.10687023,0,0,6932.06016
1.67608E+18,-0.430419922,0.01171875,-0.255371094,0.65648855,-8.122137405,-36.03053435,0,0,6932.080128
1.67608E+18,-0.492919922,-0.008544922,-0.250244141,-0.328244275,-8.885496183,-36.82442748,0,0,6932.090112
1.67608E+18,-0.563964844,-0.020507813,-0.213623047,-1.030534351,-9.503816794,-37.42748092,0,0,6932.100096
1.67608E+18,-0.668212891,-0.020751953,-0.191894531,-1.664122137,-10.10687023,-37.82442748,0,0,6932.11008
1.67608E+18,-0.786621094,0.010498047,-0.186035156,-1.86259542,-10.45801527,-38.19847328,0,0,7002.230016
1.67608E+18,-0.901611328,0.055664063,-0.143066406,-1.854961832,-10.67175573,-38.48854962,0,0,7002.280192
1.67608E+18,-1.018066406,0.0703125,-0.145263672,-1.480916031,-10.72519084,-38.55725191,0,0,7002.280192
1.67608E+18,-1.127441406,0.052246094,-0.12890625,-1.045801527,-10.61068702,-38.32824427,0,0,7002.30016
1.67608E+18,-1.226806641,0.008300781,-0.08203125,-0.679389313,-10.30534351,-37.78625954,0,0,7002.320128
1.67608E+18,-1.343994141,-0.034423828,0.007568359,-0.648854962,-11.70992366,-36.94656489,0,0,7002.340096
1.67608E+18,-1.528808594,-0.070800781,0.059570313,-0.908396947,-8.717557252,-35.74045802,0,0,7055.250176
1.67608E+18,-1.720703125,-0.137695313,0.079345703,-1.503816794,-7.526717557,-33.99236641,0,0,7055.270144
1.67608E+18,2,-0.682373047,0.381835938,-2.076335878,-5.702290076,-31.73282443,0,0,7055.270144
1.67608E+18,2,-0.566650391,0.103027344,-6.351145038,-4.34351145,-28.83206107,0,0,7055.290112
1.67608E+18,-1.723632813,0.449707031,-0.080566406,-4.13740458,-2.511450382,-22.04580153,0,0,7055.300096
1.67608E+18,-1.334960938,0.069824219,0.133056641,-5.961832061,-2.664122137,-18.64122137,0,0,7055.31008
1.67608E+18,-1.213134766,0.366699219,-0.200927734,-5.969465649,-4.465648855,-14.4351145,0,0,7115.780096
1.67608E+18,-1.479492188,1.099853516,-0.752197266,-1.351145038,-2.320610687,-10.5648855,0,0,7115.800064
1.67608E+18,-1.249023438,-0.354736328,0.011230469,-5.442748092,-3.190839695,-9.045801527,0,0,7115.830016
1.67608E+18,-0.734863281,-0.702148438,-0.273193359,-10.74045802,-5.091603053,-7.603053435,0,0,7115.84
1.67608E+18,-0.511230469,0.185546875,-0.304443359,-8.633587786,-6,-0.755725191,0,0,7115.930112
1.67608E+18,-0.871826172,-0.234863281,0.204833984,-10.96183206,-6.786259542,2.877862595,0,0,7115.940096
1.67608E+18,-1.90625,-0.778320313,0.777832031,-17.27480916,-6.625954198,3.496183206,0,0,7178.710016
1.67608E+18,-1.990234375,2,0.646240234,-21.17557252,0.198473282,10.55725191,0,0,7178.72
1.67608E+18,2,0.791015625,1.999938965,-12.77099237,3.717557252,21.29770992,0,0,7178.729984
1.67608E+18,-1.984375,0.879638672,-1.244873047,-6.045801527,8.083969466,21.12977099,0,0,7178.750208
1.67608E+18,-1.975830078,1.999938965,-0.434082031,-1.152671756,5.687022901,19.03053435,0,0,7178.790144
1.67608E+18,-0.345458984,-0.381347656,-0.405029297,1.984732824,1.221374046,15.77099237,0,0,7178.790144
1.67608E+18,-0.723632813,-0.774658203,0.067626953,2.679389313,-0.641221374,14.66412214,0,0,7178.83008
1.67608E+18,-0.425048828,-1.365966797,-0.064453125,0.503816794,-1.282442748,15.46564885,0,0,7243.410176
1.67608E+18,-0.717041016,-0.404052734,-0.490722656,2.045801527,-0.603053435,16.07633588,0,0,7243.480064
1.67608E+18,-1.248291016,1.065917969,-0.650390625,6.076335878,0.572519084,14.91603053,0,0,7243.490048
1.67608E+18,-1.256347656,1.377441406,-0.518310547,9.358778626,1.167938931,12.85496183,0,0,7243.560192
1.67608E+18,-1.22265625,1.052978516,-0.662597656,11.75572519,1.824427481,11.1221374,0,0,7243.58016
1.67608E+18,-0.967285156,0.416015625,-0.472412109,10.89312977,1.374045802,9.404580153,0,0,7243.610112
1.67608E+18,-0.912841797,-0.018554688,-0.169189453,7.282442748,0.030534351,7.969465649,0,0,7309.50016
1.67608E+18,-0.918457031,-0.252685547,-0.020996094,2.564885496,-1.114503817,7.748091603,0,0,7309.530112
1.67608E+18,-0.887939453,-0.162109375,-0.021728516,-1.717557252,-2.145038168,8.007633588,0,0,7309.530112
1.67608E+18,-0.881103516,-0.080810547,0.144042969,-4.801526718,-3.183206107,7.679389313,0,0,7309.540096
1.67608E+18,-0.935546875,0.106445313,0.321533203,-6.404580153,-3.335877863,6.938931298,0,0,7309.540096
1.67608E+18,-1.006347656,0.095214844,0.298095703,-5.778625954,-2.473282443,6.007633588,0,0,7309.55008
1.67608E+18,-0.968017578,-0.053222656,0.292480469,-4.450381679,-1.603053435,4.740458015,0,0,7309.6
1.67608E+18,-0.900390625,-0.123291016,0.191894531,-2.335877863,-1.167938931,3.671755725,0,0,7360.280064
1.67608E+18,-0.957519531,-0.105712891,0.125488281,0.267175573,-0.717557252,3.511450382,0,0,7360.300032
1.67608E+18,-0.917724609,-0.324462891,0.120605469,1.610687023,-0.458015267,3.969465649,0,0,7360.33024
1.67608E+18,-0.927490234,-0.487304688,0.019287109,1.72519084,-0.190839695,4.854961832,0,0,7360.33024
1.67608E+18,-0.918457031,-0.502441406,-0.032714844,1.190839695,-0.076335878,5.908396947,0,0,7360.360192
1.67608E+18,-0.942138672,-0.474853516,-0.154541016,0.122137405,0.27480916,6.58778626,0,0,7410.57024
1.67608E+18,-1.007080078,-0.2890625,-0.186035156,-0.259541985,0.770992366,7.183206107,0,0,7410.590208
1.67608E+18,-1.008300781,-0.124023438,-0.161865234,0.305343511,1.190839695,7.854961832,0,0,7410.600192
1.67608E+18,-0.782714844,-0.198242188,-0.170166016,0.106870229,0.954198473,7.786259542,0,0,7410.610176
1.67608E+18,-0.834960938,-0.30078125,-0.144042969,-0.106870229,0.404580153,7.442748092,0,0,7410.640128
1.67608E+18,-0.919921875,-0.301757813,0.017089844,0.511450382,0.366412214,7.847328244,0,0,7467.660032
1.67608E+18,-0.959960938,-0.211181641,0.122070313,0.717557252,0.496183206,8.427480916,0,0,7467.689984
1.67608E+18,-0.9609375,-0.090332031,0.036865234,1.519083969,0.694656489,8.816793893,0,0,7467.700224
1.67608E+18,-0.906738281,-0.217773438,0.071044922,1.58778626,0.717557252,8.938931298,0,0,7467.720192
1.67608E+18,-0.950439453,-0.112792969,0.037597656,1.709923664,0.93129771,8.992366412,0,0,7467.760128
1.67608E+18,-0.916015625,-0.074462891,-0.017089844,1.847328244,1.007633588,9,0,0,7514.30016
1.67608E+18,-0.950683594,0.030517578,-0.021728516,2,1.099236641,8.908396947,0,0,7514.330112
1.67608E+18,-0.944824219,0.023681641,-0.048095703,1.984732824,1.106870229,8.832061069,0,0,7514.340096
1.67608E+18,-0.930419922,-0.027099609,-0.099609375,1.717557252,1.160305344,8.763358779,0,0,7514.35008
1.67608E+18,-0.934570313,-0.044677734,-0.129150391,1.427480916,1.13740458,8.671755725,0,0,7514.390016
1.67608E+18,-0.974365234,0.027099609,-0.129150391,1.27480916,1.122137405,8.610687023,0,0,7561.170176
1.67608E+18,-0.96875,0.001464844,-0.137207031,0.946564885,1.20610687,8.770992366,0,0,7561.190144
1.67608E+18,-0.947998047,-0.152587891,-0.117675781,0.41221374,1.297709924,9.038167939,0,0,7561.200128
1.67608E+18,-0.971435547,-0.1640625,-0.089355469,0.152671756,1.442748092,9.58778626,0,0,7561.220096
1.67608E+18,-0.976806641,-0.222900391,-0.059814453,-0.114503817,1.519083969,10.22900763,0,0,7561.260032
1.67608E+18,-0.980224609,-0.174316406,-0.003417969,0.20610687,1.526717557,10.90076336,0,0,7609.129984
1.67608E+18,-1.012939453,-0.2109375,0.032226563,0.58778626,1.603053435,11.54198473,0,0,7609.200128
1.67608E+18,-1.018066406,-0.263427734,0.022949219,1.053435115,1.740458015,12.28244275,0,0,7609.240064
1.67608E+18,-1.03125,-0.228759766,0.016845703,1.610687023,1.778625954,12.89312977,0,0,7609.240064
1.67608E+18,-1.022460938,-0.188964844,0.012939453,2.305343511,1.755725191,13.3740458,0,0,7655.350016
1.67608E+18,-1.101074219,0.082519531,0.0859375,4.061068702,1.717557252,13.91603053,0,0,7655.350016
1.67608E+18,-1.370361328,-0.273193359,0.126953125,4.58778626,2.389312977,14.46564885,0,0,7655.37024
1.67608E+18,-1.240722656,-0.538085938,0.012451172,3.465648855,2.732824427,15.3129771,0,0,7655.390208
1.67608E+18,-1.302734375,-0.395019531,-0.125244141,3.122137405,2.86259542,16.1221374,0,0,7655.450112
1.67608E+18,-1.319091797,-0.603027344,-0.065917969,2.427480916,3.045801527,17.51908397,0,0,7702.160128
1.67608E+18,-1.442138672,-0.733398438,-0.068847656,1.839694656,3.305343511,18.69465649,0,0,7702.180096
1.67608E+18,-1.441162109,-0.84375,-0.111083984,0.954198473,3.465648855,20.27480916,0,0,7702.19008
1.67608E+18,-1.424072266,-0.786376953,-0.122558594,0.267175573,3.580152672,21.83206107,0,0,7702.19008
1.67608E+18,-1.441162109,-0.752197266,-0.080566406,-0.091603053,3.801526718,23.15267176,0,0,7702.210048
1.67608E+18,-1.475097656,-0.764892578,-0.021728516,-0.251908397,4.152671756,24.17557252,0,0,7750.760192
1.67608E+18,-1.383056641,-0.578857422,-0.006103516,0,4.702290076,25.25954198,0,0,7750.770176
1.67608E+18,-1.483642578,-0.232177734,0.055175781,1.175572519,4.557251908,25.99236641,0,0,7750.78016
1.67608E+18,-1.434082031,-0.157470703,0.057128906,2.183206107,4.198473282,26.19083969,0,0,7750.83008
1.67608E+18,-1.443359375,0.080322266,-0.007568359,3.511450382,3.816793893,25.88549618,0,0,7750.840064
1.67608E+18,-1.364013672,0.024902344,-0.072265625,4.27480916,3.099236641,25.19847328,0,0,7807.610112
1.67608E+18,-1.212646484,0.123046875,-0.132080078,5.076335878,2.312977099,24.36641221,0,0,7807.63008
1.67608E+18,-1.045410156,0.181884766,-0.174316406,6.091603053,1.603053435,23.40458015,0,0,7807.63008
1.67608E+18,-0.975585938,0.444091797,-0.263183594,8.099236641,1.022900763,22.80152672,0,0,7807.640064
1.67608E+18,-1.029296875,0.825439453,-0.309570313,10.51908397,0.503816794,21.6259542,0,0,7807.660032
1.67608E+18,-1.189697266,1.575683594,-0.117675781,11.92366412,0.564885496,18,0,0,7853.530112
1.67608E+18,-1.134765625,0.112304688,0.0390625,8.282442748,0.389312977,10.25954198,0,0,7853.560064
1.67608E+18,-0.707763672,-1.104003906,-0.140136719,2.190839695,-1.030534351,13.04580153,0,0,7853.580032
1.67608E+18,-1.165283203,1.999938965,-0.598144531,14.48091603,-0.450381679,9.221374046,0,0,7853.6
1.67608E+18,-1.123779297,-0.377441406,0.284912109,2.900763359,0.290076336,0.045801527,0,0,7853.6
1.67608E+18,-0.690917969,-0.080322266,-0.407226563,-1.297709924,1.061068702,-2.458015267,0,0,7903.410176
1.67608E+18,-0.435791016,0.190917969,-0.399414063,-0.580152672,0.72519084,-3.030534351,0,0,7903.440128
1.67608E+18,-0.37109375,-0.376464844,-0.097412109,-4.908396947,0.175572519,-5.061068702,0,0,7903.47008
1.67608E+18,-0.312011719,-0.044921875,-0.495117188,-4.748091603,0.511450382,-5.770992366,0,0,7903.490048
1.67608E+18,-0.24609375,0.085205078,-0.311767578,-4.396946565,-0.938931298,-7.450381679,0,0,7962.150144
1.67608E+18,-0.324707031,0.287597656,-0.274902344,-4.816793893,-1.809160305,-9.290076336,0,0,7962.170112
1.67608E+18,-0.386474609,0.372558594,-0.332763672,-4.687022901,-2.381679389,-11.69465649,0,0,7962.180096
1.67608E+18,-0.461914063,0.464355469,-0.296142578,-4.129770992,-2.801526718,-13.96946565,0,0,7962.180096
1.67608E+18,-0.559814453,0.426025391,-0.206298828,-3.702290076,-2.786259542,-16.48091603,0,0,7962.19008
1.67608E+18,-0.62109375,0.448242188,-0.213623047,-3.099236641,-2.41221374,-19.11450382,0,0,7962.220032
1.67608E+18,-0.645751953,0.416503906,-0.193115234,-2.748091603,-2.129770992,-21.32824427,0,0,7962.230016
1.67608E+18,-0.629150391,0.37109375,-0.174316406,-2.648854962,-1.977099237,-23.4351145,0,0,8007.95008
1.67608E+18,-0.606689453,0.342041016,-0.191650391,-2.458015267,-3.908396947,-25.19083969,0,0,8007.960064
1.67608E+18,-0.584716797,0.3125,-0.172607422,-2.167938931,-1.984732824,-26.7480916,0,0,8008.020224
1.67608E+18,-0.560791016,0.283691406,-0.185058594,-3.900763359,-1.969465649,-28.30534351,0,0,8008.040192
1.67608E+18,-0.557861328,0.263671875,-0.208740234,-1.702290076,-2,-29.15267176,0,0,8052.680192
1.67608E+18,-0.524169922,0.392089844,-0.218261719,-1.06870229,-2.312977099,-30.72519084,0,0,8052.70016
1.67608E+18,-0.483642578,0.274902344,-0.223632813,-0.854961832,-2.870229008,-31.72519084,0,0,8052.730112
1.67608E+18,-0.520751953,0.284423828,-0.270019531,-0.221374046,-3.465648855,-32.79389313,0,0,8052.840192
1.67608E+18,-0.560791016,0.27734375,-0.256835938,0.160305344,-4.053435115,-33.74045802,0,0,8052.850176
1.67608E+18,-0.597900391,0.158935547,-0.243408203,0.534351145,-4.778625954,-34.55725191,0,0,8097.55008
1.67608E+18,-0.573974609,0.099121094,-0.258056641,0.58778626,-5.511450382,-35.33587786,0,0,8097.560064
1.67608E+18,-0.653564453,0.173828125,-0.261962891,1.038167939,-6.229007634,-35.94656489,0,0,8097.570048
1.67608E+18,-0.704589844,0.140869141,-0.23828125,1.053435115,-7,-36.45038168,0,0,8097.71008
1.67608E+18,-0.741699219,0.172851563,-0.232666016,1.427480916,-7.633587786,-36.74045802,0,0,8146.330112
1.67608E+18,-0.789550781,0.163818359,-0.208007813,1.839694656,-8.213740458,-36.92366412,0,0,8146.390016
1.67608E+18,-0.81640625,0.105957031,-0.161132813,2.244274809,-8.541984733,-36.73282443,0,0,8146.4
1.67608E+18,-0.865478516,0.053222656,-0.153320313,2.755725191,-8.694656489,-36.15267176,0,0,8146.4
1.67608E+18,-0.968017578,-0.026367188,-0.157226563,3.007633588,-8.893129771,-35.3740458,0,0,8146.420224
1.67608E+18,-1.162353516,-0.015869141,-0.139160156,3.534351145,-9.160305344,-34.49618321,0,0,8194.070016
1.67608E+18,-1.338378906,-0.053466797,-0.115966797,3.442748092,-9.091603053,-33.27480916,0,0,8194.089984
1.67608E+18,-1.481933594,-0.124511719,-0.048828125,3.022900763,-8.839694656,-31.99236641,0,0,8194.110208
1.67608E+18,-1.604980469,-0.239746094,0.002929688,1.893129771,-8.099236641,-30.32824427,0,0,8194.120192
1.67608E+18,2,-0.585693359,0.102783203,-0.893129771,-7.122137405,-27.78625954,0,0,8194.14016
1.67608E+18,-1.669189453,-0.138183594,-0.071533203,-2.06870229,-5.961832061,-23.84732824,0,0,8241.580032
1.67608E+18,-1.478271484,0.059082031,-0.133300781,-2.732824427,-4.572519084,-20.88549618,0,0,8241.6
1.67608E+18,-1.106689453,-0.218017578,-0.135009766,-4.885496183,-4.694656489,-19.2519084,0,0,8241.61024
1.67608E+18,-1.151611328,0.099121094,-0.283447266,-5.13740458,-5.129770992,-13.55725191,0,0,8241.620224
1.67608E+18,-1.124023438,0.114746094,-0.258300781,-5.557251908,-5.20610687,-9.526717557,0,0,8241.630208
1.67608E+18,-1.171875,0.424316406,-0.343017578,-5.503816794,-3.694656489,-9.404580153,0,0,8286.88
1.67608E+18,-0.866455078,-1.697265625,0.105712891,-15.29007634,-4.473282443,-5.664122137,0,0,8286.900224
1.67608E+18,-0.445556641,-0.229248047,-0.405517578,-11.95419847,-4.809160305,-0.564885496,0,0,8286.920192
1.67608E+18,-0.991943359,0.362548828,-0.020996094,-10.76335878,-4.740458015,2.648854962,0,0,8286.950144
1.67608E+18,-1.464111328,-0.203857422,0.179199219,-15.02290076,-4.900763359,3.045801527,0,0,8337.060096
1.67608E+18,2,-0.622314453,0.381835938,-17.14503817,-3.053435115,5.41221374,0,0,8337.080064
1.67608E+18,2,1.999938965,0.807128906,-9.801526718,-2.541984733,19.32061069,0,0,8337.090048
1.67608E+18,2,1.997802734,1.314208984,-6.213740458,8.732824427,16.8778626,0,0,8337.090048
1.67608E+18,2,0.800048828,-0.131103516,-2.435114504,7.290076336,17.90076336,0,0,8337.100032
1.67608E+18,-1.026611328,0.892822266,-0.075439453,7.076335878,2.595419847,14.41984733,0,0,8393.830144
1.67608E+18,-0.896728516,-0.248535156,0.164794922,11.67175573,0.778625954,12.64885496,0,0,8393.87008
1.67608E+18,-0.312255859,-1.354003906,0.080810547,11.45038168,0.366412214,12.72519084,0,0,8393.910016
1.67608E+18,-0.9140625,-0.397949219,-0.534423828,13.09160305,2.076335878,12.93129771,0,0,8393.92
1.67608E+18,-0.876464844,0.012207031,-0.786621094,15.36641221,3.877862595,12.89312977,0,0,8393.92
1.67608E+18,-0.964355469,0.286621094,-0.741943359,17.1221374,4.992366412,11.91603053,0,0,8393.950208
1.67608E+18,-0.996337891,0.367675781,-0.665527344,18.19847328,4.984732824,10.64122137,0,0,8439.720192
1.67608E+18,-1.090332031,0.258300781,-0.4609375,18.8778626,4.564885496,9.824427481,0,0,8439.750144
1.67608E+18,-1.015136719,0.120361328,-0.215332031,17.94656489,3.610687023,9.351145038,0,0,8439.750144
1.67608E+18,-0.995361328,0.031982422,-0.072509766,17.3129771,2.679389313,8.854961832,0,0,8439.780096
1.67608E+18,-0.93359375,-0.033935547,-0.011230469,13.40458015,1.870229008,8.190839695,0,0,8439.79008
1.67608E+18,-0.920166016,-0.151367188,0.065429688,6.618320611,1.145038168,7.72519084,0,0,8485.880064
1.67608E+18,-0.901367188,-0.239990234,0.106201172,1.34351145,0.41221374,7.473282443,0,0,8485.890048
1.67608E+18,-0.925292969,-0.151611328,0.143554688,-2.93129771,-0.030534351,7.267175573,0,0,8485.900032
1.67608E+18,-0.990234375,0.104980469,0.206542969,-4.694656489,0.106870229,6.816793893,0,0,8485.940224
1.67608E+18,-0.796875,0.07421875,0.364501953,-5.740458015,1.938931298,6.114503817,0,0,8532.950016
1.67608E+18,-0.915039063,0.013183594,0.291015625,-5.290076336,-0.145038168,4.908396947,0,0,8532.950016
1.67608E+18,-1.109130859,-0.056884766,0.301269531,-3.20610687,0.511450382,3.648854962,0,0,8532.980224
1.67608E+18,-1.005615234,-0.179931641,0.282714844,-1.984732824,1.167938931,2.900763359,0,0,8533.040128
1.67608E+18,-1.003417969,-0.031982422,0.086425781,-0.198473282,2.076335878,2.519083969,0,0,8533.050112
1.67608E+18,-0.941650391,-0.203857422,-0.033447266,0.748091603,2.564885496,2.465648855,0,0,8593.000192
1.67608E+18,-0.897460938,-0.407714844,-0.172363281,0.259541985,2.549618321,2.839694656,0,0,8593.030144
1.67608E+18,-0.89453125,-0.459472656,-0.233886719,-0.641221374,2.290076336,3.664122137,0,0,8593.060096
1.67608E+18,-0.899414063,-0.434570313,-0.241455078,-1.86259542,1.839694656,4.34351145,0,0,8593.07008
1.67608E+18,-0.946533203,-0.271972656,-0.250244141,-2.267175573,1.564885496,4.832061069,0,0,8593.12
1.67608E+18,-0.939697266,-0.239501953,-0.173339844,-2.038167939,1.366412214,4.946564885,0,0,8593.129984
1.67608E+18,-0.933105469,-0.206298828,-0.176757813,-1.282442748,1.419847328,5.106870229,0,0,8639.650048
1.67608E+18,-0.916992188,-0.285400391,-0.106689453,-0.259541985,1.519083969,5.366412214,0,0,8639.670016
1.67608E+18,-0.914794922,-0.354736328,-0.104492188,0.328244275,1.65648855,5.503816794,0,0,8639.68
1.67608E+18,-0.934814453,-0.292724609,-0.048583984,0.770992366,1.671755725,5.648854962,0,0,8639.69024
1.67608E+18,-0.960449219,-0.160888672,-0.034667969,1.145038168,1.748091603,5.946564885,0,0,8639.710208
1.67608E+18,-0.956542969,-0.152099609,-0.037353516,1.312977099,1.870229008,6.290076336,0,0,8686.950144
1.67608E+18,-1.040527344,-0.154541016,-0.06640625,1.198473282,2.213740458,6.824427481,0,0,8686.960128
1.67608E+18,-0.963867188,-0.178466797,-0.090576172,0.763358779,2.175572519,7.167938931,0,0,8686.960128
1.67608E+18,-0.737548828,-0.1875,-0.072998047,-0.717557252,1.435114504,6.541984733,0,0,8686.970112
1.67608E+18,-0.946533203,0.071533203,-0.042724609,-0.389312977,1.396946565,5.946564885,0,0,8737.880064
1.67608E+18,-0.939941406,0.041503906,0.137451172,0.167938931,1.427480916,5.755725191,0,0,8737.900032
1.67608E+18,-1.002685547,0.087646484,0.061035156,0.938931298,1.748091603,5.480916031,0,0,8737.92
1.67608E+18,-0.949951172,-0.041015625,0.043701172,1.351145038,1.877862595,5.145038168,0,0,8737.92
1.67608E+18,-0.953369141,-0.097167969,0.027587891,1.106870229,2.038167939,5.160305344,0,0,8737.98016
1.67608E+18,-0.970214844,-0.083740234,-0.01953125,0.977099237,2.183206107,5.282442748,0,0,8793.460224
1.67608E+18,-0.983398438,-0.138916016,-0.052246094,0.664122137,2.312977099,5.297709924,0,0,8793.480192
1.67608E+18,-0.956542969,-0.086425781,-0.086181641,0.541984733,2.335877863,5.27480916,0,0,8793.510144
1.67608E+18,-0.963623047,-0.034912109,-0.100585938,0.541984733,2.381679389,5.20610687,0,0,8793.510144
1.67608E+18,-0.982421875,-0.060302734,-0.105712891,0.541984733,3,5.244274809,0,0,8793.55008
1.67608E+18,-0.970214844,-0.085449219,-0.141601563,0.557251908,2.564885496,5.335877863,0,0,8793.560064
1.67608E+18,-0.982421875,-0.143554688,-0.154052734,0.374045802,2.534351145,5.496183206,0,0,8842.200064
1.67608E+18,-0.984375,-0.146728516,-0.157226563,0.244274809,2.435114504,5.618320611,0,0,8842.220032
1.67608E+18,-0.997558594,-0.127929688,-0.174072266,0.175572519,2.27480916,5.809160305,0,0,8842.260224
1.67608E+18,-1.020996094,-0.155761719,-0.176025391,0.198473282,2.152671756,5.86259542,0,0,8842.280192
1.67608E+18,-1.010986328,-0.156982422,-0.190185547,0.129770992,2.038167939,5.770992366,0,0,8842.30016
1.67608E+18,-1.021972656,-0.139404297,-0.201660156,0.328244275,1.916030534,5.732824427,0,0,8892.680192
1.67608E+18,-1.036132813,-0.093261719,-0.169921875,0.770992366,1.778625954,5.740458015,0,0,8892.710144
1.67608E+18,-1.095947266,-0.075439453,-0.141357422,1.335877863,1.65648855,5.72519084,0,0,8892.740096
1.67608E+18,-1.114746094,-0.038330078,-0.056152344,2.27480916,1.442748092,5.79389313,0,0,8892.75008
1.67608E+18,-1.271972656,-0.310302734,-0.038574219,1.969465649,1.824427481,6.145038168,0,0,8892.75008
1.67608E+18,-1.168212891,-0.427734375,-0.125488281,1.053435115,1.946564885,6.702290076,0,0,8952.730112
1.67608E+18,-1.162353516,-0.331542969,-0.234863281,0.648854962,1.893129771,7.083969466,0,0,8952.75008
1.67608E+18,-1.124023438,-0.374267578,-0.258544922,0.06870229,1.72519084,7.427480916,0,0,8952.770048
1.67608E+18,-1.12890625,-0.323242188,-0.265625,1.549618321,1.709923664,6.145038168,0,0,8952.790016
1.67608E+18,-1.082519531,-0.33203125,-0.285644531,-0.572519084,1.671755725,8.244274809,0,0,8952.86016
1.67608E+18,-1.078613281,-0.220214844,-0.303710938,-0.763358779,1.664122137,8.618320611,0,0,9018.370048
1.67608E+18,-1.025634766,-0.188964844,-0.272216797,-1.099236641,1.564885496,8.717557252,0,0,9018.390016
1.67608E+18,-0.997558594,-0.091064453,-0.252685547,-1.022900763,1.427480916,8.938931298,0,0,9018.409984
1.67608E+18,-0.960205078,0.015869141,-0.218994141,-0.801526718,1.297709924,9.114503817,0,0,9018.430208
1.67608E+18,-0.945556641,0.111328125,-0.185546875,-0.358778626,1.129770992,9.351145038,0,0,9018.470144
1.67608E+18,-0.988525391,0.261230469,-0.147460938,0.045801527,0.992366412,9.534351145,0,0,9018.480128
1.67608E+18,-0.996337891,0.253173828,-0.101806641,0.396946565,0.900763359,9.618320611,0,0,9018.520064
1.67608E+18,-0.950439453,0.264892578,-0.111328125,0.442748092,0.870229008,9.488549618,0,0,9073.270016
1.67608E+18,-0.957275391,0.259277344,-0.111572266,0.328244275,0.938931298,9.427480916,0,0,9073.270016
1.67608E+18,-0.940917969,0.327148438,-0.117919922,0.366412214,0.969465649,9.213740458,0,0,9073.28
1.67608E+18,-0.859130859,0.317138672,-0.130615234,0.351145038,0.954198473,8.648854962,0,0,9073.330176
1.67608E+18,-0.786865234,0.290039063,-0.152099609,0.290076336,0.870229008,9.732824427,0,0,9073.330176
1.67608E+18,-0.753417969,0.259765625,-0.190185547,0.122137405,0.809160305,6.816793893,0,0,9073.360128
1.67608E+18,-0.736816406,0.228515625,-0.187744141,-0.06870229,0.778625954,5.679389313,0,0,9119.68
1.67608E+18,-0.733886719,0.215087891,-0.188232422,-0.404580153,0.694656489,4.305343511,0,0,9119.69024
1.67608E+18,-0.727539063,0.154541016,-0.183837891,-0.916030534,0.610687023,2.65648855,0,0,9119.69024
1.67608E+18,-0.757568359,0.204101563,-0.219482422,-1.122137405,0.603053435,1.030534351,0,0,9119.74016
1.67608E+18,-0.728759766,0.231689453,-0.19921875,-1.381679389,0.610687023,-0.328244275,0,0,9119.750144
1.67608E+18,-0.729980469,0.329101563,-0.204345703,-1,0.801526718,-1.633587786,0,0,9166.170112
1.67608E+18,-0.716552734,0.402832031,-0.178466797,-0.41221374,0.86259542,-2.885496183,0,0,9166.180096
1.67608E+18,-0.549072266,0.23046875,-0.052490234,-0.534351145,0.351145038,-3.740458015,0,0,9166.200064
1.67608E+18,-0.666259766,0.395751953,-0.211914063,0.526717557,0.687022901,-5.526717557,0,0,9166.24
1.67608E+18,-0.648925781,0.283203125,-0.142822266,0.221374046,0.702290076,-6.809160305,0,0,9213.480192
1.67608E+18,-0.611328125,0.218505859,-0.179199219,-0.549618321,0.526717557,-8.351145038,0,0,9213.490176
1.67608E+18,-0.603271484,0.229736328,-0.234130859,-0.992366412,0.282442748,-7.86259542,0,0,9213.540096
1.67608E+18,-0.591064453,0.265380859,-0.258544922,-1.183206107,-0.106870229,-11.0610687,0,0,9213.55008
1.67608E+18,-0.599121094,0.307373047,-0.26171875,-1.229007634,-0.465648855,-12.29007634,0,0,9213.6
1.67608E+18,-0.6015625,0.250244141,-0.247802734,-1.496183206,-0.916030534,-13.57251908,0,0,9273.310208
1.67608E+18,-0.608642578,0.196044922,-0.242431641,-2.091603053,-1.366412214,-14.67175573,0,0,9273.320192
1.67608E+18,-0.637451172,0.178710938,-0.270507813,-2.450381679,-1.900763359,-15.55725191,0,0,9273.410048
1.67608E+18,-0.647460938,0.143554688,-0.271240234,-2.832061069,-2.404580153,-16.34351145,0,0,9273.420032
1.67608E+18,-0.674560547,0.132568359,-0.260009766,-3.297709924,-2.923664122,-16.95419847,0,0,9273.44
1.67608E+18,-0.714355469,0.084960938,-0.250244141,-3.786259542,-3.435114504,-17.44274809,0,0,9273.470208
1.67608E+18,-0.747314453,0.058837891,-0.245117188,-4.290076336,-3.86259542,-17.80152672,0,0,9318.249984
1.67608E+18,-0.910644531,0.158203125,-0.257568359,-4.27480916,-4.083969466,-17.81679389,0,0,9318.280192
1.67608E+18,-1.001708984,0.096191406,-0.193603516,-4.374045802,-4.312977099,-17.64885496,0,0,9318.310144
1.67608E+18,-1.158203125,0.076660156,-0.16796875,-4.801526718,-4.41221374,-17.11450382,0,0,9318.310144
1.67608E+18,-0.992431641,-0.064941406,-0.162109375,-5.335877863,-4.442748092,-16.41984733,0,0,9367.510016
1.67608E+18,-0.980712891,-0.265869141,-0.250976563,-5.79389313,-5.06870229,-15.54198473,0,0,9367.529984
1.67608E+18,-0.971191406,-0.708007813,-0.109375,-9.122137405,-4.320610687,-16.72519084,0,0,9367.560192
1.67608E+18,-1.34375,-0.315917969,-0.264892578,-10.45801527,-3.847328244,-14.3129771,0,0,9367.570176
1.67608E+18,-1.445800781,0.211914063,-0.237792969,-8.022900763,-3.122137405,-12.49618321,0,0,9367.610112
1.67608E+18,-1.05078125,-0.275146484,-0.116699219,-9.351145038,-2.86259542,-11.80916031,0,0,9414.750208
1.67608E+18,-1.060302734,-0.076416016,-0.290283203,-9.572519084,-2.770992366,-9.870229008,0,0,9414.790144
1.67608E+18,-1.986572266,-0.194091797,-0.135986328,-8.442748092,-1.488549618,-7.473282443,0,0,9414.810112
1.67608E+18,2,0.096191406,-0.075439453,-6.221374046,0.282442748,-2.106870229,0,0,9414.820096
1.67608E+18,-0.970458984,0.840576172,-0.111816406,-3.732824427,0.992366412,-0.229007634,0,0,9414.840064
1.67608E+18,-0.739746094,0.861328125,-0.184082031,-0.282442748,1.282442748,1.221374046,0,0,9473.220096
1.67608E+18,-1.591796875,0.715820313,-0.060058594,2.022900763,1,3.190839695,0,0,9473.240064
1.67608E+18,-0.884521484,-0.049316406,0.053710938,1.122137405,-0.664122137,2.770992366,0,0,9473.250048
1.67608E+18,-0.901611328,-0.814697266,0.046875,-1.717557252,-1.175572519,1.961832061,0,0,9473.260032
1.67608E+18,-0.965820313,-0.565429688,0.110351563,-3.648854962,-1.442748092,1.854961832,0,0,9473.300224
1.67608E+18,-0.932861328,0.047851563,0.105712891,-2.603053435,-1.312977099,1.717557252,0,0,9473.310208
1.67608E+18,-1.076904297,0.351318359,0.021240234,-1.809160305,-0.770992366,1.213740458,0,0,9518.200064
1.67608E+18,-1.004882813,0.103515625,-0.0546875,2.129770992,-0.145038168,0.442748092,0,0,9518.220032
1.67608E+18,-0.935791016,-0.165771484,-0.158935547,2.564885496,0.244274809,-0.122137405,0,0,9518.230016
1.67608E+18,-0.916748047,-0.176269531,-0.244873047,2.511450382,0.297709924,-0.34351145,0,0,9518.24
1.67608E+18,-0.913330078,-0.104736328,-0.258789063,2.091603053,0.015267176,-0.366412214,0,0,9567.930112
1.67608E+18,-0.948730469,-0.054443359,-0.263916016,1.312977099,-0.381679389,-0.404580153,0,0,9568
1.67608E+18,-0.955078125,-0.101074219,-0.266845703,0.320610687,-0.702290076,-0.389312977,0,0,9568.020224
1.67608E+18,-0.943847656,-0.179199219,-0.271972656,-0.923664122,-0.984732824,-0.396946565,0,0,9568.030208
1.67608E+18,-0.938476563,-0.136474609,-0.260009766,-1.763358779,-1.244274809,-0.435114504,0,0,9568.06016
