%time,field.mode,field.duration,field.motor1_move,field.motor2_move,field.motor1_torque,field.motor2_torque
1677616065419737900,0,0,10000,10000,1500,1500
1677616065419757100,0,0,10000,10000,1500,1500
1677616065419761200,0,0,10000,10000,1500,1500
1677616065419767300,0,0,10000,10000,1500,1500
1677616065419771000,0,0,10000,10000,1500,1500
1677616065468381000,0,0,10000,10000,1500,1500
1677616065468403200,0,0,10000,10000,1500,1500
1677616065468406900,0,0,10000,10000,1500,1500
1677616065468412900,0,0,10000,10000,1500,1500
1677616065468445400,0,0,10000,10000,1500,1500
1677616065533663900,0,0,10000,10000,1500,1500
1677616065533703800,0,0,10000,10000,1500,1500
1677616065533715200,0,0,10000,10000,1500,1500
1677616065533732000,0,0,10000,10000,1500,1500
1677616065533747700,0,0,10000,10000,1500,1500
1677616065533885100,0,0,10000,10000,1500,1500
1677616065590618000,0,0,10000,10000,1500,1500
1677616065590659600,0,0,10000,10000,1500,1500
1677616065590671200,0,0,10000,10000,1500,1500
1677616065590678900,0,0,10000,10000,1500,1500
1677616065590689500,0,0,10000,10000,1500,1500
1677616065590695800,0,0,10000,10000,1500,1500
1677616065637585500,0,0,10000,10000,1500,1500
1677616065637631700,0,0,10000,10000,1500,1500
1677616065637641600,0,0,10000,10000,1500,1500
1677616065637650000,0,0,10000,10000,1500,1500
1677616065683757100,0,0,10000,10000,1500,1500
1677616065683805700,0,0,10000,10000,1500,1500
1677616065683830000,0,0,10000,10000,1500,1500
1677616065683841900,0,0,10000,10000,1500,1500
1677616065683853100,0,0,10000,10000,1500,1500
1677616065733077600,0,0,10000,10000,1500,1500
1677616065733083300,0,0,10000,10000,1500,1500
1677616065733088900,0,0,10000,10000,1500,1500
1677616065733094900,0,0,10000,10000,1500,1500
1677616065733111200,0,0,10000,10000,1500,1500
1677616065801999400,0,0,10000,10000,1500,1500
1677616065802002800,0,0,10000,10000,1500,1500
1677616065802005900,0,0,10000,10000,1500,1500
1677616065802010300,0,0,10000,10000,1500,1500
1677616065802017600,0,0,10000,10000,1500,1500
1677616065802039500,0,0,10000,10000,1500,1500
1677616065858874100,0,0,10000,10000,1500,1500
1677616065858888400,0,0,10000,10000,1500,1500
1677616065858895600,0,0,10000,10000,1500,1500
1677616065859071400,0,0,10000,10000,1500,1500
1677616065859081500,0,0,10000,10000,1500,1500
1677616065859087500,0,0,10000,10000,1500,1500
1677616065919522700,0,0,10000,10000,1500,1500
1677616065919526300,0,0,10000,10000,1500,1500
1677616065919529500,0,0,10000,10000,1500,1500
1677616065919532800,0,0,10000,10000,1500,1500
1677616065919538500,0,0,10000,10000,1500,1500
1677616065919541700,0,0,10000,10000,1500,1500
1677616065919565600,0,0,10000,10000,1500,1500
1677616065981645100,0,0,10000,10000,1500,1500
1677616065981649100,0,0,10000,10000,1500,1500
1677616065981652800,0,0,10000,10000,1500,1500
1677616065981656600,0,0,10000,10000,1500,1500
1677616065981667100,0,0,10000,10000,1500,1500
1677616065981673200,0,0,10000,10000,1500,1500
1677616066045715700,0,0,10000,10000,1500,1500
1677616066045730100,0,0,10000,10000,1500,1500
1677616066045735400,0,0,10000,10000,1500,1500
1677616066045740700,0,0,10000,10000,1500,1500
1677616066045748300,0,0,10000,10000,1500,1500
1677616066045759500,0,0,10000,10000,1500,1500
1677616066107232000,0,0,10000,10000,1500,1500
1677616066107236700,0,0,10000,10000,1500,1500
1677616066107242000,0,0,10000,10000,1500,1500
1677616066107251600,0,0,10000,10000,1500,1500
1677616066107257900,0,0,10000,10000,1500,1500
1677616066107262600,0,0,10000,10000,1500,1500
1677616066166969800,0,0,10000,10000,1500,1500
1677616066167051300,0,0,10000,10000,1500,1500
1677616066167087800,0,0,10000,10000,1500,1500
1677616066167092200,0,0,10000,10000,1500,1500
1677616066167101000,0,0,10000,10000,1500,1500
1677616066167168800,0,0,10000,10000,1500,1500
1677616066218445400,0,0,10000,10000,1500,1500
1677616066218467500,0,0,10000,10000,1500,1500
1677616066218472300,0,0,10000,10000,1500,1500
1677616066218476400,0,0,10000,10000,1500,1500
1677616066218498700,0,0,10000,10000,1500,1500
1677616066277958200,0,0,10000,10000,1500,1500
1677616066277962700,0,0,10000,10000,1500,1500
1677616066277966300,0,0,10000,10000,1500,1500
1677616066277969700,0,0,10000,10000,1500,1500
1677616066277978400,0,0,10000,10000,1500,1500
1677616066278025600,0,0,10000,10000,1500,1500
1677616066343256200,0,0,10000,10000,1500,1500
1677616066343261500,0,0,10000,10000,1500,1500
1677616066343265500,0,0,10000,10000,1500,1500
1677616066343331900,0,0,10000,10000,1500,1500
1677616066343384200,0,0,10000,10000,1500,1500
1677616066343392900,0,0,10000,10000,1500,1500
1677616066343399000,0,0,10000,10000,1500,1500
1677616066404249900,0,0,10000,10000,1500,1500
1677616066404273200,0,0,10000,10000,1500,1500
1677616066404281500,0,0,10000,10000,1500,1500
1677616066404289700,0,0,10000,10000,1500,1500
1677616066404299300,0,0,10000,10000,1500,1500
1677616066404306300,0,0,10000,10000,1500,1500
1677616066470074300,0,0,10000,10000,1500,1500
1677616066470081700,0,0,10000,10000,1500,1500
1677616066470104700,0,0,10000,10000,1500,1500
1677616066470110800,0,0,10000,10000,1500,1500
1677616066470122600,0,0,10000,10000,1500,1500
1677616066470132600,0,0,10000,10000,1500,1500
1677616066470138500,0,0,10000,10000,1500,1500
1677616066525935800,0,0,10000,10000,1500,1500
1677616066525942800,0,0,10000,10000,1500,1500
1677616066525950100,0,0,10000,10000,1500,1500
1677616066525956200,0,0,10000,10000,1500,1500
1677616066526104900,0,0,10000,10000,1500,1500
1677616066589013900,0,0,10000,10000,1500,1500
1677616066589055300,0,0,10000,10000,1500,1500
1677616066589076200,0,0,10000,10000,1500,1500
1677616066589103300,0,0,10000,10000,1500,1500
1677616066589112900,0,0,10000,10000,1500,1500
1677616066589118300,0,0,10000,10000,1500,1500
1677616066649842800,0,0,10000,10000,1500,1500
1677616066649865900,0,0,10000,10000,1500,1500
1677616066649872000,0,0,10000,10000,1500,1500
1677616066649888400,0,0,10000,10000,1500,1500
1677616066649913500,0,0,10000,10000,1500,1500
1677616066649932300,0,0,10000,10000,1500,1500
1677616066650034100,0,0,10000,10000,1500,1500
1677616066711749800,0,0,10000,10000,1500,1500
1677616066711754400,0,0,10000,10000,1500,1500
1677616066711757800,0,0,10000,10000,1500,1500
1677616066711761700,0,0,10000,10000,1500,1500
1677616066711771400,0,0,10000,10000,1500,1500
1677616066711775400,0,0,10000,10000,1500,1500
1677616066778033600,0,0,10000,10000,1500,1500
1677616066778044200,0,0,10000,10000,1500,1500
1677616066778048500,0,0,10000,10000,1500,1500
1677616066778052300,0,0,10000,10000,1500,1500
1677616066778087600,0,0,10000,10000,1500,1500
1677616066778113200,0,0,10000,10000,1500,1500
1677616066835594400,0,0,10000,10000,1500,1500
1677616066835600800,0,0,10000,10000,1500,1500
1677616066835607000,0,0,10000,10000,1500,1500
1677616066835613000,0,0,10000,10000,1500,1500
1677616066835622900,0,0,10000,10000,1500,1500
1677616066835628600,0,0,10000,10000,1500,1500
1677616066900079300,0,0,10000,10000,1500,1500
1677616066900096000,0,0,10000,10000,1500,1500
1677616066900111900,0,0,10000,10000,1500,1500
1677616066900122100,0,0,10000,10000,1500,1500
1677616066900154100,0,0,10000,10000,1500,1500
1677616066900163200,0,0,10000,10000,1500,1500
1677616066900172800,0,0,10000,10000,1500,1500
1677616066961615100,0,0,10000,10000,1500,1500
1677616066961626100,0,0,10000,10000,1500,1500
1677616066961637600,0,0,10000,10000,1500,1500
1677616066961648700,0,0,10000,10000,1500,1500
1677616066961665300,0,0,10000,10000,1500,1500
1677616066961675300,0,0,10000,10000,1500,1500
1677616067029170100,0,0,10000,10000,1500,1500
1677616067029220700,0,0,10000,10000,1500,1500
1677616067029232900,0,0,10000,10000,1500,1500
1677616068566687400,0,0,10000,10000,1500,1500
1677616068618796800,0,0,10000,10000,1500,1500
1677616068618839800,0,0,10000,10000,1500,1500
1677616068618855400,0,0,10000,10000,1500,1500
1677616068618863100,0,0,10000,10000,1500,1500
1677616068618867200,0,0,10000,10000,1500,1500
1677616068618894700,0,0,10000,10000,1500,1500
1677616068681784100,0,0,10000,10000,1500,1500
1677616068681831400,0,0,10000,10000,1500,1500
1677616068681873200,0,0,10000,10000,1500,1500
1677616068681894400,0,0,10000,10000,1500,1500
1677616068681902700,0,0,10000,10000,1500,1500
1677616068681914800,0,0,10000,10000,1500,1500
1677616068730943400,0,0,10000,10000,1500,1500
1677616068730992700,0,0,10000,10000,1500,1500
1677616068731013500,0,0,10000,10000,1500,1500
1677616068731054700,0,0,10000,10000,1500,1500
1677616068731092600,0,0,10000,10000,1500,1500
1677616068793340100,0,0,10000,10000,1500,1500
1677616068793368700,0,0,10000,10000,1500,1500
1677616068793375500,0,0,10000,10000,1500,1500
1677616068793382400,0,0,10000,10000,1500,1500
1677616068793386600,0,0,10000,10000,1500,1500
1677616068793390900,0,0,10000,10000,1500,1500
1677616068854340100,0,0,10000,10000,1500,1500
1677616068854381700,0,0,10000,10000,1500,1500
1677616068854387600,0,0,10000,10000,1500,1500
1677616068854399200,0,0,10000,10000,1500,1500
1677616068854407100,0,0,10000,10000,1500,1500
1677616068854413300,0,0,10000,10000,1500,1500
1677616068914463200,0,0,10000,10000,1500,1500
1677616068914548900,0,0,10000,10000,1500,1500
1677616068914588000,0,0,10000,10000,1500,1500
1677616068914601300,0,0,10000,10000,1500,1500
1677616068914608700,0,0,10000,10000,1500,1500
1677616068914619700,0,0,10000,10000,1500,1500
1677616068979688000,0,0,10000,10000,1500,1500
1677616068979717300,0,0,10000,10000,1500,1500
1677616068979722100,0,0,10000,10000,1500,1500
1677616068979729100,0,0,10000,10000,1500,1500
1677616068979735800,0,0,10000,10000,1500,1500
1677616068979739700,0,0,10000,10000,1500,1500
1677616068979750300,0,0,10000,10000,1500,1500
1677616069037630700,0,0,10000,10000,1500,1500
1677616069037694700,0,0,10000,10000,1500,1500
1677616069037706900,0,0,10000,10000,1500,1500
1677616069037716600,0,0,10000,10000,1500,1500
1677616069037722700,0,0,10000,10000,1500,1500
1677616069037728200,0,0,10000,10000,1500,1500
1677616069083812700,0,0,10000,10000,1500,1500
1677616069083858800,0,0,10000,10000,1500,1500
1677616069083874000,0,0,10000,10000,1500,1500
1677616069083882200,0,0,10000,10000,1500,1500
1677616069130971400,0,0,10000,10000,1500,1500
1677616069130995200,0,0,10000,10000,1500,1500
1677616069130998600,0,0,10000,10000,1500,1500
1677616069131004700,0,0,10000,10000,1500,1500
1677616069131018000,0,0,10000,10000,1500,1500
1677616069191868800,0,0,10000,10000,1500,1500
1677616069191897400,0,0,10000,10000,1500,1500
1677616069191901400,0,0,10000,10000,1500,1500
1677616069191944000,0,0,10000,10000,1500,1500
1677616069191956200,0,0,10000,10000,1500,1500
1677616069191961900,0,0,10000,10000,1500,1500
1677616069238948300,0,0,10000,10000,1500,1500
1677616069238986500,0,0,10000,10000,1500,1500
1677616069238995000,0,0,10000,10000,1500,1500
1677616069239002800,0,0,10000,10000,1500,1500
1677616069239027400,0,0,10000,10000,1500,1500
1677616069288122400,0,0,10000,10000,1500,1500
1677616069288149600,0,0,10000,10000,1500,1500
1677616069288154100,0,0,10000,10000,1500,1500
1677616069288161500,0,0,10000,10000,1500,1500
1677616069288167500,0,0,10000,10000,1500,1500
1677616069351952800,0,0,10000,10000,1500,1500
1677616069351980400,0,0,10000,10000,1500,1500
1677616069351984900,0,0,10000,10000,1500,1500
1677616069351992300,0,0,10000,10000,1500,1500
1677616069351999100,0,0,10000,10000,1500,1500
1677616069352002900,0,0,10000,10000,1500,1500
1677616069418430400,0,0,10000,10000,1500,1500
1677616069418493400,0,0,10000,10000,1500,1500
1677616069418517700,0,0,10000,10000,1500,1500
1677616069418528300,0,0,10000,10000,1500,1500
1677616069418534300,0,0,10000,10000,1500,1500
1677616069418543000,0,0,10000,10000,1500,1500
1677616069418817100,0,0,10000,10000,1500,1500
1677616069471633600,0,0,10000,10000,1500,1500
1677616069471691600,0,0,10000,10000,1500,1500
1677616069471707800,0,0,10000,10000,1500,1500
1677616069471719800,0,0,10000,10000,1500,1500
1677616069471883700,0,0,10000,10000,1500,1500
1677616069520198500,0,0,10000,10000,1500,1500
1677616069520247200,0,0,10000,10000,1500,1500
1677616069520260300,0,0,10000,10000,1500,1500
1677616069520270600,0,0,10000,10000,1500,1500
1677616069520390900,0,0,10000,10000,1500,1500
1677616069581744200,0,0,10000,10000,1500,1500
1677616069581777400,0,0,10000,10000,1500,1500
1677616069581857700,0,0,10000,10000,1500,1500
1677616069581894700,0,0,10000,10000,1500,1500
1677616069581981600,0,0,10000,10000,1500,1500
1677616069582072200,0,0,10000,10000,1500,1500
1677616069643573900,0,0,10000,10000,1500,1500
1677616069643600600,0,0,10000,10000,1500,1500
1677616069643635400,0,0,10000,10000,1500,1500
1677616069643648700,0,0,10000,10000,1500,1500
1677616069643692600,0,0,10000,10000,1500,1500
1677616069643816000,0,0,10000,10000,1500,1500
1677616069704161700,0,0,10000,10000,1500,1500
1677616069704257600,0,0,10000,10000,1500,1500
1677616069704269500,0,0,10000,10000,1500,1500
1677616069704275300,0,0,10000,10000,1500,1500
1677616069704341400,0,0,10000,10000,1500,1500
1677616069704391100,0,0,10000,10000,1500,1500
1677616069751906700,0,0,10000,10000,1500,1500
1677616069751945700,0,0,10000,10000,1500,1500
1677616069751985400,0,0,10000,10000,1500,1500
1677616069752002700,0,0,10000,10000,1500,1500
1677616069752016500,0,0,10000,10000,1500,1500
1677616069811093200,0,0,10000,10000,1500,1500
1677616069811133800,0,0,10000,10000,1500,1500
1677616069811146100,0,0,10000,10000,1500,1500
1677616069811156200,0,0,10000,10000,1500,1500
1677616069811165500,0,0,10000,10000,1500,1500
1677616069811171000,0,0,10000,10000,1500,1500
1677616069858838300,0,0,10000,10000,1500,1500
1677616069858877700,0,0,10000,10000,1500,1500
1677616069858921100,0,0,10000,10000,1500,1500
1677616069858927900,0,0,10000,10000,1500,1500
1677616069858986700,0,0,10000,10000,1500,1500
1677616069904035100,0,0,10000,10000,1500,1500
1677616069904062100,0,0,10000,10000,1500,1500
1677616069904071700,0,0,10000,10000,1500,1500
1677616069904224600,0,0,10000,10000,1500,1500
1677616069950025400,0,0,10000,10000,1500,1500
1677616069950139600,0,0,10000,10000,1500,1500
1677616069950191700,0,0,10000,10000,1500,1500
1677616069950213600,0,0,10000,10000,1500,1500
1677616069950555600,0,0,10000,10000,1500,1500
1677616069999207300,0,0,10000,10000,1500,1500
1677616069999313900,0,0,10000,10000,1500,1500
1677616069999342100,0,0,10000,10000,1500,1500
1677616069999364700,0,0,10000,10000,1500,1500
1677616069999388300,0,0,10000,10000,1500,1500
1677616070060713400,0,0,10000,10000,1500,1500
1677616070060746900,0,0,10000,10000,1500,1500
1677616070060755000,0,0,10000,10000,1500,1500
1677616070060761200,0,0,10000,10000,1500,1500
1677616070060771700,0,0,10000,10000,1500,1500
1677616070060779000,0,0,10000,10000,1500,1500
1677616070122124400,0,0,10000,10000,1500,1500
1677616070122153300,0,0,10000,10000,1500,1500
1677616070122205000,0,0,10000,10000,1500,1500
1677616070122212400,0,0,10000,10000,1500,1500
1677616070122224200,0,0,10000,10000,1500,1500
1677616070122235600,0,0,10000,10000,1500,1500
1677616070168338000,0,0,10000,10000,1500,1500
1677616070168377500,0,0,10000,10000,1500,1500
1677616070168398900,0,0,10000,10000,1500,1500
1677616070168404600,0,0,10000,10000,1500,1500
1677616070168415300,0,0,10000,10000,1500,1500
1677616070216968800,0,0,10000,10000,1500,1500
1677616070217024100,0,0,10000,10000,1500,1500
1677616070217040200,0,0,10000,10000,1500,1500
1677616070217047900,0,0,10000,10000,1500,1500
1677616070217193300,0,0,10000,10000,1500,1500
1677616070262989600,0,0,10000,10000,1500,1500
1677616070263037200,0,0,10000,10000,1500,1500
1677616070263051300,0,0,10000,10000,1500,1500
1677616070263114100,0,0,10000,10000,1500,1500
1677616070313479400,0,0,10000,10000,1500,1500
1677616070313517800,0,0,10000,10000,1500,1500
1677616070313648600,0,0,10000,10000,1500,1500
1677616070313657200,0,0,10000,10000,1500,1500
1677616070313667500,0,0,10000,10000,1500,1500
1677616070372423100,0,0,10000,10000,1500,1500
1677616070372433800,0,0,10000,10000,1500,1500
1677616070372520000,0,0,10000,10000,1500,1500
1677616070372601200,0,0,10000,10000,1500,1500
1677616070372791200,0,0,10000,10000,1500,1500
1677616070372857700,0,0,10000,10000,1500,1500
1677616070438169400,0,0,10000,10000,1500,1500
1677616070438201800,0,0,10000,10000,1500,1500
1677616070438210000,0,0,10000,10000,1500,1500
1677616070438258200,0,0,10000,10000,1500,1500
1677616070438279600,0,0,10000,10000,1500,1500
1677616070438292700,0,0,10000,10000,1500,1500
1677616070438314100,0,0,10000,10000,1500,1500
1677616070498346800,0,0,10000,10000,1500,1500
1677616070498354400,0,0,10000,10000,1500,1500
1677616070498422300,0,0,10000,10000,1500,1500
1677616070498428000,0,0,10000,10000,1500,1500
1677616070498444400,0,0,10000,10000,1500,1500
1677616070498451300,0,0,10000,10000,1500,1500
1677616070566080800,0,0,10000,10000,1500,1500
1677616070566085900,0,0,10000,10000,1500,1500
1677616070566093200,0,0,10000,10000,1500,1500
1677616070566120900,0,0,10000,10000,1500,1500
1677616070566129600,0,0,10000,10000,1500,1500
1677616070566133700,0,0,10000,10000,1500,1500
1677616070566156300,0,0,10000,10000,1500,1500
1677616070627811000,0,0,10000,10000,1500,1500
1677616070627855600,0,0,10000,10000,1500,1500
1677616070627864500,0,0,10000,10000,1500,1500
1677616070627903500,0,0,10000,10000,1500,1500
1677616070628137000,0,0,10000,10000,1500,1500
1677616070684265500,0,0,10000,10000,1500,1500
1677616070684272500,0,0,10000,10000,1500,1500
1677616070684280000,0,0,10000,10000,1500,1500
1677616070684286700,0,0,10000,10000,1500,1500
1677616070684299800,0,0,10000,10000,1500,1500
1677616070684306200,0,0,10000,10000,1500,1500
1677616070732077700,0,0,10000,10000,1500,1500
1677616070732138000,0,0,10000,10000,1500,1500
1677616070732149100,0,0,10000,10000,1500,1500
1677616070732153900,0,0,10000,10000,1500,1500
1677616070732174500,0,0,10000,10000,1500,1500
1677616070804528000,0,0,10000,10000,1500,1500
1677616070804530900,0,0,10000,10000,1500,1500
1677616070804533900,0,0,10000,10000,1500,1500
1677616070804537200,0,0,10000,10000,1500,1500
1677616070804546600,0,0,10000,10000,1500,1500
1677616070804572900,0,0,10000,10000,1500,1500
1677616070856978900,0,0,10000,10000,1500,1500
1677616070856983500,0,0,10000,10000,1500,1500
1677616070857012800,0,0,10000,10000,1500,1500
1677616070857018300,0,0,10000,10000,1500,1500
1677616070857048200,0,0,10000,10000,1500,1500
1677616070857053800,0,0,10000,10000,1500,1500
1677616070857072700,0,0,10000,10000,1500,1500
1677616070925135000,0,0,10000,10000,1500,1500
1677616070925142100,0,0,10000,10000,1500,1500
1677616070925149100,0,0,10000,10000,1500,1500
1677616070925164700,0,0,10000,10000,1500,1500
1677616070925185600,0,0,10000,10000,1500,1500
1677616070925243500,0,0,10000,10000,1500,1500
1677616070982103700,0,0,10000,10000,1500,1500
1677616070982110500,0,0,10000,10000,1500,1500
1677616070982116200,0,0,10000,10000,1500,1500
1677616070982122300,0,0,10000,10000,1500,1500
1677616070982135300,0,0,10000,10000,1500,1500
1677616070982141100,0,0,10000,10000,1500,1500
1677616071043527700,0,0,10000,10000,1500,1500
1677616071043535300,0,0,10000,10000,1500,1500
1677616071043646900,0,0,10000,10000,1500,1500
1677616071043658300,0,0,10000,10000,1500,1500
1677616071043670200,0,0,10000,10000,1500,1500
1677616071043729000,0,0,10000,10000,1500,1500
1677616071106982300,0,0,10000,10000,1500,1500
1677616071107031800,0,0,10000,10000,1500,1500
1677616071107044900,0,0,10000,10000,1500,1500
1677616071107049000,0,0,10000,10000,1500,1500
1677616071107058100,0,0,10000,10000,1500,1500
1677616071107064600,0,0,10000,10000,1500,1500
1677616071168475600,0,0,10000,10000,1500,1500
1677616071168492100,0,0,10000,10000,1500,1500
1677616071168548800,0,0,10000,10000,1500,1500
1677616071168558300,0,0,10000,10000,1500,1500
1677616071168596600,0,0,10000,10000,1500,1500
1677616071168607500,0,0,10000,10000,1500,1500
1677616071168613900,0,0,10000,10000,1500,1500
1677616071230595100,0,0,10000,10000,1500,1500
1677616071230599900,0,0,10000,10000,1500,1500
1677616071230606600,0,0,10000,10000,1500,1500
1677616071230611900,0,0,10000,10000,1500,1500
1677616071230619000,0,0,10000,10000,1500,1500
1677616071230623200,0,0,10000,10000,1500,1500
1677616071291464300,0,0,10000,10000,1500,1500
1677616071291468900,0,0,10000,10000,1500,1500
1677616071291472800,0,0,10000,10000,1500,1500
1677616071291476800,0,0,10000,10000,1500,1500
1677616071291483400,0,0,10000,10000,1500,1500
1677616071291487700,0,0,10000,10000,1500,1500
1677616071362020900,0,0,10000,10000,1500,1500
1677616071362025200,0,0,10000,10000,1500,1500
1677616071362029600,0,0,10000,10000,1500,1500
1677616071362033400,0,0,10000,10000,1500,1500
1677616071362038900,0,0,10000,10000,1500,1500
1677616071362042700,0,0,10000,10000,1500,1500
1677616071420711800,0,0,10000,10000,1500,1500
1677616071420718600,0,0,10000,10000,1500,1500
1677616071420723500,0,0,10000,10000,1500,1500
1677616071420728600,0,0,10000,10000,1500,1500
1677616071420737900,0,0,10000,10000,1500,1500
1677616071420747200,0,0,10000,10000,1500,1500
1677616071420781200,0,0,10000,10000,1500,1500
1677616071486366400,0,0,10000,10000,1500,1500
1677616071486371900,0,0,10000,10000,1500,1500
1677616071486376900,0,0,10000,10000,1500,1500
1677616071486382100,0,0,10000,10000,1500,1500
1677616071486390700,0,0,10000,10000,1500,1500
1677616071486400400,0,0,10000,10000,1500,1500
1677616071486407000,0,0,10000,10000,1500,1500
1677616071541420100,0,0,10000,10000,1500,1500
1677616071541425800,0,0,10000,10000,1500,1500
1677616071541430700,0,0,10000,10000,1500,1500
1677616071541435100,0,0,10000,10000,1500,1500
1677616071541442200,0,0,10000,10000,1500,1500
1677616071607428800,0,0,10000,10000,1500,1500
1677616071607433800,0,0,10000,10000,1500,1500
1677616071607438100,0,0,10000,10000,1500,1500
1677616071607442500,0,0,10000,10000,1500,1500
1677616071607450400,0,0,10000,10000,1500,1500
1677616071607454700,0,0,10000,10000,1500,1500
1677616071607466600,0,0,10000,10000,1500,1500
1677616071667615100,0,0,10000,10000,1500,1500
1677616071667626600,0,0,10000,10000,1500,1500
1677616071667632200,0,0,10000,10000,1500,1500
1677616071667641500,0,0,10000,10000,1500,1500
1677616071667653900,0,0,10000,10000,1500,1500
1677616071667660200,0,0,10000,10000,1500,1500
1677616071727946200,0,0,10000,10000,1500,1500
1677616071727949700,0,0,10000,10000,1500,1500
1677616071727953000,0,0,10000,10000,1500,1500
1677616071727956500,0,0,10000,10000,1500,1500
1677616071727962200,0,0,10000,10000,1500,1500
1677616071727965800,0,0,10000,10000,1500,1500
1677616071783726400,0,0,10000,10000,1500,1500
1677616071783730100,0,0,10000,10000,1500,1500
1677616071783733400,0,0,10000,10000,1500,1500
1677616071783736500,0,0,10000,10000,1500,1500
1677616071844924800,0,0,10000,10000,1500,1500
1677616071844943900,0,0,10000,10000,1500,1500
1677616071844948600,0,0,10000,10000,1500,1500
1677616071845013100,0,0,10000,10000,1500,1500
1677616071845018400,0,0,10000,10000,1500,1500
1677616071845022600,0,0,10000,10000,1500,1500
1677616071845070800,0,0,10000,10000,1500,1500
1677616071900853300,0,0,10000,10000,1500,1500
1677616071900856900,0,0,10000,10000,1500,1500
1677616071900860100,0,0,10000,10000,1500,1500
1677616071900865700,0,0,10000,10000,1500,1500
1677616071900869100,0,0,10000,10000,1500,1500
1677616071900872300,0,0,10000,10000,1500,1500
1677616071964552400,0,0,10000,10000,1500,1500
1677616071964606700,0,0,10000,10000,1500,1500
1677616071964623800,0,0,10000,10000,1500,1500
1677616071964639400,0,0,10000,10000,1500,1500
1677616071964648900,0,0,10000,10000,1500,1500
1677616071964679200,0,0,10000,10000,1500,1500
1677616072023513800,0,0,10000,10000,1500,1500
1677616072023520600,0,0,10000,10000,1500,1500
1677616072023525000,0,0,10000,10000,1500,1500
1677616072023532700,0,0,10000,10000,1500,1500
1677616072023537200,0,0,10000,10000,1500,1500
1677616072023575300,0,0,10000,10000,1500,1500
1677616072090408300,0,0,10000,10000,1500,1500
1677616072090429100,0,0,10000,10000,1500,1500
1677616072090432500,0,0,10000,10000,1500,1500
1677616072090440000,0,0,10000,10000,1500,1500
1677616072090444600,0,0,10000,10000,1500,1500
1677616072090448400,0,0,10000,10000,1500,1500
1677616072152385300,0,0,10000,10000,1500,1500
1677616072152388700,0,0,10000,10000,1500,1500
1677616072152399100,0,0,10000,10000,1500,1500
1677616072152421900,0,0,10000,10000,1500,1500
1677616072152431300,0,0,10000,10000,1500,1500
1677616072152435900,0,0,10000,10000,1500,1500
1677616072152444600,0,0,10000,10000,1500,1500
1677616072209378300,0,0,10000,10000,1500,1500
1677616072209382100,0,0,10000,10000,1500,1500
1677616072209385600,0,0,10000,10000,1500,1500
1677616072209392400,0,0,10000,10000,1500,1500
1677616072209422400,0,0,10000,10000,1500,1500
1677616072209432600,0,0,10000,10000,1500,1500
1677616072271894300,0,0,10000,10000,1500,1500
1677616072271898200,0,0,10000,10000,1500,1500
1677616072271919800,0,0,10000,10000,1500,1500
1677616072271926800,0,0,10000,10000,1500,1500
1677616072271941600,0,0,10000,10000,1500,1500
1677616072271961200,0,0,10000,10000,1500,1500
1677616072342163500,0,0,10000,10000,1500,1500
1677616072342170900,0,0,10000,10000,1500,1500
1677616072342177700,0,0,10000,10000,1500,1500
1677616072342189800,0,0,10000,10000,1500,1500
1677616072342196500,0,0,10000,10000,1500,1500
1677616072342203300,0,0,10000,10000,1500,1500
1677616072342209500,0,0,10000,10000,1500,1500
1677616072395355300,0,0,10000,10000,1500,1500
1677616072395432600,0,0,10000,10000,1500,1500
1677616072395494700,0,0,10000,10000,1500,1500
1677616072395504500,0,0,10000,10000,1500,1500
1677616072395509300,0,0,10000,10000,1500,1500
1677616072463611900,0,0,10000,10000,1500,1500
1677616072463741400,0,0,10000,10000,1500,1500
1677616072463749000,0,0,10000,10000,1500,1500
1677616072463757000,0,0,10000,10000,1500,1500
1677616072463777300,0,0,10000,10000,1500,1500
1677616072463866900,0,0,10000,10000,1500,1500
1677616072463886600,0,0,10000,10000,1500,1500
1677616072519699600,0,0,10000,10000,1500,1500
1677616072519705600,0,0,10000,10000,1500,1500
1677616072519711600,0,0,10000,10000,1500,1500
1677616072519749400,0,0,10000,10000,1500,1500
1677616072519776600,0,0,10000,10000,1500,1500
1677616072519797000,0,0,10000,10000,1500,1500
1677616072567550300,0,0,10000,10000,1500,1500
1677616072567556500,0,0,10000,10000,1500,1500
1677616072567562600,0,0,10000,10000,1500,1500
1677616072567573700,0,0,10000,10000,1500,1500
1677616072567578400,0,0,10000,10000,1500,1500
1677616072631422000,0,0,10000,10000,1500,1500
1677616072631427200,0,0,10000,10000,1500,1500
1677616072631432200,0,0,10000,10000,1500,1500
1677616072631441300,0,0,10000,10000,1500,1500
1677616072631446200,0,0,10000,10000,1500,1500
1677616072631450900,0,0,10000,10000,1500,1500
1677616072691568900,0,0,10000,10000,1500,1500
1677616072691575400,0,0,10000,10000,1500,1500
1677616072691626700,0,0,10000,10000,1500,1500
1677616072691636000,0,0,10000,10000,1500,1500
1677616072691641200,0,0,10000,10000,1500,1500
1677616072691646700,0,0,10000,10000,1500,1500
1677616072753345000,0,0,10000,10000,1500,1500
1677616072753354500,0,0,10000,10000,1500,1500
1677616072753360200,0,0,10000,10000,1500,1500
1677616072753388400,0,0,10000,10000,1500,1500
1677616072753425600,0,0,10000,10000,1500,1500
1677616072753456300,0,0,10000,10000,1500,1500
1677616072891444500,0,0,10000,10000,1500,1500
1677616072891457600,0,0,10000,10000,1500,1500
1677616072891464500,0,0,10000,10000,1500,1500
1677616072891475100,0,0,10000,10000,1500,1500
1677616072891488100,0,0,10000,10000,1500,1500
1677616072891610800,0,0,10000,10000,1500,1500
1677616072891621200,0,0,10000,10000,1500,1500
1677616072891628100,0,0,10000,10000,1500,1500
1677616072891633900,0,0,10000,10000,1500,1500
1677616072973339500,0,0,10000,10000,1500,1500
1677616072973346000,0,0,10000,10000,1500,1500
1677616072973459100,0,0,10000,10000,1500,1500
1677616072973508900,0,0,10000,10000,1500,1500
1677616072973521000,0,0,10000,10000,1500,1500
1677616072973528800,0,0,10000,10000,1500,1500
1677616072973534900,0,0,10000,10000,1500,1500
1677616072973583100,0,0,10000,10000,1500,1500
1677616072973604000,0,0,10000,10000,1500,1500
1677616072973610300,0,0,10000,10000,1500,1500
1677616072973643400,0,0,10000,10000,1500,1500
1677616073031111100,0,0,10000,10000,1500,1500
1677616073031132400,0,0,10000,10000,1500,1500
1677616073031153800,0,0,10000,10000,1500,1500
1677616073031158700,0,0,10000,10000,1500,1500
1677616073031165600,0,0,10000,10000,1500,1500
1677616073031169800,0,0,10000,10000,1500,1500
1677616073031188700,0,0,10000,10000,1500,1500
1677616073031201100,0,0,10000,10000,1500,1500
1677616073080369000,0,0,10000,10000,1500,1500
1677616073080373700,0,0,10000,10000,1500,1500
1677616073080386100,0,0,10000,10000,1500,1500
1677616073080405400,0,0,10000,10000,1500,1500
1677616073080488800,0,0,10000,10000,1500,1500
1677616073142224700,0,0,10000,10000,1500,1500
1677616073142230600,0,0,10000,10000,1500,1500
1677616073142235600,0,0,10000,10000,1500,1500
1677616073142240900,0,0,10000,10000,1500,1500
1677616073142249300,0,0,10000,10000,1500,1500
1677616073142254100,0,0,10000,10000,1500,1500
1677616073205336500,0,0,10000,10000,1500,1500
1677616073205342100,0,0,10000,10000,1500,1500
1677616073205347900,0,0,10000,10000,1500,1500
1677616073205358300,0,0,10000,10000,1500,1500
1677616073205366900,0,0,10000,10000,1500,1500
1677616073205372300,0,0,10000,10000,1500,1500
1677616073268879100,0,0,10000,10000,1500,1500
1677616073268900900,0,0,10000,10000,1500,1500
1677616073268908300,0,0,10000,10000,1500,1500
1677616073268927200,0,0,10000,10000,1500,1500
1677616073268953900,0,0,10000,10000,1500,1500
1677616073268971400,0,0,10000,10000,1500,1500
1677616073269059300,0,0,10000,10000,1500,1500
1677616073345727400,0,0,10000,10000,1500,1500
1677616073345750300,0,0,10000,10000,1500,1500
1677616073345757100,0,0,10000,10000,1500,1500
1677616073345762600,0,0,10000,10000,1500,1500
1677616073345774000,0,0,10000,10000,1500,1500
1677616073345780400,0,0,10000,10000,1500,1500
1677616073345786000,0,0,10000,10000,1500,1500
1677616073414338300,0,0,10000,10000,1500,1500
1677616073414343800,0,0,10000,10000,1500,1500
1677616073414359200,0,0,10000,10000,1500,1500
1677616073414386200,0,0,10000,10000,1500,1500
1677616073414416800,0,0,10000,10000,1500,1500
1677616073414422000,0,0,10000,10000,1500,1500
1677616073414439300,0,0,10000,10000,1500,1500
1677616073473866000,0,0,10000,10000,1500,1500
1677616073473875400,0,0,10000,10000,1500,1500
1677616073473880300,0,0,10000,10000,1500,1500
1677616073473885000,0,0,10000,10000,1500,1500
1677616073473917900,0,0,10000,10000,1500,1500
1677616073473976700,0,0,10000,10000,1500,1500
1677616073531657300,0,0,10000,10000,1500,1500
1677616073531686300,0,0,10000,10000,1500,1500
1677616073531693700,0,0,10000,10000,1500,1500
1677616073531721000,0,0,10000,10000,1500,1500
1677616073531732400,0,0,10000,10000,1500,1500
1677616073531739700,0,0,10000,10000,1500,1500
1677616073593235400,0,0,10000,10000,1500,1500
1677616073593240500,0,0,10000,10000,1500,1500
1677616073593264600,0,0,10000,10000,1500,1500
1677616073593293300,0,0,10000,10000,1500,1500
1677616073593301700,0,0,10000,10000,1500,1500
1677616073593325900,0,0,10000,10000,1500,1500
1677616073654708000,0,0,10000,10000,1500,1500
1677616073654715200,0,0,10000,10000,1500,1500
1677616073654722000,0,0,10000,10000,1500,1500
1677616073654729500,0,0,10000,10000,1500,1500
1677616073654738900,0,0,10000,10000,1500,1500
1677616073654745600,0,0,10000,10000,1500,1500
1677616073703704700,0,0,10000,10000,1500,1500
1677616073703711200,0,0,10000,10000,1500,1500
1677616073703716800,0,0,10000,10000,1500,1500
1677616073703722600,0,0,10000,10000,1500,1500
1677616073703861100,0,0,10000,10000,1500,1500
1677616073768640400,0,0,10000,10000,1500,1500
1677616073768644700,0,0,10000,10000,1500,1500
1677616073768648100,0,0,10000,10000,1500,1500
1677616073768651300,0,0,10000,10000,1500,1500
1677616073768657700,0,0,10000,10000,1500,1500
1677616073768661200,0,0,10000,10000,1500,1500
1677616073827058600,0,0,10000,10000,1500,1500
1677616073827062200,0,0,10000,10000,1500,1500
1677616073827065300,0,0,10000,10000,1500,1500
1677616073827070200,0,0,10000,10000,1500,1500
1677616073827076300,0,0,10000,10000,1500,1500
1677616073827079900,0,0,10000,10000,1500,1500
1677616073827083000,0,0,10000,10000,1500,1500
1677616073897454200,0,0,10000,10000,1500,1500
1677616073897457600,0,0,10000,10000,1500,1500
1677616073897460800,0,0,10000,10000,1500,1500
1677616073897463800,0,0,10000,10000,1500,1500
1677616073897473900,0,0,10000,10000,1500,1500
1677616073897477500,0,0,10000,10000,1500,1500
1677616073897480900,0,0,10000,10000,1500,1500
1677616073950493200,0,0,10000,10000,1500,1500
1677616073950502500,0,0,10000,10000,1500,1500
1677616073950507200,0,0,10000,10000,1500,1500
1677616073950511800,0,0,10000,10000,1500,1500
1677616073950520600,0,0,10000,10000,1500,1500
1677616074011962500,0,0,10000,10000,1500,1500
1677616074011966400,0,0,10000,10000,1500,1500
1677616074011979100,0,0,10000,10000,1500,1500
1677616074011982600,0,0,10000,10000,1500,1500
1677616074011988600,0,0,10000,10000,1500,1500
1677616074011991900,0,0,10000,10000,1500,1500
1677616074074918100,0,0,10000,10000,1500,1500
1677616074074923500,0,0,10000,10000,1500,1500
1677616074074928500,0,0,10000,10000,1500,1500
1677616074074933600,0,0,10000,10000,1500,1500
1677616074074942900,0,0,10000,10000,1500,1500
1677616074074948500,0,0,10000,10000,1500,1500
1677616074140236900,0,0,10000,10000,1500,1500
1677616074140268500,0,0,10000,10000,1500,1500
1677616074140277900,0,0,10000,10000,1500,1500
1677616074140284100,0,0,10000,10000,1500,1500
1677616074140292500,0,0,10000,10000,1500,1500
1677616074140297400,0,0,10000,10000,1500,1500
1677616074140301900,0,0,10000,10000,1500,1500
1677616074200347300,0,0,10000,10000,1500,1500
1677616074200351000,0,0,10000,10000,1500,1500
1677616074200354800,0,0,10000,10000,1500,1500
1677616074200358500,0,0,10000,10000,1500,1500
1677616074200365400,0,0,10000,10000,1500,1500
1677616074200369100,0,0,10000,10000,1500,1500
1677616074261193000,0,0,10000,10000,1500,1500
1677616074261196800,0,0,10000,10000,1500,1500
1677616074261200700,0,0,10000,10000,1500,1500
1677616074261204200,0,0,10000,10000,1500,1500
1677616074261210100,0,0,10000,10000,1500,1500
1677616074261213800,0,0,10000,10000,1500,1500
1677616074323908300,0,0,10000,10000,1500,1500
1677616074323912400,0,0,10000,10000,1500,1500
1677616074323916300,0,0,10000,10000,1500,1500
1677616074323920100,0,0,10000,10000,1500,1500
1677616074323927000,0,0,10000,10000,1500,1500
1677616074323930900,0,0,10000,10000,1500,1500
1677616074388278700,0,0,10000,10000,1500,1500
1677616074388309300,0,0,10000,10000,1500,1500
1677616074388319100,0,0,10000,10000,1500,1500
1677616074388325500,0,0,10000,10000,1500,1500
1677616074388334700,0,0,10000,10000,1500,1500
1677616074388339700,0,0,10000,10000,1500,1500
1677616074388345400,0,0,10000,10000,1500,1500
1677616074447971000,0,0,10000,10000,1500,1500
1677616074447977200,0,0,10000,10000,1500,1500
1677616074447983000,0,0,10000,10000,1500,1500
1677616074447988400,0,0,10000,10000,1500,1500
1677616074448011100,0,0,10000,10000,1500,1500
1677616074448016800,0,0,10000,10000,1500,1500
1677616074510124000,0,0,10000,10000,1500,1500
1677616074510130500,0,0,10000,10000,1500,1500
1677616074510136200,0,0,10000,10000,1500,1500
1677616074510183300,0,0,10000,10000,1500,1500
1677616074510205600,0,0,10000,10000,1500,1500
1677616074510281600,0,0,10000,10000,1500,1500
1677616074579554200,0,0,10000,10000,1500,1500
1677616074579560700,0,0,10000,10000,1500,1500
1677616074579580200,0,0,10000,10000,1500,1500
1677616074579586500,0,0,10000,10000,1500,1500
1677616074579597100,0,0,10000,10000,1500,1500
1677616074579603200,0,0,10000,10000,1500,1500
1677616074579623300,0,0,10000,10000,1500,1500
1677616074632843600,0,0,10000,10000,1500,1500
1677616074632870300,0,0,10000,10000,1500,1500
1677616074632875900,0,0,10000,10000,1500,1500
1677616074632893800,0,0,10000,10000,1500,1500
1677616074632979900,0,0,10000,10000,1500,1500
1677616074695333400,0,0,10000,10000,1500,1500
1677616074695339900,0,0,10000,10000,1500,1500
1677616074695345300,0,0,10000,10000,1500,1500
1677616074695350500,0,0,10000,10000,1500,1500
1677616074695376700,0,0,10000,10000,1500,1500
1677616074695382300,0,0,10000,10000,1500,1500
1677616074743664400,0,0,10000,10000,1500,1500
1677616074743668000,0,0,10000,10000,1500,1500
1677616074743671600,0,0,10000,10000,1500,1500
1677616074743675200,0,0,10000,10000,1500,1500
1677616074743681600,0,0,10000,10000,1500,1500
1677616074806609200,0,0,10000,10000,1500,1500
1677616074806611800,0,0,10000,10000,1500,1500
1677616074806614500,0,0,10000,10000,1500,1500
1677616074806622100,0,0,10000,10000,1500,1500
1677616074806627400,0,0,10000,10000,1500,1500
1677616074806630200,0,0,10000,10000,1500,1500
1677616074871801800,0,0,10000,10000,1500,1500
1677616074871811600,0,0,10000,10000,1500,1500
1677616074871818500,0,0,10000,10000,1500,1500
1677616074871827200,0,0,10000,10000,1500,1500
1677616074871838000,0,0,10000,10000,1500,1500
1677616074871843300,0,0,10000,10000,1500,1500
1677616074927629300,0,0,10000,10000,1500,1500
1677616074927636200,0,0,10000,10000,1500,1500
1677616074927640800,0,0,10000,10000,1500,1500
1677616074927645400,0,0,10000,10000,1500,1500
1677616074927668700,0,0,10000,10000,1500,1500
1677616074927673400,0,0,10000,10000,1500,1500
1677616074927678900,0,0,10000,10000,1500,1500
1677616074990046800,0,0,10000,10000,1500,1500
1677616074990065800,0,0,10000,10000,1500,1500
1677616074990075300,0,0,10000,10000,1500,1500
1677616074990080800,0,0,10000,10000,1500,1500
1677616074990090500,0,0,10000,10000,1500,1500
1677616074990096300,0,0,10000,10000,1500,1500
1677616075051367200,0,0,10000,10000,1500,1500
1677616075051379400,0,0,10000,10000,1500,1500
1677616075051393300,0,0,10000,10000,1500,1500
1677616075051455200,0,0,10000,10000,1500,1500
1677616075051664600,0,0,10000,10000,1500,1500
1677616075051689800,0,0,10000,10000,1500,1500
1677616075117690200,0,0,10000,10000,1500,1500
1677616075117752100,0,0,10000,10000,1500,1500
1677616075117771900,0,0,10000,10000,1500,1500
1677616075117783200,0,0,10000,10000,1500,1500
1677616075117833300,0,0,10000,10000,1500,1500
1677616075117858000,0,0,10000,10000,1500,1500
1677616075172150900,0,0,10000,10000,1500,1500
1677616075172193500,0,0,10000,10000,1500,1500
1677616075172207600,0,0,10000,10000,1500,1500
1677616075172213200,0,0,10000,10000,1500,1500
1677616075172260100,0,0,10000,10000,1500,1500
1677616075172286200,0,0,10000,10000,1500,1500
1677616075224473700,0,0,10000,10000,1500,1500
1677616075224523700,0,0,10000,10000,1500,1500
1677616075224543200,0,0,10000,10000,1500,1500
1677616075224552300,0,0,10000,10000,1500,1500
1677616075224681200,0,0,10000,10000,1500,1500
1677616075283394400,0,0,10000,10000,1500,1500
1677616075283398500,0,0,10000,10000,1500,1500
1677616075283403100,0,0,10000,10000,1500,1500
1677616075283407100,0,0,10000,10000,1500,1500
1677616075283414400,0,0,10000,10000,1500,1500
1677616075283420200,0,0,10000,10000,1500,1500
1677616075345527400,0,0,10000,10000,1500,1500
1677616075345533100,0,0,10000,10000,1500,1500
1677616075345539000,0,0,10000,10000,1500,1500
1677616075345544600,0,0,10000,10000,1500,1500
1677616075345554500,0,0,10000,10000,1500,1500
1677616075345562500,0,0,10000,10000,1500,1500
1677616075416436400,0,0,10000,10000,1500,1500
1677616075416440200,0,0,10000,10000,1500,1500
1677616075416443600,0,0,10000,10000,1500,1500
1677616075416447600,0,0,10000,10000,1500,1500
1677616075416453200,0,0,10000,10000,1500,1500
1677616075416456600,0,0,10000,10000,1500,1500
1677616075416460800,0,0,10000,10000,1500,1500
1677616075477952700,0,0,10000,10000,1500,1500
1677616075477957700,0,0,10000,10000,1500,1500
1677616075477966100,0,0,10000,10000,1500,1500
1677616075477971200,0,0,10000,10000,1500,1500
1677616075477975900,0,0,10000,10000,1500,1500
1677616075477980500,0,0,10000,10000,1500,1500
1677616075531903300,0,0,10000,10000,1500,1500
1677616075531920400,0,0,10000,10000,1500,1500
1677616075531926800,0,0,10000,10000,1500,1500
1677616075531932100,0,0,10000,10000,1500,1500
1677616075531938200,0,0,10000,10000,1500,1500
1677616075532013000,0,0,10000,10000,1500,1500
1677616075595051200,0,0,10000,10000,1500,1500
1677616075595117400,0,0,10000,10000,1500,1500
1677616075595158700,0,0,10000,10000,1500,1500
1677616075595503400,0,0,10000,10000,1500,1500
1677616075595515000,0,0,10000,10000,1500,1500
1677616075595519900,0,0,10000,10000,1500,1500
1677616075659329400,0,0,10000,10000,1500,1500
1677616075659347200,0,0,10000,10000,1500,1500
1677616075659441900,0,0,10000,10000,1500,1500
1677616075659544500,0,0,10000,10000,1500,1500
1677616075659548600,0,0,10000,10000,1500,1500
1677616075659589700,0,0,10000,10000,1500,1500
1677616075659605300,0,0,10000,10000,1500,1500
1677616075719424300,0,0,10000,10000,1500,1500
1677616075719431500,0,0,10000,10000,1500,1500
1677616075719440400,0,0,10000,10000,1500,1500
1677616075719473000,0,0,10000,10000,1500,1500
1677616075719796200,0,0,10000,10000,1500,1500
1677616075720055300,0,0,10000,10000,1500,1500
1677616075780665800,0,0,10000,10000,1500,1500
1677616075780671300,0,0,10000,10000,1500,1500
1677616075780680100,0,0,10000,10000,1500,1500
1677616075780711400,0,0,10000,10000,1500,1500
1677616075780731600,0,0,10000,10000,1500,1500
1677616075780759700,0,0,10000,10000,1500,1500
1677616075828486100,0,0,10000,10000,1500,1500
1677616075828497500,0,0,10000,10000,1500,1500
1677616075828510500,0,0,10000,10000,1500,1500
1677616075829003600,0,0,10000,10000,1500,1500
1677616075829492800,0,0,10000,10000,1500,1500
1677616075877968000,0,0,10000,10000,1500,1500
1677616075878007900,0,0,10000,10000,1500,1500
1677616075878018100,0,0,10000,10000,1500,1500
1677616075878070900,0,0,10000,10000,1500,1500
1677616075945232300,0,0,10000,10000,1500,1500
1677616075945241100,0,0,10000,10000,1500,1500
1677616075945248200,0,0,10000,10000,1500,1500
1677616075945456900,0,0,10000,10000,1500,1500
1677616075945600200,0,0,10000,10000,1500,1500
1677616075945605100,0,0,10000,10000,1500,1500
1677616075945637200,0,0,10000,10000,1500,1500
1677616075998449000,0,0,10000,10000,1500,1500
1677616075998454600,0,0,10000,10000,1500,1500
1677616075998524900,0,0,10000,10000,1500,1500
1677616075998534400,0,0,10000,10000,1500,1500
1677616075999350900,0,0,10000,10000,1500,1500
1677616075999362900,0,0,10000,10000,1500,1500
1677616076060869800,0,0,10000,10000,1500,1500
1677616076060886800,0,0,10000,10000,1500,1500
1677616076060904800,0,0,10000,10000,1500,1500
1677616076060911000,0,0,10000,10000,1500,1500
1677616076060917300,0,0,10000,10000,1500,1500
1677616076060922700,0,0,10000,10000,1500,1500
1677616076126492200,0,0,10000,10000,1500,1500
1677616076126504600,0,0,10000,10000,1500,1500
1677616076126509100,0,0,10000,10000,1500,1500
1677616076126512800,0,0,10000,10000,1500,1500
1677616076126516700,0,0,10000,10000,1500,1500
1677616076126519400,0,0,10000,10000,1500,1500
1677616076126522400,0,0,10000,10000,1500,1500
1677616076191591400,0,0,10000,10000,1500,1500
1677616076191596500,0,0,10000,10000,1500,1500
1677616076191601000,0,0,10000,10000,1500,1500
1677616076191605000,0,0,10000,10000,1500,1500
1677616076191740000,0,0,10000,10000,1500,1500
1677616076191754900,0,0,10000,10000,1500,1500
1677616076250225400,0,0,10000,10000,1500,1500
1677616076250229700,0,0,10000,10000,1500,1500
1677616076250234100,0,0,10000,10000,1500,1500
1677616076250238600,0,0,10000,10000,1500,1500
1677616076250242700,0,0,10000,10000,1500,1500
1677616076250246500,0,0,10000,10000,1500,1500
1677616076315909900,0,0,10000,10000,1500,1500
1677616076315930600,0,0,10000,10000,1500,1500
1677616076315935900,0,0,10000,10000,1500,1500
1677616076315947900,0,0,10000,10000,1500,1500
1677616076315953400,0,0,10000,10000,1500,1500
1677616076315959100,0,0,10000,10000,1500,1500
1677616076368591400,0,0,10000,10000,1500,1500
1677616076368610300,0,0,10000,10000,1500,1500
1677616076368614900,0,0,10000,10000,1500,1500
1677616076368630600,0,0,10000,10000,1500,1500
1677616076368634400,0,0,10000,10000,1500,1500
1677616076368691700,0,0,10000,10000,1500,1500
1677616076435447200,0,0,10000,10000,1500,1500
1677616076435462100,0,0,10000,10000,1500,1500
1677616076435469100,0,0,10000,10000,1500,1500
1677616076435504100,0,0,10000,10000,1500,1500
1677616076435551400,0,0,10000,10000,1500,1500
1677616076435555100,0,0,10000,10000,1500,1500
1677616076494764700,0,0,10000,10000,1500,1500
1677616076494782100,0,0,10000,10000,1500,1500
1677616076494798100,0,0,10000,10000,1500,1500
1677616076494877800,0,0,10000,10000,1500,1500
1677616076494894500,0,0,10000,10000,1500,1500
1677616076494917300,0,0,10000,10000,1500,1500
1677616076560002900,0,0,10000,10000,1500,1500
1677616076560076700,0,0,10000,10000,1500,1500
1677616076560097300,0,0,10000,10000,1500,1500
1677616076560104800,0,0,10000,10000,1500,1500
1677616076560110100,0,0,10000,10000,1500,1500
1677616076560116700,0,0,10000,10000,1500,1500
1677616076560575900,0,0,10000,10000,1500,1500
1677616076623681100,0,0,10000,10000,1500,1500
1677616076623694700,0,0,10000,10000,1500,1500
1677616076623700100,0,0,10000,10000,1500,1500
1677616076623704200,0,0,10000,10000,1500,1500
1677616076623708900,0,0,10000,10000,1500,1500
1677616076623713300,0,0,10000,10000,1500,1500
1677616076687853500,0,0,10000,10000,1500,1500
1677616076687855800,0,0,10000,10000,1500,1500
1677616076687857900,0,0,10000,10000,1500,1500
1677616076687860000,0,0,10000,10000,1500,1500
1677616076687862200,0,0,10000,10000,1500,1500
1677616076687864300,0,0,10000,10000,1500,1500
1677616076750374500,0,0,10000,10000,1500,1500
1677616076750377300,0,0,10000,10000,1500,1500
1677616076750379600,0,0,10000,10000,1500,1500
1677616076750382000,0,0,10000,10000,1500,1500
1677616076750384300,0,0,10000,10000,1500,1500
1677616076750389800,0,0,10000,10000,1500,1500
1677616076804214400,0,0,10000,10000,1500,1500
1677616076804237200,0,0,10000,10000,1500,1500
1677616076804244500,0,0,10000,10000,1500,1500
1677616076804248300,0,0,10000,10000,1500,1500
1677616076804251100,0,0,10000,10000,1500,1500
1677616076804253900,0,0,10000,10000,1500,1500
1677616076869821300,0,0,10000,10000,1500,1500
1677616076869825900,0,0,10000,10000,1500,1500
1677616076869830300,0,0,10000,10000,1500,1500
1677616076869858200,0,0,10000,10000,1500,1500
1677616076869879500,0,0,10000,10000,1500,1500
1677616076869884900,0,0,10000,10000,1500,1500
1677616076869920900,0,0,10000,10000,1500,1500
1677616076926118200,0,0,10000,10000,1500,1500
1677616076926181500,0,0,10000,10000,1500,1500
1677616076926207200,0,0,10000,10000,1500,1500
1677616076926241800,0,0,10000,10000,1500,1500
1677616076926259700,0,0,10000,10000,1500,1500
1677616076926264300,0,0,10000,10000,1500,1500
1677616076987738300,0,0,10000,10000,1500,1500
1677616076987746500,0,0,10000,10000,1500,1500
1677616076987758500,0,0,10000,10000,1500,1500
1677616076987762400,0,0,10000,10000,1500,1500
1677616076987771200,0,0,10000,10000,1500,1500
1677616076987917500,0,0,10000,10000,1500,1500
1677616077034407700,0,0,10000,10000,1500,1500
1677616077034416000,0,0,10000,10000,1500,1500
1677616077034431900,0,0,10000,10000,1500,1500
1677616077034437800,0,0,10000,10000,1500,1500
1677616077098763200,0,0,10000,10000,1500,1500
1677616077098767400,0,0,10000,10000,1500,1500
1677616077098770500,0,0,10000,10000,1500,1500
1677616077098774600,0,0,10000,10000,1500,1500
1677616077098867500,0,0,10000,10000,1500,1500
1677616077098882400,0,0,10000,10000,1500,1500
1677616077098912900,0,0,10000,10000,1500,1500
1677616077164755200,0,0,10000,10000,1500,1500
1677616077164767600,0,0,10000,10000,1500,1500
1677616077164770700,0,0,10000,10000,1500,1500
1677616077164830000,0,0,10000,10000,1500,1500
1677616077164834200,0,0,10000,10000,1500,1500
1677616077164836900,0,0,10000,10000,1500,1500
1677616077218700900,0,0,10000,10000,1500,1500
1677616077218716900,0,0,10000,10000,1500,1500
1677616077218722400,0,0,10000,10000,1500,1500
1677616077218774000,0,0,10000,10000,1500,1500
1677616077218803200,0,0,10000,10000,1500,1500
1677616077218806700,0,0,10000,10000,1500,1500
1677616077271842700,0,0,10000,10000,1500,1500
1677616077271851000,0,0,10000,10000,1500,1500
1677616077271856700,0,0,10000,10000,1500,1500
1677616077271861100,0,0,10000,10000,1500,1500
1677616077271865700,0,0,10000,10000,1500,1500
1677616077331012600,0,0,10000,10000,1500,1500
1677616077331016200,0,0,10000,10000,1500,1500
1677616077331019700,0,0,10000,10000,1500,1500
1677616077331023200,0,0,10000,10000,1500,1500
1677616077331026700,0,0,10000,10000,1500,1500
1677616077331034400,0,0,10000,10000,1500,1500
1677616077391745600,0,0,10000,10000,1500,1500
1677616077391750100,0,0,10000,10000,1500,1500
1677616077391759300,0,0,10000,10000,1500,1500
1677616077391763100,0,0,10000,10000,1500,1500
1677616077391787300,0,0,10000,10000,1500,1500
1677616077391824200,0,0,10000,10000,1500,1500
1677616077459722700,0,0,10000,10000,1500,1500
1677616077459728500,0,0,10000,10000,1500,1500
1677616077459732700,0,0,10000,10000,1500,1500
1677616077459738600,0,0,10000,10000,1500,1500
1677616077459743900,0,0,10000,10000,1500,1500
1677616077459761200,0,0,10000,10000,1500,1500
1677616077459779600,0,0,10000,10000,1500,1500
1677616077514539700,0,0,10000,10000,1500,1500
1677616077514564600,0,0,10000,10000,1500,1500
1677616077514575600,0,0,10000,10000,1500,1500
1677616077514582100,0,0,10000,10000,1500,1500
1677616077514591700,0,0,10000,10000,1500,1500
1677616077563382700,0,0,10000,10000,1500,1500
1677616077563386800,0,0,10000,10000,1500,1500
1677616077563392300,0,0,10000,10000,1500,1500
1677616077563397200,0,0,10000,10000,1500,1500
1677616077563425400,0,0,10000,10000,1500,1500
1677616077628320000,0,0,10000,10000,1500,1500
1677616077628323100,0,0,10000,10000,1500,1500
1677616077628326900,0,0,10000,10000,1500,1500
1677616077628330000,0,0,10000,10000,1500,1500
1677616077628333600,0,0,10000,10000,1500,1500
1677616077628336600,0,0,10000,10000,1500,1500
1677616077628339600,0,0,10000,10000,1500,1500
1677616077694910900,0,0,10000,10000,1500,1500
1677616077694915400,0,0,10000,10000,1500,1500
1677616077694926400,0,0,10000,10000,1500,1500
1677616077694930700,0,0,10000,10000,1500,1500
1677616077694939800,0,0,10000,10000,1500,1500
1677616077694942400,0,0,10000,10000,1500,1500
1677616077758987000,0,0,10000,10000,1500,1500
1677616077759428200,0,0,10000,10000,1500,1500
1677616077759432000,0,0,10000,10000,1500,1500
1677616077759434400,0,0,10000,10000,1500,1500
1677616077759437000,0,0,10000,10000,1500,1500
1677616077759439500,0,0,10000,10000,1500,1500
1677616077813047700,0,0,10000,10000,1500,1500
1677616077813077700,0,0,10000,10000,1500,1500
1677616077813088200,0,0,10000,10000,1500,1500
1677616077813103700,0,0,10000,10000,1500,1500
1677616077813144700,0,0,10000,10000,1500,1500
1677616077813200700,0,0,10000,10000,1500,1500
1677616077872687900,0,0,10000,10000,1500,1500
1677616077872695100,0,0,10000,10000,1500,1500
1677616077872705200,0,0,10000,10000,1500,1500
1677616077872710700,0,0,10000,10000,1500,1500
1677616077872717100,0,0,10000,10000,1500,1500
1677616077872772900,0,0,10000,10000,1500,1500
1677616077933388500,0,0,10000,10000,1500,1500
1677616077933412000,0,0,10000,10000,1500,1500
1677616077933544800,0,0,10000,10000,1500,1500
1677616077933976800,0,0,10000,10000,1500,1500
1677616077934027400,0,0,10000,10000,1500,1500
1677616077934054900,0,0,10000,10000,1500,1500
1677616077996567600,0,0,10000,10000,1500,1500
1677616077996608100,0,0,10000,10000,1500,1500
1677616077996617500,0,0,10000,10000,1500,1500
1677616077996621800,0,0,10000,10000,1500,1500
1677616077996627200,0,0,10000,10000,1500,1500
1677616077996634200,0,0,10000,10000,1500,1500
1677616077996657900,0,0,10000,10000,1500,1500
1677616078059956400,0,0,10000,10000,1500,1500
1677616078060098800,0,0,10000,10000,1500,1500
1677616078060111200,0,0,10000,10000,1500,1500
1677616078060904700,0,0,10000,10000,1500,1500
1677616078060927400,0,0,10000,10000,1500,1500
1677616078060931800,0,0,10000,10000,1500,1500
1677616078121720000,0,0,10000,10000,1500,1500
1677616078121734600,0,0,10000,10000,1500,1500
1677616078121759400,0,0,10000,10000,1500,1500
1677616078121924400,0,0,10000,10000,1500,1500
1677616078121927300,0,0,10000,10000,1500,1500
1677616078121929600,0,0,10000,10000,1500,1500
1677616078190335900,0,0,10000,10000,1500,1500
1677616078190399600,0,0,10000,10000,1500,1500
1677616078190404000,0,0,10000,10000,1500,1500
1677616078190517900,0,0,10000,10000,1500,1500
1677616078190526900,0,0,10000,10000,1500,1500
1677616078190598300,0,0,10000,10000,1500,1500
1677616078190610900,0,0,10000,10000,1500,1500
1677616078243713600,0,0,10000,10000,1500,1500
1677616078243784900,0,0,10000,10000,1500,1500
1677616078243808700,0,0,10000,10000,1500,1500
1677616078244678900,0,0,10000,10000,1500,1500
1677616078244714900,0,0,10000,10000,1500,1500
1677616078303953300,0,0,10000,10000,1500,1500
1677616078304914100,0,0,10000,10000,1500,1500
1677616078304932900,0,0,10000,10000,1500,1500
1677616078304962400,0,0,10000,10000,1500,1500
1677616078304982500,0,0,10000,10000,1500,1500
1677616078305005500,0,0,10000,10000,1500,1500
1677616078349013900,0,0,10000,10000,1500,1500
1677616078349064900,0,0,10000,10000,1500,1500
1677616078349088200,0,0,10000,10000,1500,1500
1677616078349116500,0,0,10000,10000,1500,1500
1677616078349134700,0,0,10000,10000,1500,1500
1677616078397166100,0,0,10000,10000,1500,1500
1677616078397198800,0,0,10000,10000,1500,1500
1677616078397222200,0,0,10000,10000,1500,1500
1677616078397381000,0,0,10000,10000,1500,1500
1677616078397419500,0,0,10000,10000,1500,1500
1677616078443767300,0,0,10000,10000,1500,1500
1677616078443774600,0,0,10000,10000,1500,1500
1677616078443807600,0,0,10000,10000,1500,1500
1677616078443822800,0,0,10000,10000,1500,1500
1677616078513774800,0,0,10000,10000,1500,1500
1677616078513780400,0,0,10000,10000,1500,1500
1677616078513784400,0,0,10000,10000,1500,1500
1677616078513787700,0,0,10000,10000,1500,1500
1677616078513792500,0,0,10000,10000,1500,1500
1677616078552775100,0,0,10000,10000,1500,1500
1677616078553031300,0,0,10000,10000,1500,1500
1677616078553040000,0,0,10000,10000,1500,1500
1677616078553043600,0,0,10000,10000,1500,1500
1677616078553047200,0,0,10000,10000,1500,1500
1677616078553050900,0,0,10000,10000,1500,1500
1677616078614982500,0,0,10000,10000,1500,1500
1677616078615005600,0,0,10000,10000,1500,1500
1677616078615016500,0,0,10000,10000,1500,1500
1677616078615021900,0,0,10000,10000,1500,1500
1677616078615026400,0,0,10000,10000,1500,1500
1677616078615034100,0,0,10000,10000,1500,1500
1677616078676252100,0,0,10000,10000,1500,1500
1677616078676275900,0,0,10000,10000,1500,1500
1677616078676290100,0,0,10000,10000,1500,1500
1677616078676296600,0,0,10000,10000,1500,1500
1677616078676306900,0,0,10000,10000,1500,1500
1677616078676314200,0,0,10000,10000,1500,1500
1677616078676319500,0,0,10000,10000,1500,1500
1677616078737232100,0,0,10000,10000,1500,1500
1677616078737235700,0,0,10000,10000,1500,1500
1677616078737238800,0,0,10000,10000,1500,1500
1677616078737241900,0,0,10000,10000,1500,1500
1677616078737245100,0,0,10000,10000,1500,1500
1677616078737248700,0,0,10000,10000,1500,1500
1677616078789559400,0,0,10000,10000,1500,1500
1677616078789563300,0,0,10000,10000,1500,1500
1677616078789579900,0,0,10000,10000,1500,1500
1677616078789594000,0,0,10000,10000,1500,1500
1677616078848471100,0,0,10000,10000,1500,1500
1677616078848588600,0,0,10000,10000,1500,1500
1677616078848600100,0,0,10000,10000,1500,1500
1677616078848609900,0,0,10000,10000,1500,1500
1677616078848614200,0,0,10000,10000,1500,1500
1677616078848618200,0,0,10000,10000,1500,1500
1677616078848652400,0,0,10000,10000,1500,1500
1677616078915296400,0,0,10000,10000,1500,1500
1677616078915314200,0,0,10000,10000,1500,1500
1677616078915325000,0,0,10000,10000,1500,1500
1677616078915332800,0,0,10000,10000,1500,1500
1677616078915352300,0,0,10000,10000,1500,1500
1677616078915364800,0,0,10000,10000,1500,1500
1677616078971353500,0,0,10000,10000,1500,1500
1677616078971358600,0,0,10000,10000,1500,1500
1677616078971361900,0,0,10000,10000,1500,1500
1677616078971729200,0,0,10000,10000,1500,1500
1677616078971754400,0,0,10000,10000,1500,1500
1677616078971800800,0,0,10000,10000,1500,1500
1677616079035634900,0,0,10000,10000,1500,1500
1677616079035640200,0,0,10000,10000,1500,1500
1677616079035659500,0,0,10000,10000,1500,1500
1677616079035668600,0,0,10000,10000,1500,1500
1677616079035672800,0,0,10000,10000,1500,1500
1677616079035677400,0,0,10000,10000,1500,1500
1677616079097972700,0,0,10000,10000,1500,1500
1677616079097976800,0,0,10000,10000,1500,1500
1677616079097991300,0,0,10000,10000,1500,1500
1677616079097995700,0,0,10000,10000,1500,1500
1677616079097999600,0,0,10000,10000,1500,1500
1677616079098003600,0,0,10000,10000,1500,1500
1677616079098007600,0,0,10000,10000,1500,1500
