%time,field.mx,field.my,field.fz,field.t,,time dif,avg time,max dif
1.67694E+18,149,208,211.68,1676941311,0.942499876,,,
1.67694E+18,151,210,205.8,1676941311,0.94299984,0.000499964,0.019402817,3.362310171
1.67694E+18,138,168,211.68,1676941311,0.943359852,0.000360012,,
1.67694E+18,138,168,209.72,1676941311,0.991250038,0.047890186,,
1.67694E+18,137,167,205.8,1676941311,0.991770029,0.000519991,,
1.67694E+18,136,167,207.76,1676941311,0.992110014,0.000339985,,
1.67694E+18,136,166,209.72,1676941311,0.992419958,0.000309944,,
1.67694E+18,139,167,215.6,1676941311,1.029619932,0.037199974,,
1.67694E+18,138,168,211.68,1676941311,1.03015995,0.000540018,,
1.67694E+18,137,167,209.72,1676941311,1.030509949,0.000349998,,
1.67694E+18,135,166,213.64,1676941311,1.031080008,0.000570059,,
1.67694E+18,135,165,215.6,1676941311,1.078379869,0.047299862,,
1.67694E+18,135,165,215.6,1676941311,1.079730034,0.001350164,,
1.67694E+18,135,166,215.6,1676941311,1.080369949,0.000639915,,
1.67694E+18,135,165,215.6,1676941311,1.080719948,0.000349998,,
1.67694E+18,137,166,221.48,1676941311,1.081320047,0.0006001,,
1.67694E+18,136,166,221.48,1676941311,1.081640005,0.000319958,,
1.67694E+18,141,169,219.52,1676941311,1.127189875,0.04554987,,
1.67694E+18,140,168,223.44,1676941311,1.127789974,0.0006001,,
1.67694E+18,141,167,229.32,1676941311,1.128200054,0.00041008,,
1.67694E+18,143,168,237.16,1676941311,1.129269838,0.001069784,,
1.67694E+18,151,171,246.96,1676941311,1.129639864,0.000370026,,
1.67694E+18,156,173,252.84,1676941311,1.175879955,0.046240091,,
1.67694E+18,162,174,262.64,1676941311,1.176869869,0.000989914,,
1.67694E+18,170,176,268.52,1676941311,1.177219868,0.000349998,,
1.67694E+18,175,177,276.36,1676941311,1.17753005,0.000310183,,
1.67694E+18,177,178,282.24,1676941311,1.224639893,0.047109842,,
1.67694E+18,181,180,290.08,1676941311,1.22514987,0.000509977,,
1.67694E+18,185,182,295.96,1676941311,1.225679874,0.000530005,,
1.67694E+18,190,184,301.84,1676941311,1.226059914,0.000380039,,
1.67694E+18,193,185,301.84,1676941311,1.272919893,0.04685998,,
1.67694E+18,196,186,305.76,1676941311,1.273459911,0.000540018,,
1.67694E+18,199,186,311.64,1676941311,1.273949862,0.00048995,,
1.67694E+18,200,186,317.52,1676941311,1.274420023,0.000470161,,
1.67694E+18,202,186,323.4,1676941311,1.322219849,0.047799826,,
1.67694E+18,207,188,325.36,1676941311,1.322730064,0.000510216,,
1.67694E+18,210,189,333.2,1676941311,1.323199987,0.000469923,,
1.67694E+18,211,188,335.16,1676941311,1.323719978,0.000519991,,
1.67694E+18,214,188,343,1676941311,1.324130058,0.00041008,,
1.67694E+18,213,185,348.88,1676941311,1.324519873,0.000389814,,
1.67694E+18,218,186,352.8,1676941311,1.370889902,0.046370029,,
1.67694E+18,218,187,352.8,1676941311,1.371369839,0.000479937,,
1.67694E+18,218,185,350.84,1676941311,1.371809959,0.000440121,,
1.67694E+18,219,185,350.84,1676941311,1.372259855,0.000449896,,
1.67694E+18,215,181,354.76,1676941311,1.372560024,0.000300169,,
1.67694E+18,213,179,356.72,1676941311,1.420840025,0.048280001,,
1.67694E+18,212,178,356.72,1676941311,1.421370029,0.000530005,,
1.67694E+18,210,178,358.68,1676941311,1.42185998,0.00048995,,
1.67694E+18,212,178,354.76,1676941311,1.422379971,0.000519991,,
1.67694E+18,212,177,358.68,1676941311,1.468379974,0.046000004,,
1.67694E+18,209,176,354.76,1676941311,1.468889952,0.000509977,,
1.67694E+18,204,173,343,1676941311,1.469409943,0.000519991,,
1.67694E+18,196,170,333.2,1676941311,1.469879866,0.000469923,,
1.67694E+18,185,165,321.44,1676941311,1.565409899,0.095530033,,
1.67694E+18,172,160,295.96,1676941311,1.56595993,0.000550032,,
1.67694E+18,153,154,262.64,1676941311,1.566479921,0.000519991,,
1.67694E+18,136,150,219.52,1676941311,1.566949844,0.000469923,,
1.67694E+18,112,143,166.6,1676941311,1.614680052,0.047730207,,
1.67694E+18,89,133,117.6,1676941311,1.614939928,0.000259876,,
1.67694E+18,65,120,68.6,1676941311,1.630919933,0.015980005,,
1.67694E+18,48,104,19.6,1676941311,1.631139994,0.00022006,,
1.67694E+18,44,95,-21.56,1676941311,1.657379866,0.026239872,,
1.67694E+18,37,88,-64.68,1676941311,1.657629967,0.000250101,,
1.67694E+18,26,83,-99.96,1676941311,1.65809989,0.000469923,,
1.67694E+18,11,73,-131.32,1676941311,1.658429861,0.000329971,,
1.67694E+18,-5,76,-145.04,1676941311,1.658959866,0.000530005,,
1.67694E+18,-16,61,-156.8,1676941311,1.659309864,0.000349998,,
1.67694E+18,-14,13,-152.88,1676941311,1.659719944,0.00041008,,
1.67694E+18,-17,12,-152.88,1676941311,1.660039902,0.000319958,,
1.67694E+18,-15,13,-154.84,1676941311,1.676069975,0.016030073,,
1.67694E+18,-13,-6,-154.84,1676941311,1.676660061,0.000590086,,
1.67694E+18,-13,-36,-150.92,1676941311,1.712169886,0.035509825,,
1.67694E+18,-16,14,-154.84,1676941311,1.712440014,0.000270128,,
1.67694E+18,-20,14,-156.8,1676941311,1.733609915,0.021169901,,
1.67694E+18,-17,13,-150.92,1676941311,1.733860016,0.000250101,,
1.67694E+18,-19,11,-145.04,1676941312,1.809700012,0.075839996,,
1.67694E+18,-19,9,-148.96,1676941312,1.809949875,0.000249863,,
1.67694E+18,-19,5,-147,1676941312,1.826060057,0.016110182,,
1.67694E+18,-19,3,-145.04,1676941312,1.826289892,0.000229836,,
1.67694E+18,-17,5,-139.16,1676941312,1.842319965,0.016030073,,
1.67694E+18,-13,10,-141.12,1676941312,1.858459949,0.016139984,,
1.67694E+18,-14,8,-135.24,1676941312,1.86390996,0.00545001,,
1.67694E+18,-19,8,-135.24,1676941312,1.864340067,0.000430107,,
1.67694E+18,-14,11,-137.2,1676941312,1.864749908,0.000409842,,
1.67694E+18,-13,11,-133.28,1676941312,1.870470047,0.005720139,,
1.67694E+18,-16,8,-137.2,1676941312,1.87590003,0.005429983,,
1.67694E+18,-15,8,-137.2,1676941312,1.876760006,0.000859976,,
1.67694E+18,-15,8,-137.2,1676941312,1.907140017,0.030380011,,
1.67694E+18,-15,8,-133.28,1676941312,1.912689924,0.005549908,,
1.67694E+18,-16,7,-131.32,1676941312,1.913269997,0.000580072,,
1.67694E+18,-12,7,-127.4,1676941312,1.913569927,0.000299931,,
1.67694E+18,-15,6,-131.32,1676941312,1.913889885,0.000319958,,
1.67694E+18,-13,6,-133.28,1676941312,1.966409922,0.052520037,,
1.67694E+18,-13,5,-133.28,1676941312,1.966660023,0.000250101,,
1.67694E+18,-14,4,-131.32,1676941312,1.989680052,0.023020029,,
1.67694E+18,-11,5,-135.24,1676941312,1.990530014,0.000849962,,
1.67694E+18,-12,5,-135.24,1676941312,2.015280008,0.024749994,,
1.67694E+18,-12,4,-135.24,1676941312,2.015519857,0.000239849,,
1.67694E+18,-12,4,-137.2,1676941312,2.031579971,0.016060114,,
1.67694E+18,-15,4,-135.24,1676941312,2.031810045,0.000230074,,
1.67694E+18,-13,8,-139.16,1676941312,2.053429842,0.021619797,,
1.67694E+18,-13,8,-139.16,1676941312,2.053799868,0.000370026,,
1.67694E+18,-13,9,-141.12,1676941312,2.065429926,0.011630058,,
1.67694E+18,-15,8,-147,1676941312,2.065860033,0.000430107,,
1.67694E+18,-16,8,-148.96,1676941312,2.112429857,0.046569824,,
1.67694E+18,-17,8,-147,1676941312,2.112669945,0.000240088,,
1.67694E+18,-18,8,-147,1676941312,2.128700018,0.016030073,,
1.67694E+18,-15,7,-141.12,1676941312,2.12954998,0.000849962,,
1.67694E+18,-13,5,-139.16,1676941312,2.161170006,0.031620026,,
1.67694E+18,-9,4,-141.12,1676941312,2.161599874,0.000429869,,
1.67694E+18,-10,1,-141.12,1676941312,2.187589884,0.025990009,,
1.67694E+18,-7,1,-141.12,1676941312,2.188050032,0.000460148,,
1.67694E+18,-7,1,-143.08,1676941312,2.199209929,0.011159897,,
1.67694E+18,-8,0,-148.96,1676941312,2.199650049,0.000440121,,
1.67694E+18,-14,-1,-145.04,1676941312,2.199790001,0.000139952,,
1.67694E+18,-15,-2,-143.08,1676941312,2.205289841,0.00549984,,
1.67694E+18,-26,-61,-96.04,1676941312,2.248359919,0.043070078,,
1.67694E+18,38,4,-98,1676941312,2.259660006,0.011300087,,
1.67694E+18,43,49,-98,1676941312,2.260099888,0.000439882,,
1.67694E+18,75,36,5.88,1676941312,2.265749931,0.005650043,,
1.67694E+18,117,76,68.6,1676941312,2.265939951,0.00019002,,
1.67694E+18,168,107,125.44,1676941312,2.297109842,0.031169891,,
1.67694E+18,185,139,160.72,1676941312,2.297689915,0.000580072,,
1.67694E+18,148,157,180.32,1676941312,2.298120022,0.000430107,,
1.67694E+18,117,165,164.64,1676941312,2.29847002,0.000349998,,
1.67694E+18,75,166,147,1676941312,2.298599958,0.000129938,,
1.67694E+18,50,156,121.52,1676941312,2.299259901,0.000659943,,
1.67694E+18,37,127,101.92,1676941312,2.404929876,0.105669975,,
1.67694E+18,45,87,105.84,1676941312,2.405220032,0.000290155,,
1.67694E+18,62,57,105.84,1676941312,2.421329975,0.016109943,,
1.67694E+18,82,43,94.08,1676941312,2.421579838,0.000249863,,
1.67694E+18,84,46,72.52,1676941312,2.454629898,0.03305006,,
1.67694E+18,78,57,49,1676941312,2.455129862,0.000499964,,
1.67694E+18,101,72,23.52,1676941312,2.466099977,0.010970116,,
1.67694E+18,125,88,3.92,1676941312,2.466639996,0.000540018,,
1.67694E+18,127,96,-13.72,1676941312,2.491719961,0.025079966,,
1.67694E+18,120,97,-37.24,1676941312,2.491960049,0.000240088,,
1.67694E+18,74,93,-96.04,1676941312,2.497639894,0.005679846,,
1.67694E+18,52,98,-113.68,1676941312,2.49819994,0.000560045,,
1.67694E+18,29,103,-129.36,1676941312,2.54095006,0.04275012,,
1.67694E+18,-3,100,-145.04,1676941312,2.541189909,0.000239849,,
1.67694E+18,-19,74,-154.84,1676941312,2.552010059,0.01082015,,
1.67694E+18,-25,34,-154.84,1676941312,2.552510023,0.000499964,,
1.67694E+18,-18,15,-152.88,1676941312,2.552939892,0.000429869,,
1.67694E+18,-15,17,-160.72,1676941312,2.55328989,0.000349998,,
1.67694E+18,-18,14,-162.68,1676941312,2.589709997,0.036420107,,
1.67694E+18,-15,9,-152.88,1676941312,2.589949846,0.000239849,,
1.67694E+18,-26,-36,-150.92,1676941312,2.616189957,0.02624011,,
1.67694E+18,-13,13,-156.8,1676941312,2.638419867,0.02222991,,
1.67694E+18,-11,15,-158.76,1676941312,2.638659954,0.000240088,,
1.67694E+18,-10,16,-152.88,1676941312,2.645210028,0.006550074,,
1.67694E+18,-12,15,-148.96,1676941312,2.655969858,0.01075983,,
1.67694E+18,-13,14,-148.96,1676941312,2.661609888,0.00564003,,
1.67694E+18,-14,11,-150.92,1676941312,2.66215992,0.000550032,,
1.67694E+18,-17,3,-150.92,1676941312,2.687139988,0.024980068,,
1.67694E+18,-19,7,-148.96,1676941312,2.692819834,0.005679846,,
1.67694E+18,-21,11,-147,1676941312,2.713739872,0.020920038,,
1.67694E+18,-20,9,-143.08,1676941312,2.713979959,0.000240088,,
1.67694E+18,-18,11,-147,1676941312,2.735419989,0.021440029,,
1.67694E+18,-20,10,-143.08,1676941312,2.735659838,0.000239849,,
1.67694E+18,-20,9,-141.12,1676941312,2.746419907,0.010760069,,
1.67694E+18,-19,9,-143.08,1676941312,2.746989965,0.000570059,,
1.67694E+18,-20,7,-137.2,1676941313,2.784929991,0.037940025,,
1.67694E+18,-17,8,-135.24,1676941313,2.785179853,0.000249863,,
1.67694E+18,-18,9,-141.12,1676941313,2.801259995,0.016080141,,
1.67694E+18,-19,8,-139.16,1676941313,2.801490068,0.000230074,,
1.67694E+18,-18,8,-139.16,1676941313,2.838490009,0.036999941,,
1.67694E+18,-18,6,-135.24,1676941313,2.83976984,0.001279831,,
1.67694E+18,-12,9,-135.24,1676941316,6.198319912,3.358550072,,
1.67694E+18,-10,11,-135.24,1676941316,6.198950052,0.00063014,,
1.67694E+18,-11,11,-141.12,1676941316,6.199379921,0.000429869,,
1.67694E+18,-10,11,-141.12,1676941316,6.199549913,0.000169992,,
1.67694E+18,-2,16,-139.16,1676941316,6.199909925,0.000360012,,
1.67694E+18,-2,17,-139.16,1676941316,6.20002985,0.000119925,,
1.67694E+18,1,19,-137.2,1676941316,6.200239897,0.000210047,,
1.67694E+18,-1,21,-133.28,1676941316,6.200479984,0.000240088,,
1.67694E+18,14,37,-145.04,1676941316,6.245929956,0.045449972,,
1.67694E+18,12,45,-143.08,1676941316,6.246189833,0.000259876,,
1.67694E+18,8,61,-148.96,1676941316,6.251889944,0.005700111,,
1.67694E+18,-2,55,-143.08,1676941316,6.252130032,0.000240088,,
1.67694E+18,2,52,-147,1676941316,6.305049896,0.052919865,,
1.67694E+18,2,46,-147,1676941316,6.305490017,0.000440121,,
1.67694E+18,3,42,-147,1676941316,6.321329832,0.015839815,,
1.67694E+18,10,49,-117.6,1676941316,6.32156992,0.000240088,,
1.67694E+18,28,36,-43.12,1676941316,6.343569994,0.022000074,,
1.67694E+18,81,-103,88.2,1676941316,6.344039917,0.000469923,,
1.67694E+18,191,-112,315.56,1676941316,6.344709873,0.000669956,,
1.67694E+18,296,-32,493.92,1676941316,6.34510994,0.000400066,,
1.67694E+18,338,2,601.72,1676941316,6.391849995,0.046740055,,
1.67694E+18,272,38,644.84,1676941316,6.392439842,0.000589848,,
1.67694E+18,188,20,631.12,1676941316,6.392889977,0.000450134,,
1.67694E+18,113,-41,609.56,1676941316,6.393260002,0.000370026,,
1.67694E+18,61,-113,609.56,1676941316,6.44114995,0.047889948,,
1.67694E+18,61,-170,617.4,1676941316,6.441760063,0.000610113,,
1.67694E+18,107,-199,633.08,1676941316,6.442299843,0.00053978,,
1.67694E+18,158,-215,644.84,1676941316,6.442689896,0.000390053,,
1.67694E+18,204,-236,646.8,1676941316,6.44314003,0.000450134,,
1.67694E+18,248,-269,646.8,1676941316,6.489779949,0.046639919,,
1.67694E+18,286,-258,635.04,1676941316,6.490200043,0.000420094,,
1.67694E+18,319,-201,627.2,1676941316,6.490350008,0.000149965,,
1.67694E+18,349,-120,607.6,1676941316,6.490849972,0.000499964,,
1.67694E+18,448,57,586.04,1676941316,6.496459961,0.005609989,,
1.67694E+18,444,99,566.44,1676941316,6.497499943,0.001039982,,
1.67694E+18,428,127,546.84,1676941316,6.548869848,0.051369905,,
1.67694E+18,407,143,531.16,1676941316,6.549399853,0.000530005,,
1.67694E+18,380,158,511.56,1676941316,6.549799919,0.000400066,,
1.67694E+18,359,178,493.92,1676941316,6.550159931,0.000360012,,
1.67694E+18,347,194,491.96,1676941316,6.592550039,0.042390108,,
1.67694E+18,343,211,482.16,1676941316,6.592829943,0.000279903,,
1.67694E+18,363,238,476.28,1676941316,6.598690033,0.00586009,,
1.67694E+18,380,264,478.24,1676941316,6.59897995,0.000289917,,
1.67694E+18,388,292,470.4,1676941316,6.635519981,0.036540031,,
1.67694E+18,395,327,458.64,1676941316,6.635939837,0.000419855,,
1.67694E+18,397,359,458.64,1676941316,6.636179924,0.000240088,,
1.67694E+18,390,387,454.72,1676941316,6.636389971,0.000210047,,
1.67694E+18,387,420,450.8,1676941316,6.684689999,0.048300028,,
1.67694E+18,385,457,448.84,1676941316,6.685119867,0.000429869,,
1.67694E+18,385,495,441,1676941316,6.685359955,0.000240088,,
1.67694E+18,379,530,433.16,1676941316,6.685489893,0.000129938,,
1.67694E+18,372,570,421.4,1676941316,6.68611002,0.000620127,,
1.67694E+18,375,611,403.76,1676941316,6.686239958,0.000129938,,
1.67694E+18,381,648,397.88,1676941316,6.733409882,0.047169924,,
1.67694E+18,388,679,392,1676941316,6.734030008,0.000620127,,
1.67694E+18,391,713,380.24,1676941316,6.734420061,0.000390053,,
1.67694E+18,401,751,362.6,1676941316,6.739929914,0.005509853,,
1.67694E+18,411,791,346.92,1676941316,6.740190029,0.000260115,,
1.67694E+18,426,840,325.36,1676941317,6.782289982,0.042099953,,
1.67694E+18,438,890,313.6,1676941317,6.782870054,0.000580072,,
1.67694E+18,445,942,292.04,1676941317,6.798719883,0.015849829,,
1.67694E+18,461,997,274.4,1676941317,6.799239874,0.000519991,,
1.67694E+18,465,1045,254.8,1676941317,6.830999851,0.031759977,,
1.67694E+18,474,1095,229.32,1676941317,6.831409931,0.00041008,,
1.67694E+18,474,1135,211.68,1676941317,6.847470045,0.016060114,,
1.67694E+18,465,1172,182.28,1676941317,6.847980022,0.000509977,,
1.67694E+18,469,1206,152.88,1676941317,6.879260063,0.031280041,,
1.67694E+18,464,1214,147,1676941317,6.879590034,0.000329971,,
1.67694E+18,241,940,41.16,1676941317,6.879889965,0.000299931,,
1.67694E+18,200,816,25.48,1676941317,6.880389929,0.000499964,,
1.67694E+18,169,676,9.8,1676941317,6.928429842,0.048039913,,
1.67694E+18,142,536,0,1676941317,6.928879976,0.000450134,,
1.67694E+18,107,411,-19.6,1676941317,6.929069996,0.00019002,,
1.67694E+18,72,300,-37.24,1676941317,6.929179907,0.000109911,,
1.67694E+18,41,205,-58.8,1676941317,6.960720062,0.031540155,,
1.67694E+18,16,117,-82.32,1676941317,6.961030006,0.000309944,,
1.67694E+18,-8,33,-96.04,1676941317,6.976840019,0.015810013,,
1.67694E+18,-26,-27,-113.68,1676941317,6.977069855,0.000229836,,
1.67694E+18,-21,-31,-129.36,1676941317,6.988149881,0.011080027,,
1.67694E+18,-13,-17,-139.16,1676941317,6.988669872,0.000519991,,
1.67694E+18,-6,-14,-131.32,1676941317,6.988950014,0.000280142,,
1.67694E+18,-8,-60,-123.48,1676941317,7.026079893,0.037129879,,
1.67694E+18,-6,-36,-121.52,1676941317,7.026560068,0.000480175,,
1.67694E+18,-4,-12,-123.48,1676941317,7.02745986,0.000899792,,
1.67694E+18,-9,-30,-113.68,1676941317,7.02809,0.00063014,,
1.67694E+18,-15,-37,-119.56,1676941317,7.074879885,0.046789885,,
1.67694E+18,-16,-27,-123.48,1676941317,7.075309992,0.000430107,,
1.67694E+18,-22,-37,-123.48,1676941317,7.075829983,0.000519991,,
1.67694E+18,-15,-31,-119.56,1676941317,7.076189995,0.000360012,,
1.67694E+18,-13,-30,-119.56,1676941317,7.123110056,0.046920061,,
1.67694E+18,-11,-29,-121.52,1676941317,7.123559952,0.000449896,,
1.67694E+18,-14,-26,-125.44,1676941317,7.124049902,0.00048995,,
1.67694E+18,-16,-24,-127.4,1676941317,7.124529839,0.000479937,,
1.67694E+18,-15,-22,-131.32,1676941317,7.174479961,0.049950123,,
1.67694E+18,-12,-16,-131.32,1676941317,7.174739838,0.000259876,,
1.67694E+18,-11,-16,-131.32,1676941317,7.17531991,0.000580072,,
1.67694E+18,-11,-14,-135.24,1676941317,7.175469875,0.000149965,,
1.67694E+18,-10,-10,-139.16,1676941317,7.176120043,0.000650167,,
1.67694E+18,-6,-6,-145.04,1676941317,7.176349878,0.000229836,,
1.67694E+18,-3,-3,-141.12,1676941317,7.220919847,0.044569969,,
1.67694E+18,-4,-2,-143.08,1676941317,7.221179962,0.000260115,,
1.67694E+18,-2,0,-145.04,1676941317,7.221509933,0.000329971,,
1.67694E+18,-1,0,-148.96,1676941317,7.222349882,0.000839949,,
1.67694E+18,5,0,-150.92,1676941317,7.222529888,0.000180006,,
1.67694E+18,10,4,-154.84,1676941317,7.222959995,0.000430107,,
1.67694E+18,16,4,-152.88,1676941317,7.279979944,0.057019949,,
1.67694E+18,24,4,-150.92,1676941317,7.280230045,0.000250101,,
1.67694E+18,23,3,-148.96,1676941317,7.280940056,0.000710011,,
1.67694E+18,25,7,-156.8,1676941317,7.28260994,0.001669884,,
1.67694E+18,25,9,-158.76,1676941317,7.328709841,0.046099901,,
1.67694E+18,25,11,-156.8,1676941317,7.328939915,0.000230074,,
1.67694E+18,21,14,-160.72,1676941317,7.329669952,0.000730038,,
1.67694E+18,12,23,-162.68,1676941317,7.330109835,0.000439882,,
1.67694E+18,6,30,-152.88,1676941317,7.366679907,0.036570072,,
1.67694E+18,0,36,-154.84,1676941317,7.366930008,0.000250101,,
1.67694E+18,27,81,-158.76,1676941317,7.367609978,0.00067997,,
1.67694E+18,1,98,-170.52,1676941317,7.367990017,0.000380039,,
1.67694E+18,-12,58,-160.72,1676941317,7.464649916,0.096659899,,
1.67694E+18,-4,61,-158.76,1676941317,7.464900017,0.000250101,,
1.67694E+18,0,54,-158.76,1676941317,7.465559959,0.000659943,,
1.67694E+18,11,61,-156.8,1676941317,7.466019869,0.000459909,,
1.67694E+18,19,53,-154.84,1676941317,7.466389894,0.000370026,,
1.67694E+18,11,41,-152.88,1676941317,7.467220068,0.000830173,,
1.67694E+18,3,44,-143.08,1676941317,7.513390064,0.046169996,,
1.67694E+18,43,71,-66.64,1676941317,7.518959999,0.005569935,,
1.67694E+18,117,-41,88.2,1676941317,7.519170046,0.000210047,,
1.67694E+18,345,-105,621.32,1676941317,7.524790049,0.005620003,,
1.67694E+18,362,-81,731.08,1676941317,7.525209904,0.000419855,,
1.67694E+18,255,-52,736.96,1676941317,7.57249999,0.047290087,,
1.67694E+18,128,-78,707.56,1676941317,7.57273984,0.000239849,,
1.67694E+18,19,-143,674.24,1676941317,7.573359966,0.000620127,,
1.67694E+18,-23,-196,668.36,1676941317,7.573729992,0.000370026,,
1.67694E+18,-7,-250,686,1676941317,7.621199846,0.047469854,,
1.67694E+18,48,-286,701.68,1676941317,7.621729851,0.000530005,,
1.67694E+18,115,-308,705.6,1676941317,7.621899843,0.000169992,,
1.67694E+18,178,-332,713.44,1676941317,7.622099876,0.000200033,,
1.67694E+18,226,-353,711.48,1676941317,7.659270048,0.037170172,,
1.67694E+18,265,-336,705.6,1676941317,7.659669876,0.000399828,,
1.67694E+18,303,-275,678.16,1676941317,7.659810066,0.00014019,,
1.67694E+18,339,-196,662.48,1676941317,7.660219908,0.000409842,,
1.67694E+18,374,-115,637,1676941317,7.708449841,0.048229933,,
1.67694E+18,395,-53,617.4,1676941317,7.708849907,0.000400066,,
1.67694E+18,397,7,591.92,1676941317,7.708999872,0.000149965,,
1.67694E+18,370,62,568.4,1676941317,7.709409952,0.00041008,,
1.67694E+18,329,111,535.08,1676941317,7.7509799,0.041569948,,
1.67694E+18,292,150,503.72,1676941317,7.751679897,0.000699997,,
1.67694E+18,267,172,490,1676941317,7.76797986,0.016299963,,
1.67694E+18,257,191,478.24,1676941317,7.768539906,0.000560045,,
1.67694E+18,256,215,466.48,1676941317,7.768790007,0.000250101,,
1.67694E+18,254,240,454.72,1676941318,7.77944994,0.010659933,,
1.67694E+18,251,254,450.8,1676941318,7.77967,0.00022006,,
1.67694E+18,272,290,431.2,1676941318,7.80595994,0.02628994,,
1.67694E+18,303,319,433.16,1676941318,7.806570053,0.000610113,,
1.67694E+18,326,343,441,1676941318,7.833319902,0.026749849,,
1.67694E+18,345,374,441,1676941318,7.833879948,0.000560045,,
1.67694E+18,353,404,437.08,1676941318,7.854670048,0.0207901,,
1.67694E+18,349,436,433.16,1676941318,7.870609999,0.015939951,,
1.67694E+18,343,474,427.28,1676941318,7.88154006,0.010930061,,
1.67694E+18,329,511,425.32,1676941318,7.882089853,0.000549793,,
1.67694E+18,322,552,419.44,1676941318,7.898069859,0.015980005,,
1.67694E+18,316,593,407.68,1676941318,7.898649931,0.000580072,,
1.67694E+18,315,633,405.72,1676941318,7.898989916,0.000339985,,
1.67694E+18,311,673,395.92,1676941318,7.899100065,0.000110149,,
1.67694E+18,316,716,386.12,1676941318,7.910199881,0.011099815,,
1.67694E+18,315,757,370.44,1676941318,7.910419941,0.00022006,,
1.67694E+18,324,802,358.68,1676941318,7.915750027,0.005330086,,
1.67694E+18,328,847,337.12,1676941318,7.916189909,0.000439882,,
1.67694E+18,341,900,311.64,1676941318,7.960150003,0.043960094,,
1.67694E+18,345,951,294,1676941318,7.960520029,0.000370026,,
1.67694E+18,355,1011,262.64,1676941318,8.0009799,0.040459871,,
1.67694E+18,357,1064,239.12,1676941318,8.001569986,0.000590086,,
1.67694E+18,367,1120,207.76,1676941318,8.00184989,0.000279903,,
1.67694E+18,375,1167,190.12,1676941318,8.002110004,0.000260115,,
1.67694E+18,412,1234,166.6,1676941318,8.012879848,0.010769844,,
1.67694E+18,418,1252,164.64,1676941318,8.013229847,0.000349998,,
1.67694E+18,417,1257,147,1676941318,8.065199852,0.051970005,,
1.67694E+18,398,1232,135.24,1676941318,8.065569878,0.000370026,,
1.67694E+18,358,1165,107.8,1676941318,8.098459959,0.032890081,,
1.67694E+18,311,1058,94.08,1676941318,8.098939896,0.000479937,,
1.67694E+18,266,943,66.64,1676941318,8.099289894,0.000349998,,
1.67694E+18,224,799,47.04,1676941318,8.099849939,0.000560045,,
1.67694E+18,189,641,27.44,1676941318,8.100120068,0.000270128,,
1.67694E+18,156,492,1.96,1676941318,8.100379944,0.000259876,,
1.67694E+18,114,362,-19.6,1676941318,8.146709919,0.046329975,,
1.67694E+18,70,246,-37.24,1676941318,8.157919884,0.011209965,,
1.67694E+18,32,145,-64.68,1676941318,8.158289909,0.000370026,,
1.67694E+18,-2,54,-84.28,1676941318,8.163789988,0.005500078,,
1.67694E+18,-24,-17,-98,1676941318,8.195940018,0.03215003,,
1.67694E+18,-30,-40,-115.64,1676941318,8.19659996,0.000659943,,
1.67694E+18,-16,-23,-127.4,1676941318,8.197599888,0.000999928,,
1.67694E+18,-70,-181,-133.28,1676941318,8.197969913,0.000370026,,
1.67694E+18,-20,-68,-123.48,1676941318,8.225090027,0.027120113,,
1.67694E+18,3,-23,-127.4,1676941318,8.244709969,0.019619942,,
1.67694E+18,6,-34,-119.56,1676941318,8.245419979,0.000710011,,
1.67694E+18,0,-47,-123.48,1676941318,8.245929956,0.000509977,,
1.67694E+18,-2,-9,-123.48,1676941318,8.246199846,0.00026989,,
1.67694E+18,-1,-6,-119.56,1676941318,8.246449947,0.000250101,,
1.67694E+18,-6,-25,-117.6,1676941318,8.246819973,0.000370026,,
1.67694E+18,-6,-21,-117.6,1676941318,8.303809881,0.056989908,,
1.67694E+18,-9,-25,-121.52,1676941318,8.304209948,0.000400066,,
1.67694E+18,-9,-29,-121.52,1676941318,8.309900045,0.005690098,,
1.67694E+18,-6,-23,-129.36,1676941318,8.31024003,0.000339985,,
1.67694E+18,-3,-22,-129.36,1676941318,8.347839832,0.037599802,,
1.67694E+18,-2,-20,-123.48,1676941318,8.348209858,0.000370026,,
1.67694E+18,-4,-17,-125.44,1676941318,8.353770018,0.00556016,,
1.67694E+18,-9,-17,-133.28,1676941318,8.354069948,0.000299931,,
1.67694E+18,-7,-11,-131.32,1676941318,8.390509844,0.036439896,,
1.67694E+18,-11,-10,-131.32,1676941318,8.390959978,0.000450134,,
1.67694E+18,-11,-6,-139.16,1676941318,8.391249895,0.000289917,,
1.67694E+18,-12,-4,-141.12,1676941318,8.396839857,0.005589962,,
1.67694E+18,-10,-1,-137.2,1676941318,8.488489866,0.091650009,,
1.67694E+18,-13,-2,-137.2,1676941318,8.48890996,0.000420094,,
1.67694E+18,-16,-1,-141.12,1676941318,8.48932004,0.00041008,,
1.67694E+18,-17,2,-143.08,1676941318,8.489660025,0.000339985,,
1.67694E+18,-16,4,-145.04,1676941318,8.505879879,0.016219854,,
1.67694E+18,-16,5,-145.04,1676941318,8.506299973,0.000420094,,
1.67694E+18,-15,6,-147,1676941318,8.536740065,0.030440092,,
1.67694E+18,-15,7,-150.92,1676941318,8.537209988,0.000469923,,
1.67694E+18,-14,6,-154.84,1676941318,8.537519932,0.000309944,,
1.67694E+18,-11,5,-158.76,1676941318,8.553359985,0.015840054,,
1.67694E+18,-5,5,-152.88,1676941318,8.553750038,0.000390053,,
1.67694E+18,0,10,-158.76,1676941318,8.585969925,0.032219887,,
1.67694E+18,5,15,-164.64,1676941318,8.586420059,0.000450134,,
1.67694E+18,10,17,-166.6,1676941318,8.586669922,0.000249863,,
1.67694E+18,21,8,-156.8,1676941318,8.586930037,0.000260115,,
1.67694E+18,31,18,-164.64,1676941318,8.602869987,0.015939951,,
1.67694E+18,40,29,-166.6,1676941318,8.603219986,0.000349998,,
1.67694E+18,40,51,-168.56,1676941318,8.634709835,0.031489849,,
1.67694E+18,28,67,-166.6,1676941318,8.635129929,0.000420094,,
1.67694E+18,10,73,-168.56,1676941318,8.635419846,0.000289917,,
1.67694E+18,-9,91,-162.68,1676941318,8.635639906,0.00022006,,
1.67694E+18,-22,98,-160.72,1676941318,8.641269922,0.005630016,,
1.67694E+18,-19,89,-156.8,1676941318,8.641659975,0.000390053,,
1.67694E+18,-11,81,-154.84,1676941318,8.693759918,0.052099943,,
1.67694E+18,0,66,-152.88,1676941318,8.694149971,0.000390053,,
1.67694E+18,7,54,-139.16,1676941318,8.699840069,0.005690098,,
1.67694E+18,15,64,-76.44,1676941318,8.700209856,0.000369787,,
1.67694E+18,11,-54,13.72,1676941318,8.74255991,0.042350054,,
1.67694E+18,119,-108,219.52,1676941318,8.742949963,0.000390053,,
1.67694E+18,234,-52,419.44,1676941318,8.748549938,0.005599976,,
1.67694E+18,320,-52,560.56,1676941318,8.748869896,0.000319958,,
1.67694E+18,287,-32,603.68,1676941319,8.780529976,0.03166008,,
1.67694E+18,217,-77,597.8,1676941319,8.780940056,0.00041008,,
1.67694E+18,206,-277,650.72,1676941319,8.781339884,0.000399828,,
1.67694E+18,224,-279,652.68,1676941319,8.781820059,0.000480175,,
1.67694E+18,234,-252,638.96,1676941319,8.829699993,0.047879934,,
1.67694E+18,250,-194,619.36,1676941319,8.830119848,0.000419855,,
1.67694E+18,276,-132,609.56,1676941319,8.830489874,0.000370026,,
1.67694E+18,311,-83,597.8,1676941319,8.831069946,0.000580072,,
1.67694E+18,340,-49,601.72,1676941319,8.836619854,0.005549908,,
1.67694E+18,349,-1,582.12,1676941319,8.836959839,0.000339985,,
1.67694E+18,340,41,558.6,1676941319,8.878449917,0.041490078,,
1.67694E+18,317,71,531.16,1676941319,8.878910065,0.000460148,,
1.67694E+18,303,97,503.72,1676941319,8.879260063,0.000349998,,
1.67694E+18,294,113,497.84,1676941319,8.879780054,0.000519991,,
1.67694E+18,287,136,482.16,1676941319,8.880029917,0.000249863,,
1.67694E+18,289,169,462.56,1676941319,8.937520027,0.05749011,,
1.67694E+18,292,195,456.68,1676941319,8.937890053,0.000370026,,
1.67694E+18,285,209,452.76,1676941319,8.943480015,0.005589962,,
1.67694E+18,284,234,439.04,1676941319,8.943779945,0.000299931,,
1.67694E+18,304,272,427.28,1676941319,8.986249924,0.042469978,,
1.67694E+18,317,300,431.2,1676941319,8.98672986,0.000479937,,
1.67694E+18,322,327,441,1676941319,8.98713994,0.00041008,,
1.67694E+18,325,354,442.96,1676941319,8.987400055,0.000260115,,
1.67694E+18,329,389,444.92,1676941319,9.024209976,0.036809921,,
1.67694E+18,331,422,446.88,1676941319,9.024729967,0.000519991,,
1.67694E+18,334,461,450.8,1676941319,9.025169849,0.000439882,,
1.67694E+18,329,501,442.96,1676941319,9.025460005,0.000290155,,
1.67694E+18,332,543,433.16,1676941319,9.073430061,0.047970057,,
1.67694E+18,334,582,431.2,1676941319,9.073909998,0.000479937,,
1.67694E+18,338,620,419.44,1676941319,9.074159861,0.000249863,,
1.67694E+18,345,655,411.6,1676941319,9.074549913,0.000390053,,
1.67694E+18,359,693,397.88,1676941319,9.09555006,0.021000147,,
1.67694E+18,377,731,390.04,1676941319,9.095929861,0.000379801,,
1.67694E+18,387,773,372.4,1676941319,9.122230053,0.026300192,,
1.67694E+18,402,817,354.76,1676941319,9.122659922,0.000429869,,
1.67694E+18,420,868,331.24,1676941319,9.122959852,0.000299931,,
1.67694E+18,437,923,305.76,1676941319,9.133589983,0.010630131,,
1.67694E+18,448,976,288.12,1676941319,9.133909941,0.000319958,,
1.67694E+18,463,1036,266.56,1676941319,9.17098999,0.03708005,,
1.67694E+18,472,1092,241.08,1676941319,9.171409845,0.000419855,,
1.67694E+18,476,1146,215.6,1676941319,9.182149887,0.010740042,,
1.67694E+18,477,1193,197.96,1676941319,9.182509899,0.000360012,,
1.67694E+18,499,1237,182.28,1676941319,9.268450022,0.085940123,,
1.67694E+18,498,1295,162.68,1676941319,9.268899918,0.000449896,,
1.67694E+18,493,1335,154.84,1676941319,9.284749985,0.015850067,,
1.67694E+18,474,1328,148.96,1676941319,9.285130024,0.000380039,,
1.67694E+18,431,1278,141.12,1676941319,9.316779852,0.031649828,,
1.67694E+18,375,1202,111.72,1676941319,9.317229986,0.000450134,,
1.67694E+18,316,1095,88.2,1676941319,9.317519903,0.000289917,,
1.67694E+18,225,861,45.08,1676941319,9.3182199,0.000699997,,
1.67694E+18,192,719,33.32,1676941319,9.365999937,0.047780037,,
1.67694E+18,161,579,21.56,1676941319,9.366440058,0.000440121,,
1.67694E+18,122,454,1.96,1676941319,9.366799831,0.000359774,,
1.67694E+18,85,348,-21.56,1676941319,9.367349863,0.000550032,,
1.67694E+18,53,247,-41.16,1676941319,9.372920036,0.005570173,,
1.67694E+18,23,149,-66.64,1676941319,9.373260021,0.000339985,,
1.67694E+18,-10,57,-86.24,1676941319,9.414690018,0.041429996,,
1.67694E+18,-27,-15,-99.96,1676941319,9.415109873,0.000419855,,
1.67694E+18,-32,-47,-115.64,1676941319,9.415570021,0.000460148,,
1.67694E+18,-20,-28,-133.28,1676941319,9.415849924,0.000279903,,
1.67694E+18,-113,-172,-145.04,1676941319,9.421399832,0.005549908,,
1.67694E+18,-34,-67,-135.24,1676941319,9.421730042,0.00033021,,
1.67694E+18,16,-22,-127.4,1676941319,9.474519968,0.052789927,,
1.67694E+18,18,-58,-117.6,1676941319,9.474910021,0.000390053,,
1.67694E+18,8,-29,-125.44,1676941319,9.480489969,0.005579948,,
1.67694E+18,-1,-8,-129.36,1676941319,9.480839968,0.000349998,,
1.67694E+18,-1,-15,-129.36,1676941319,9.522870064,0.042030096,,
1.67694E+18,0,-21,-125.44,1676941319,9.523249865,0.000379801,,
1.67694E+18,-4,-19,-123.48,1676941319,9.528800011,0.005550146,,
1.67694E+18,-7,-25,-125.44,1676941319,9.529119968,0.000319958,,
1.67694E+18,-2,-23,-127.4,1676941319,9.560489893,0.031369925,,
1.67694E+18,0,-19,-131.32,1676941319,9.56092,0.000430107,,
1.67694E+18,4,-15,-133.28,1676941319,9.561310053,0.000390053,,
1.67694E+18,0,-13,-131.32,1676941319,9.57220006,0.010890007,,
1.67694E+18,-4,-13,-131.32,1676941319,9.609699965,0.037499905,,
1.67694E+18,-9,-11,-135.24,1676941319,9.610209942,0.000509977,,
1.67694E+18,-11,-8,-143.08,1676941319,9.610460043,0.000250101,,
1.67694E+18,-12,-7,-137.2,1676941319,9.610839844,0.000379801,,
1.67694E+18,-15,-5,-141.12,1676941319,9.611320019,0.000480175,,
1.67694E+18,-17,-1,-147,1676941319,9.658489943,0.047169924,,
1.67694E+18,-18,1,-143.08,1676941319,9.658900023,0.00041008,,
1.67694E+18,-18,0,-147,1676941319,9.659280062,0.000380039,,
1.67694E+18,-13,1,-150.92,1676941319,9.659849882,0.00056982,,
1.67694E+18,-10,3,-154.84,1676941319,9.66012001,0.000270128,,
1.67694E+18,-7,7,-150.92,1676941319,9.660379887,0.000259876,,
1.67694E+18,-7,7,-150.92,1676941319,9.717550039,0.057170153,,
1.67694E+18,-9,7,-154.84,1676941319,9.717979908,0.000429869,,
1.67694E+18,-6,9,-156.8,1676941319,9.72356987,0.005589962,,
1.67694E+18,-4,11,-158.76,1676941319,9.723870039,0.000300169,,
1.67694E+18,0,13,-162.68,1676941319,9.766279936,0.042409897,,
1.67694E+18,3,14,-164.64,1676941319,9.766789913,0.000509977,,
1.67694E+18,7,10,-156.8,1676941319,9.767109871,0.000319958,,
1.67694E+18,10,5,-156.8,1676941319,9.767359972,0.000250101,,
1.67694E+18,17,2,-156.8,1676941320,9.804219961,0.036859989,,
1.67694E+18,26,8,-164.64,1676941320,9.804729939,0.000509977,,
1.67694E+18,22,20,-152.88,1676941320,9.805029869,0.000299931,,
1.67694E+18,12,25,-156.8,1676941320,9.815649986,0.010620117,,
1.67694E+18,4,31,-158.76,1676941320,9.853440046,0.03779006,,
1.67694E+18,3,37,-162.68,1676941320,9.853919983,0.000479937,,
1.67694E+18,29,72,-156.8,1676941320,9.854369879,0.000449896,,
1.67694E+18,10,107,-168.56,1676941320,9.855079889,0.000710011,,
1.67694E+18,-13,61,-158.76,1676941320,9.855360031,0.000280142,,
1.67694E+18,-6,50,-148.96,1676941320,9.855619907,0.000259876,,
1.67694E+18,2,58,-135.24,1676941320,9.902199984,0.046580076,,
1.67694E+18,-10,50,-94.08,1676941320,9.902699947,0.000499964,,
1.67694E+18,-32,-173,5.88,1676941320,9.903069973,0.000370026,,
1.67694E+18,40,-172,203.84,1676941320,9.908789873,0.0057199,,
1.67694E+18,296,-7,603.68,1676941320,9.909139872,0.000349998,,
1.67694E+18,239,-25,617.4,1676941320,9.96130991,0.052170038,,
1.67694E+18,167,-86,607.6,1676941320,9.961699963,0.000390053,,
1.67694E+18,102,-147,597.8,1676941320,9.967269897,0.005569935,,
1.67694E+18,70,-185,599.76,1676941320,9.967649937,0.000380039,,
1.67694E+18,80,-206,605.64,1676941320,10.01016998,0.042520046,,
1.67694E+18,131,-202,605.64,1676941320,10.01056004,0.000390053,,
1.67694E+18,184,-196,611.52,1676941320,10.01610994,0.005549908,,
1.67694E+18,228,-199,603.68,1676941320,10.01647997,0.000370026,,
1.67694E+18,258,-205,603.68,1676941320,10.04800987,0.031529903,,
1.67694E+18,277,-174,586.04,1676941320,10.04841995,0.00041008,,
1.67694E+18,287,-119,556.64,1676941320,10.04866004,0.000240088,,
1.67694E+18,304,-65,537.04,1676941320,10.0489099,0.000249863,,
1.67694E+18,334,-25,539,1676941320,10.09720993,0.048300028,,
1.67694E+18,352,19,531.16,1676941320,10.09771991,0.000509977,,
1.67694E+18,356,62,525.28,1676941320,10.10851002,0.01079011,,
1.67694E+18,344,109,511.56,1676941320,10.10889983,0.000389814,,
1.67694E+18,324,144,495.88,1676941320,10.11447001,0.005570173,,
1.67694E+18,313,166,484.12,1676941320,10.11478996,0.000319958,,
1.67694E+18,307,188,478.24,1676941320,10.14595985,0.031169891,,
1.67694E+18,300,212,466.48,1676941320,10.14638996,0.000430107,,
1.67694E+18,299,229,466.48,1676941320,10.14681005,0.000420094,,
1.67694E+18,301,246,460.6,1676941320,10.14709997,0.000289917,,
1.67694E+18,342,308,448.84,1676941320,10.15264988,0.005549908,,
1.67694E+18,353,331,456.68,1676941320,10.19472003,0.04207015,,
1.67694E+18,355,356,452.76,1676941320,10.19561005,0.000890017,,
1.67694E+18,360,386,444.92,1676941320,10.19588995,0.000279903,,
1.67694E+18,356,412,452.76,1676941320,10.19623995,0.000349998,,
1.67694E+18,353,445,444.92,1676941320,10.24343991,0.047199965,,
1.67694E+18,348,481,448.84,1676941320,10.24386001,0.000420094,,
1.67694E+18,339,518,442.96,1676941320,10.24424005,0.000380039,,
1.67694E+18,337,561,431.2,1676941320,10.24496984,0.000729799,,
1.67694E+18,332,600,415.52,1676941323,13.60728002,3.362310171,,
1.67694E+18,336,639,407.68,1676941323,13.60805988,0.000779867,,
1.67694E+18,338,676,390.04,1676941323,13.6084199,0.000360012,,
1.67694E+18,353,716,378.28,1676941323,13.60870004,0.000280142,,
1.67694E+18,-7,19,-137.2,1676941323,13.65553999,0.046839952,,
1.67694E+18,-10,16,-135.24,1676941323,13.65595007,0.00041008,,
1.67694E+18,-6,16,-141.12,1676941323,13.65626001,0.000309944,,
1.67694E+18,-10,13,-137.2,1676941323,13.65673995,0.000479937,,
1.67694E+18,-9,15,-143.08,1676941323,13.70474005,0.048000097,,
1.67694E+18,-9,13,-137.2,1676941323,13.70533991,0.000599861,,
1.67694E+18,-12,9,-143.08,1676941323,13.70563984,0.000299931,,
1.67694E+18,-10,9,-145.04,1676941323,13.70596004,0.000320196,,
1.67694E+18,-12,12,-139.16,1676941323,13.71142006,0.005460024,,
1.67694E+18,-16,10,-145.04,1676941323,13.7536099,0.042189837,,
1.67694E+18,-13,11,-145.04,1676941323,13.75404,0.000430107,,
1.67694E+18,-11,10,-137.2,1676941323,13.75446987,0.000429869,,
1.67694E+18,-11,8,-141.12,1676941323,13.75484991,0.000380039,,
1.67694E+18,-10,2,-137.2,1676941323,13.76034999,0.005500078,,
1.67694E+18,-8,3,-141.12,1676941323,13.76065993,0.000309944,,
1.67694E+18,-13,-1,-137.2,1676941324,13.81256986,0.051909924,,
1.67694E+18,-19,-16,-123.48,1676941324,13.81295991,0.000390053,,
1.67694E+18,-9,-37,-78.4,1676941324,13.82392001,0.010960102,,
1.67694E+18,85,63,-43.12,1676941324,13.82426,0.000339985,,
1.67694E+18,189,89,41.16,1676941324,13.86133003,0.037070036,,
1.67694E+18,248,180,78.4,1676941324,13.86170983,0.000379801,,
1.67694E+18,310,307,203.84,1676941324,13.86220002,0.000490189,,
1.67694E+18,338,375,272.44,1676941324,13.86251998,0.000319958,,
1.67694E+18,342,383,311.64,1676941324,13.89928985,0.036769867,,
1.67694E+18,323,362,301.84,1676941324,13.89971995,0.000430107,,
1.67694E+18,280,314,282.24,1676941324,13.89997005,0.000250101,,
1.67694E+18,228,246,258.72,1676941324,13.91587996,0.01590991,,
1.67694E+18,175,187,227.36,1676941324,13.94782996,0.031949997,,
1.67694E+18,135,155,188.16,1676941324,13.94823003,0.000400066,,
1.67694E+18,105,146,147,1676941324,13.95876002,0.010529995,,
1.67694E+18,88,152,113.68,1676941324,13.95920992,0.000449896,,
1.67694E+18,79,164,78.4,1676941324,13.97454,0.015330076,,
1.67694E+18,81,178,45.08,1676941324,13.97513986,0.000599861,,
1.67694E+18,90,188,21.56,1676941324,13.99724007,0.02210021,,
1.67694E+18,89,185,-3.92,1676941324,13.99765992,0.000419855,,
1.67694E+18,80,181,-27.44,1676941324,13.99795985,0.000299931,,
1.67694E+18,71,171,-50.96,1676941324,14.00976992,0.011810064,,
1.67694E+18,59,163,-80.36,1676941324,14.00998998,0.00022006,,
1.67694E+18,33,143,-101.92,1676941324,14.05631995,0.046329975,,
1.67694E+18,4,120,-129.36,1676941324,14.05672002,0.000400066,,
1.67694E+18,-16,86,-150.92,1676941324,14.05726004,0.000540018,,
1.67694E+18,-20,32,-156.8,1676941324,14.05749989,0.000239849,,
1.67694E+18,-15,18,-156.8,1676941324,14.10505986,0.047559977,,
1.67694E+18,-18,16,-156.8,1676941324,14.1054399,0.000380039,,
1.67694E+18,-20,14,-156.8,1676941324,14.10579991,0.000360012,,
1.67694E+18,-12,21,-156.8,1676941324,14.10592985,0.000129938,,
1.67694E+18,-9,25,-150.92,1676941324,14.24052,0.134590149,,
1.67694E+18,-15,23,-150.92,1676941324,14.24098992,0.000469923,,
1.67694E+18,-12,24,-147,1676941324,14.24144983,0.000459909,,
1.67694E+18,-15,23,-148.96,1676941324,14.24166989,0.00022006,,
1.67694E+18,-16,22,-150.92,1676941324,14.28973985,0.048069954,,
1.67694E+18,-14,22,-148.96,1676941324,14.29025006,0.000510216,,
1.67694E+18,-17,17,-141.12,1676941324,14.29063988,0.000389814,,
1.67694E+18,-17,16,-143.08,1676941324,14.29103994,0.000400066,,
1.67694E+18,-15,16,-143.08,1676941324,14.29134989,0.000309944,,
1.67694E+18,-12,14,-135.24,1676941324,14.29161,0.000260115,,
1.67694E+18,-17,10,-135.24,1676941324,14.31775999,0.026149988,,
1.67694E+18,-13,10,-139.16,1676941324,14.31824994,0.00048995,,
1.67694E+18,-12,8,-131.32,1676941324,14.33804989,0.019799948,,
1.67694E+18,-16,5,-129.36,1676941324,14.33855987,0.000509977,,
1.67694E+18,-12,9,-131.32,1676941324,14.33882999,0.000270128,,
1.67694E+18,-10,8,-127.4,1676941324,14.35469985,0.015869856,,
1.67694E+18,-13,3,-125.44,1676941324,14.38723993,0.032540083,,
1.67694E+18,-11,1,-123.48,1676941324,14.38771987,0.000479937,,
1.67694E+18,-10,1,-123.48,1676941324,14.38821006,0.000490189,,
1.67694E+18,-11,2,-125.44,1676941324,14.38835001,0.000139952,,
1.67694E+18,-9,4,-129.36,1676941324,14.41004992,0.021699905,,
1.67694E+18,-8,6,-125.44,1676941324,14.41041994,0.000370026,,
1.67694E+18,-9,3,-129.36,1676941324,14.43129992,0.020879984,,
1.67694E+18,-10,0,-121.52,1676941324,14.43177986,0.000479937,,
1.67694E+18,-8,1,-123.48,1676941324,14.43228984,0.000509977,,
1.67694E+18,-11,-1,-123.48,1676941324,14.43254995,0.000260115,,
1.67694E+18,-11,-1,-129.36,1676941324,14.43268991,0.000139952,,
1.67694E+18,-12,-1,-131.32,1676941324,14.45886993,0.026180029,,
1.67694E+18,-12,0,-133.28,1676941324,14.45930004,0.000430107,,
1.67694E+18,-11,1,-127.4,1676941324,14.48479986,0.025499821,,
1.67694E+18,-15,0,-129.36,1676941324,14.48526001,0.000460148,,
1.67694E+18,-14,3,-135.24,1676941324,14.53463006,0.04937005,,
1.67694E+18,-13,4,-129.36,1676941324,14.53516984,0.00053978,,
1.67694E+18,-17,3,-133.28,1676941324,14.53551984,0.000349998,,
1.67694E+18,-17,2,-135.24,1676941324,14.53589988,0.000380039,,
1.67694E+18,-17,3,-139.16,1676941324,14.58197999,0.046080112,,
1.67694E+18,-14,4,-139.16,1676941324,14.58240986,0.000429869,,
1.67694E+18,-18,2,-141.12,1676941324,14.58289003,0.000480175,,
1.67694E+18,-16,5,-145.04,1676941324,14.58326006,0.000370026,,
1.67694E+18,-14,8,-147,1676941324,14.63467002,0.05140996,,
1.67694E+18,-12,11,-148.96,1676941324,14.63509989,0.000429869,,
1.67694E+18,-15,11,-147,1676941324,14.63567996,0.000580072,,
1.67694E+18,-14,13,-145.04,1676941324,14.63608003,0.000400066,,
1.67694E+18,-13,15,-152.88,1676941324,14.63645005,0.000370026,,
1.67694E+18,-12,17,-150.92,1676941324,14.63681006,0.000360012,,
1.67694E+18,-14,17,-152.88,1676941324,14.67981005,0.042999983,,
1.67694E+18,-19,15,-147,1676941324,14.68020988,0.000399828,,
1.67694E+18,-18,16,-150.92,1676941324,14.69600987,0.015799999,,
1.67694E+18,-18,15,-152.88,1676941324,14.71195984,0.015949965,,
1.67694E+18,-18,15,-148.96,1676941324,14.71231985,0.000360012,,
1.67694E+18,-23,9,-148.96,1676941324,14.72825003,0.015930176,,
1.67694E+18,-26,9,-152.88,1676941324,14.72873998,0.00048995,,
1.67694E+18,-23,11,-152.88,1676941324,14.75511003,0.026370049,,
1.67694E+18,-19,13,-154.84,1676941324,14.75563002,0.000519991,,
1.67694E+18,-15,12,-145.04,1676941324,14.77728987,0.021659851,,
1.67694E+18,-36,-27,-109.76,1676941324,14.77766991,0.000380039,,
1.67694E+18,-42,58,-68.6,1676941324,14.77850986,0.000839949,,
1.67694E+18,3,115,-52.92,1676941325,14.77873993,0.000230074,,
1.67694E+18,58,111,-11.76,1676941325,14.82554007,0.046800137,,
1.67694E+18,105,155,33.32,1676941325,14.82594991,0.000409842,,
1.67694E+18,131,137,90.16,1676941325,14.82608986,0.000139952,,
1.67694E+18,131,113,135.24,1676941325,14.82653999,0.000450134,,
1.67694E+18,117,120,137.2,1676941325,14.8747499,0.048209906,,
1.67694E+18,105,147,113.68,1676941325,14.87515998,0.00041008,,
1.67694E+18,94,156,90.16,1676941325,14.87529993,0.000139952,,
1.67694E+18,80,144,66.64,1676941325,14.87575006,0.000450134,,
1.67694E+18,66,113,64.68,1676941325,14.91743994,0.041689873,,
1.67694E+18,58,85,56.84,1676941325,14.91782999,0.000390053,,
1.67694E+18,52,68,41.16,1676941325,14.92451,0.006680012,,
1.67694E+18,73,75,23.52,1676941325,14.92470002,0.00019002,,
1.67694E+18,99,89,3.92,1676941325,14.94064999,0.015949965,,
1.67694E+18,98,106,-5.88,1676941325,14.94122005,0.000570059,,
1.67694E+18,89,130,-31.36,1676941325,14.94175005,0.000530005,,
1.67694E+18,77,148,-60.76,1676941325,14.94190001,0.000149965,,
1.67694E+18,67,162,-72.52,1676941325,14.97839999,0.036499977,,
1.67694E+18,55,163,-92.12,1676941325,14.97879004,0.000390053,,
1.67694E+18,44,145,-107.8,1676941325,15.00484991,0.026059866,,
1.67694E+18,25,117,-117.6,1676941325,15.00521994,0.000370026,,
1.67694E+18,4,83,-133.28,1676941325,15.03656006,0.031340122,,
1.67694E+18,-18,47,-147,1676941325,15.03715992,0.000599861,,
1.67694E+18,-21,14,-154.84,1676941325,15.03763986,0.000479937,,
1.67694E+18,-16,15,-164.64,1676941325,15.03779006,0.000150204,,
1.67694E+18,-17,15,-164.64,1676941325,15.06927991,0.031489849,,
1.67694E+18,-26,-13,-162.68,1676941325,15.06968999,0.00041008,,
1.67694E+18,-12,17,-158.76,1676941325,15.06985998,0.000169992,,
1.67694E+18,-7,23,-162.68,1676941325,15.09094,0.021080017,,
1.67694E+18,-7,24,-154.84,1676941325,15.11891985,0.027979851,,
1.67694E+18,-10,19,-152.88,1676941325,15.11943984,0.000519991,,
1.67694E+18,-6,22,-158.76,1676941325,15.11959004,0.000150204,,
1.67694E+18,-10,19,-148.96,1676941325,15.14074993,0.021159887,,
1.67694E+18,-11,19,-152.88,1676941325,15.15165997,0.010910034,,
1.67694E+18,-9,19,-147,1676941325,15.16246986,0.010809898,,
1.67694E+18,-10,16,-150.92,1676941325,15.16289997,0.000430107,,
1.67694E+18,-12,12,-141.12,1676941325,15.16307998,0.000180006,,
1.67694E+18,-11,12,-147,1676941325,15.16318989,0.000109911,,
1.67694E+18,-10,9,-139.16,1676941325,15.18946004,0.026270151,,
1.67694E+18,-10,-2,-141.12,1676941325,15.18984985,0.000389814,,
1.67694E+18,-12,5,-137.2,1676941325,15.22634006,0.036490202,,
1.67694E+18,-14,12,-143.08,1676941325,15.22671986,0.000379801,,
1.67694E+18,-11,14,-135.24,1676941325,15.23738003,0.010660172,,
1.67694E+18,-13,12,-135.24,1676941325,15.23778987,0.000409842,,
1.67694E+18,-11,13,-139.16,1676941325,15.27507997,0.037290096,,
1.67694E+18,-8,12,-131.32,1676941325,15.27543998,0.000360012,,
1.67694E+18,-12,10,-129.36,1676941325,15.30152988,0.026089907,,
1.67694E+18,-8,11,-135.24,1676941325,15.30191994,0.000390053,,
1.67694E+18,-6,12,-129.36,1676941325,15.32272005,0.020800114,,
1.67694E+18,-8,8,-125.44,1676941325,15.32309985,0.000379801,,
1.67694E+18,-10,11,-131.32,1676941325,15.34399986,0.020900011,,
1.67694E+18,-9,11,-131.32,1676941325,15.36005998,0.016060114,,
1.67694E+18,-7,9,-123.48,1676941325,15.3605299,0.000469923,,
1.67694E+18,-10,7,-129.36,1676941325,15.36071992,0.00019002,,
1.67694E+18,-9,9,-127.4,1676941325,15.38196993,0.02125001,,
1.67694E+18,-14,7,-125.44,1676941325,15.38238001,0.00041008,,
1.67694E+18,-14,8,-129.36,1676941325,15.39821005,0.01583004,,
1.67694E+18,-12,8,-131.32,1676941325,15.39860988,0.000399828,,
1.67694E+18,-12,8,-131.32,1676941325,15.40961003,0.011000156,,
1.67694E+18,-11,9,-125.44,1676941325,15.41543007,0.005820036,,
1.67694E+18,-14,7,-125.44,1676941325,15.41578984,0.000359774,,
1.67694E+18,-16,6,-129.36,1676941325,15.42649984,0.010710001,,
1.67694E+18,-16,11,-141.12,1676941325,15.42686987,0.000370026,,
1.67694E+18,-11,13,-139.16,1676941325,15.46974993,0.042880058,,
1.67694E+18,-14,10,-139.16,1676941325,15.47054005,0.000790119,,
1.67694E+18,-13,11,-145.04,1676941325,15.47099996,0.000459909,,
1.67694E+18,-14,10,-141.12,1676941325,15.47138,0.000380039,,
1.67694E+18,-12,12,-148.96,1676941325,15.50874996,0.037369967,,
1.67694E+18,-15,11,-141.12,1676941325,15.50934005,0.000590086,,
1.67694E+18,-15,11,-147,1676941325,15.50980997,0.000469923,,
1.67694E+18,-17,10,-145.04,1676941325,15.51023006,0.000420094,,
1.67694E+18,-14,13,-147,1676941325,15.55692005,0.046689987,,
1.67694E+18,-18,9,-147,1676941325,15.55733991,0.000419855,,
1.67694E+18,-18,8,-150.92,1676941325,15.55781984,0.000479937,,
1.67694E+18,-17,8,-154.84,1676941325,15.55841994,0.0006001,,
1.67694E+18,-15,10,-150.92,1676941325,15.60620999,0.047790051,,
1.67694E+18,-19,7,-152.88,1676941325,15.60663986,0.000429869,,
1.67694E+18,-16,7,-156.8,1676941325,15.60712004,0.000480175,,
1.67694E+18,-14,8,-154.84,1676941325,15.60749984,0.000379801,,
1.67694E+18,-14,7,-150.92,1676941325,15.60785985,0.000360012,,
1.67694E+18,-19,5,-154.84,1676941325,15.60840988,0.000550032,,
1.67694E+18,-16,7,-156.8,1676941325,15.65490985,0.046499968,,
1.67694E+18,-14,8,-158.76,1676941325,15.65544987,0.000540018,,
1.67694E+18,-12,7,-147,1676941325,15.65584993,0.000400066,,
1.67694E+18,-27,-42,-105.84,1676941325,15.65622997,0.000380039,,
1.67694E+18,41,115,-123.48,1676941325,15.65658998,0.000360012,,
1.67694E+18,65,164,-74.48,1676941325,15.70409989,0.047509909,,
1.67694E+18,72,147,-64.68,1676941325,15.70984983,0.005749941,,
1.67694E+18,85,132,-39.2,1676941325,15.71004987,0.000200033,,
1.67694E+18,87,129,-7.84,1676941325,15.71542001,0.00537014,,
1.67694E+18,81,111,1.96,1676941325,15.75223994,0.036819935,,
1.67694E+18,78,103,7.84,1676941325,15.75266004,0.000420094,,
1.67694E+18,72,98,11.76,1676941325,15.75283003,0.000169992,,
1.67694E+18,53,94,5.88,1676941326,15.77967,0.026839972,,
1.67694E+18,49,91,7.84,1676941326,15.80057001,0.020900011,,
1.67694E+18,45,79,9.8,1676941326,15.80095005,0.000380039,,
1.67694E+18,51,59,13.72,1676941326,15.80138993,0.000439882,,
1.67694E+18,65,36,25.48,1676941326,15.80151987,0.000129938,,
1.67694E+18,71,16,47.04,1676941326,15.84974003,0.048220158,,
1.67694E+18,76,8,54.88,1676941326,15.85015988,0.000419855,,
1.67694E+18,97,7,62.72,1676941326,15.85068989,0.000530005,,
1.67694E+18,131,9,84.28,1676941326,15.85082984,0.000139952,,
1.67694E+18,154,14,105.84,1676941326,15.85654998,0.005720139,,
1.67694E+18,174,21,117.6,1676941326,15.85696006,0.00041008,,
1.67694E+18,188,32,131.32,1676941326,15.89947987,0.042519808,,
1.67694E+18,197,45,145.04,1676941326,15.9000299,0.000550032,,
1.67694E+18,195,55,150.92,1676941326,15.90052986,0.000499964,,
1.67694E+18,193,62,150.92,1676941326,15.9009099,0.000380039,,
1.67694E+18,171,63,154.84,1676941326,15.90130997,0.000400066,,
1.67694E+18,161,65,156.8,1676941326,15.90171003,0.000400066,,
1.67694E+18,149,67,156.8,1676941326,15.94739985,0.045689821,,
1.67694E+18,137,72,150.92,1676941326,15.94784999,0.000450134,,
1.67694E+18,134,81,148.96,1676941326,15.94866991,0.000819921,,
1.67694E+18,123,86,145.04,1676941326,15.94906998,0.000400066,,
1.67694E+18,119,93,139.16,1676941326,15.99620986,0.047139883,,
1.67694E+18,118,96,137.2,1676941326,15.99663997,0.000430107,,
1.67694E+18,117,94,133.28,1676941326,15.99712992,0.00048995,,
1.67694E+18,120,90,133.28,1676941326,15.9974699,0.000339985,,
1.67694E+18,123,86,137.2,1676941326,16.04448986,0.047019958,,
1.67694E+18,122,81,133.28,1676941326,16.04506993,0.000580072,,
1.67694E+18,131,83,125.44,1676941326,16.04542994,0.000360012,,
1.67694E+18,136,83,131.32,1676941326,16.04577994,0.000349998,,
1.67694E+18,140,85,125.44,1676941326,16.09416986,0.048389912,,
1.67694E+18,145,88,125.44,1676941326,16.09482002,0.000650167,,
1.67694E+18,145,87,125.44,1676941326,16.09503007,0.000210047,,
1.67694E+18,145,87,119.56,1676941326,16.09570003,0.000669956,,
1.67694E+18,147,87,115.64,1676941326,16.09609985,0.000399828,,
