%time,field.mx,field.my,field.fz,
1.67607E+18,167,165,395.92,-324.57984
1.67607E+18,171,166,399.84,-324.559872
1.67607E+18,171,167,401.8,-324.519936
1.67607E+18,172,168,405.72,-324.509952
1.67607E+18,174,169,407.68,-267.699968
1.67607E+18,177,170,411.6,-267.68
1.67607E+18,182,171,419.44,-267.649792
1.67607E+18,188,172,425.32,-267.639808
1.67607E+18,194,172,433.16,-216.620032
1.67607E+18,199,173,441,-216.599808
1.67607E+18,204,173,448.84,-216.589824
1.67607E+18,207,174,452.76,-216.569856
1.67607E+18,207,174,456.68,-216.549888
1.67607E+18,207,174,460.6,-167.670016
1.67607E+18,205,174,460.6,-167.649792
1.67607E+18,202,174,458.64,-167.649792
1.67607E+18,200,176,458.64,-167.61984
1.67607E+18,197,176,454.72,-103.109888
1.67607E+18,194,176,448.84,-103.079936
1.67607E+18,191,175,442.96,-103.059968
1.67607E+18,190,175,441,-103.059968
1.67607E+18,187,174,431.2,-103.04
1.67607E+18,186,173,427.28,-45.48992
1.67607E+18,185,171,421.4,-45.459968
1.67607E+18,183,169,413.56,-45.44
1.67607E+18,181,167,407.68,-45.430016
1.67607E+18,178,166,397.88,-45.420032
1.67607E+18,172,163,388.08,-45.409792
1.67607E+18,167,162,376.32,-45.37984
1.67607E+18,159,159,362.6,-45.359872
1.67607E+18,149,156,344.96,-45.339904
1.67607E+18,141,155,329.28,0.230144
1.67607E+18,131,151,313.6,0.240128
1.67607E+18,120,146,294,0.240128
1.67607E+18,105,142,270.48,0.290048
1.67607E+18,91,137,246.96,0.339968
1.67607E+18,78,129,225.4,46.099968
1.67607E+18,71,125,199.92,46.130176
1.67607E+18,72,125,178.36,46.170112
1.67607E+18,70,122,156.8,46.220032
1.67607E+18,62,116,135.24,46.230016
1.67607E+18,51,110,113.68,99.910144
1.67607E+18,44,110,94.08,99.910144
1.67607E+18,34,111,70.56,99.930112
1.67607E+18,23,109,58.8,99.990016
1.67607E+18,9,106,45.08,100
1.67607E+18,-1,103,39.2,100.040192
1.67607E+18,-8,94,35.28,160.890112
1.67607E+18,-10,80,29.4,160.900096
1.67607E+18,-12,61,25.48,160.920064
1.67607E+18,-15,43,19.6,160.96
1.67607E+18,-19,26,19.6,160.969984
1.67607E+18,-24,15,15.68,221.380096
1.67607E+18,-28,6,11.76,221.400064
1.67607E+18,-27,4,9.8,221.410048
1.67607E+18,-27,3,5.88,221.449984
1.67607E+18,-27,2,5.88,286.089984
1.67607E+18,-29,-2,9.8,286.130176
1.67607E+18,-32,-8,13.72,286.180096
1.67607E+18,-39,-34,19.6,286.180096
1.67607E+18,-39,-31,11.76,339.369984
1.67607E+18,-26,2,3.92,339.390208
1.67607E+18,-34,-6,1.96,339.410176
1.67607E+18,-39,-14,1.96,339.47008
1.67607E+18,-31,-6,5.88,339.480064
1.67607E+18,-33,-8,7.84,339.500032
1.67607E+18,-35,-11,3.92,387.080192
1.67607E+18,-33,-8,3.92,387.090176
1.67607E+18,-30,-8,5.88,387.130112
1.67607E+18,-32,-9,5.88,387.170048
1.67607E+18,-28,-6,3.92,445.990144
1.67607E+18,-29,-6,1.96,446.010112
1.67607E+18,-29,-5,3.92,446.020096
1.67607E+18,-28,-4,3.92,446.070016
1.67607E+18,-25,-1,5.88,446.070016
1.67607E+18,-24,-1,3.92,446.110208
1.67607E+18,-23,0,3.92,549.55008
1.67607E+18,-23,0,3.92,549.580032
1.67607E+18,-23,0,3.92,549.580032
1.67607E+18,-21,2,3.92,549.640192
1.67607E+18,-21,2,3.92,549.670144
1.67607E+18,-21,3,3.92,549.690112
1.67607E+18,-21,4,1.96,549.71008
1.67607E+18,-22,4,1.96,681.780224
1.67607E+18,-23,4,-1.96,681.790208
1.67607E+18,-23,5,0,681.830144
1.67607E+18,-22,6,0,681.840128
1.67607E+18,-20,7,1.96,681.850112
1.67607E+18,-22,7,0,681.929984
1.67607E+18,-22,7,1.96,681.98016
1.67607E+18,-21,7,1.96,682.03008
1.67607E+18,-20,7,1.96,682.040064
1.67607E+18,-19,9,0,682.110208
1.67607E+18,-20,8,0,682.160128
1.67607E+18,-19,8,1.96,682.160128
1.67607E+18,-19,10,0,682.210048
1.67607E+18,-20,9,0,682.230016
1.67607E+18,-19,11,0,682.24
1.67607E+18,-18,12,0,682.30016
1.67607E+18,-20,11,0,813.090048
1.67607E+18,-19,12,1.96,813.100032
1.67607E+18,-20,10,0,813.160192
1.67607E+18,-20,10,0,813.170176
1.67607E+18,-21,9,1.96,813.200128
1.67607E+18,-20,9,3.92,813.210112
1.67607E+18,-22,8,0,813.220096
1.67607E+18,-23,6,3.92,813.250048
1.67607E+18,-24,7,-1.96,813.260032
1.67607E+18,-25,6,1.96,813.270016
1.67607E+18,-23,7,1.96,813.300224
1.67607E+18,-25,7,0,946.08
1.67607E+18,-22,7,1.96,946.120192
1.67607E+18,-22,6,1.96,946.14016
1.67607E+18,-20,6,1.96,946.150144
1.67607E+18,-21,5,-1.96,946.160128
1.67607E+18,-20,5,1.96,946.160128
1.67607E+18,-19,6,1.96,946.180096
1.67607E+18,-21,6,1.96,946.200064
1.67607E+18,-20,8,1.96,946.210048
1.67607E+18,-20,0,11.76,946.210048
1.67607E+18,-19,-27,27.44,946.220032
1.67607E+18,-12,-28,43.12,946.220032
1.67607E+18,-7,-13,49,946.270208
1.67607E+18,-6,5,47.04,946.30016
1.67607E+18,-3,17,52.92,1076.770048
1.67607E+18,8,28,60.76,1076.790016
1.67607E+18,16,35,76.44,1076.809984
1.67607E+18,28,38,98,1076.819968
1.67607E+18,41,30,121.52,1076.819968
1.67607E+18,52,0,152.88,1076.819968
1.67607E+18,60,-27,184.24,1076.870144
1.67607E+18,70,-42,213.64,1077.000192
1.67607E+18,79,-43,239.12,1077.010176
1.67607E+18,85,-32,262.64,1077.02016
1.67607E+18,96,-11,286.16,1389.750016
1.67607E+18,117,9,309.68,1455.320064
1.67607E+18,145,21,343,1455.350016
1.67607E+18,169,27,374.36,1455.369984
1.67607E+18,197,34,411.6,1455.390208
1.67607E+18,221,41,442.96,1455.42016
1.67607E+18,247,51,470.4,1455.450112
1.67607E+18,269,65,499.8,1455.490048
1.67607E+18,294,89,529.2,1455.500032
1.67607E+18,319,113,552.72,1455.500032
1.67607E+18,347,129,584.08,1455.540224
1.67607E+18,374,142,615.44,1455.560192
1.67607E+18,395,161,640.92,1455.570176
1.67607E+18,412,184,660.52,1455.58016
1.67607E+18,422,202,678.16,1455.600128
1.67607E+18,430,222,693.84,1455.660032
1.67607E+18,431,242,699.72,1455.660032
1.67607E+18,431,260,709.52,1455.699968
1.67607E+18,432,277,717.36,1455.710208
1.67607E+18,435,295,721.28,1455.74016
1.67607E+18,435,308,729.12,1455.79008
1.67607E+18,435,322,735,1455.79008
1.67607E+18,434,337,735,1455.820032
1.67607E+18,431,351,733.04,1696.329984
1.67607E+18,432,366,721.28,1696.339968
1.67607E+18,432,379,717.36,1696.350208
1.67607E+18,429,387,709.52,1696.350208
1.67607E+18,424,396,697.76,1696.390144
1.67607E+18,417,406,687.96,1696.420096
1.67607E+18,409,415,678.16,1696.43008
1.67607E+18,396,422,670.32,1696.450048
1.67607E+18,386,431,664.44,1696.470016
1.67607E+18,374,442,658.56,1696.489984
1.67607E+18,364,455,652.68,1696.489984
1.67607E+18,353,468,652.68,1696.54016
1.67607E+18,345,481,654.64,1696.550144
1.67607E+18,340,494,656.6,1696.59008
1.67607E+18,335,509,656.6,1696.630016
1.67607E+18,334,522,664.44,1751.15008
1.67607E+18,330,536,664.44,1751.160064
1.67607E+18,329,549,668.36,1751.180032
1.67607E+18,323,560,666.4,1751.190016
1.67607E+18,316,567,664.44,1751.209984
1.67607E+18,310,575,658.56,1751.270144
1.67607E+18,302,584,644.84,1751.280128
1.67607E+18,289,591,623.28,1751.300096
1.67607E+18,278,599,599.76,1751.36
1.67607E+18,266,605,572.32,1751.369984
1.67607E+18,254,612,542.92,1847.890176
1.67607E+18,243,620,515.48,1847.90016
1.67607E+18,235,631,488.04,1847.970048
1.67607E+18,226,639,464.52,1848.019968
1.67607E+18,219,646,435.12,1848.030208
1.67607E+18,210,648,401.8,1848.040192
1.67607E+18,199,649,360.64,1848.120064
1.67607E+18,177,645,317.52,1848.120064
1.67607E+18,149,638,272.44,1848.190208
1.67607E+18,115,631,223.44,1848.200192
1.67607E+18,83,619,194.04,1848.250112
1.67607E+18,70,591,178.36,1848.290048
1.67607E+18,55,549,162.68,2096.169984
1.67607E+18,39,505,147,2096.169984
1.67607E+18,23,452,133.28,2096.230144
1.67607E+18,14,396,117.6,2096.240128
1.67607E+18,12,335,105.84,2096.260096
1.67607E+18,15,275,94.08,2096.32
1.67607E+18,19,215,84.28,2096.32
1.67607E+18,26,163,80.36,2096.38016
1.67607E+18,28,119,70.56,2096.38016
1.67607E+18,34,88,66.64,2096.450048
1.67607E+18,34,67,58.8,2096.460032
1.67607E+18,30,48,52.92,2096.470016
1.67607E+18,23,33,47.04,2096.510208
1.67607E+18,14,21,37.24,2096.560128
1.67607E+18,7,13,33.32,2096.570112
1.67607E+18,1,6,29.4,2096.570112
1.67607E+18,-6,0,23.52,2096.630016
1.67607E+18,-10,-5,15.68,2187.36
1.67607E+18,-13,-3,15.68,2187.369984
1.67607E+18,-15,-2,11.76,2187.440128
1.67607E+18,-9,-1,13.72,2187.450112
1.67607E+18,-3,-10,15.68,2187.460096
1.67607E+18,0,-18,17.64,2187.47008
1.67607E+18,-5,-23,15.68,2187.500032
1.67607E+18,-15,-23,13.72,2187.560192
1.67607E+18,-36,-21,7.84,2187.570176
1.67607E+18,-41,-7,1.96,2187.600128
1.67607E+18,-30,4,3.92,2187.610112
1.67607E+18,-31,6,5.88,2187.63008
1.67607E+18,-29,7,7.84,2187.670016
1.67607E+18,-30,1,9.8,2187.68
1.67607E+18,-33,-2,9.8,2187.689984
1.67607E+18,-32,-2,9.8,2324.770048
1.67607E+18,-29,-8,5.88,2324.8
1.67607E+18,-27,-8,5.88,2324.819968
1.67607E+18,-25,-3,5.88,2324.870144
1.67607E+18,-27,-4,7.84,2324.890112
1.67607E+18,-29,-2,5.88,2324.91008
1.67607E+18,-33,0,3.92,2324.920064
1.67607E+18,-31,2,3.92,2324.940032
1.67607E+18,-31,1,1.96,2324.950016
1.67607E+18,-27,0,0,2325.02016
1.67607E+18,-23,2,1.96,2325.02016
1.67607E+18,-23,2,1.96,2325.030144
1.67607E+18,-21,4,0,2325.080064
1.67607E+18,-20,4,1.96,2450.270208
1.67607E+18,-20,4,1.96,2450.290176
1.67607E+18,-19,4,0,2450.30016
1.67607E+18,-16,5,-1.96,2450.310144
1.67607E+18,-14,5,0,2450.320128
1.67607E+18,-12,4,0,2450.380032
1.67607E+18,-11,5,-1.96,2450.390016
1.67607E+18,-10,6,0,2450.46016
1.67607E+18,-9,6,0,2450.46016
1.67607E+18,-7,8,0,2450.470144
1.67607E+18,-7,7,-1.96,2450.530048
1.67607E+18,-7,8,0,2450.530048
1.67607E+18,-7,8,-1.96,2450.579968
1.67607E+18,-7,9,-1.96,2450.590208
1.67607E+18,-8,10,-1.96,2450.600192
1.67607E+18,-10,10,-1.96,2720.090112
1.67607E+18,-9,12,0,2720.11008
1.67607E+18,-11,14,-1.96,2720.120064
1.67607E+18,-12,13,-1.96,2720.120064
1.67607E+18,-14,13,-3.92,2720.130048
1.67607E+18,-14,12,-1.96,2720.140032
1.67607E+18,-13,13,0,2720.16
1.67607E+18,-15,12,-1.96,2720.169984
1.67607E+18,-14,8,1.96,2720.169984
1.67607E+18,-16,8,0,2720.180224
1.67607E+18,-20,10,0,2720.180224
1.67607E+18,-22,8,0,2720.180224
1.67607E+18,-23,8,1.96,2720.190208
1.67607E+18,-24,10,1.96,2720.22016
1.67607E+18,-24,11,0,2720.300032
1.67607E+18,-25,10,-1.96,2796.64
1.67607E+18,-25,9,0,2796.670208
1.67607E+18,-24,10,0,2796.690176
1.67607E+18,-25,9,0,2796.70016
1.67607E+18,-23,9,3.92,2796.70016
1.67607E+18,-21,10,3.92,2796.730112
1.67607E+18,-18,10,3.92,2796.760064
1.67607E+18,-17,12,7.84,2796.780032
1.67607E+18,-16,-4,23.52,2796.830208
1.67607E+18,0,-45,54.88,2796.830208
1.67607E+18,27,-60,88.2,2796.890112
1.67607E+18,52,-58,115.64,2796.900096
1.67607E+18,87,-19,166.6,2796.91008
1.67607E+18,147,18,229.32,3026.980096
1.67607E+18,216,36,321.44,3027.000064
1.67607E+18,262,12,409.64,3027.04
1.67607E+18,266,-20,474.32,3027.080192
1.67607E+18,241,-71,501.76,3027.090176
1.67607E+18,212,-95,517.44,3027.10016
1.67607E+18,194,-102,533.12,3027.130112
1.67607E+18,200,-94,554.68,3027.130112
1.67607E+18,224,-82,589.96,3027.230208
1.67607E+18,257,-61,623.28,3027.250176
1.67607E+18,294,-37,652.68,3027.250176
1.67607E+18,329,-15,668.36,3027.26016
1.67607E+18,368,17,684.04,3027.270144
1.67607E+18,399,52,695.8,3027.290112
1.67607E+18,418,84,699.72,3027.300096
1.67607E+18,436,117,705.6,3027.31008
1.67607E+18,447,147,715.4,3027.320064
1.67607E+18,450,173,719.32,3027.36
1.67607E+18,449,202,719.32,3027.42016
1.67607E+18,442,225,721.28,3027.460096
1.67607E+18,433,253,717.36,3144.990208
1.67607E+18,419,278,717.36,3145.010176
1.67607E+18,406,302,715.4,3145.030144
1.67607E+18,393,324,709.52,3145.050112
1.67607E+18,388,344,705.6,3145.080064
1.67607E+18,384,356,701.68,3145.110016
1.67607E+18,386,362,703.64,3145.12
1.67607E+18,388,368,699.72,3145.129984
1.67607E+18,405,388,693.84,3145.129984
1.67607E+18,414,396,695.8,3145.190144
1.67607E+18,415,400,695.8,3145.200128
1.67607E+18,410,410,686,3145.210112
1.67607E+18,400,424,678.16,3145.23008
1.67607E+18,386,436,674.24,3145.240064
1.67607E+18,368,448,668.36,3145.310208
1.67607E+18,353,461,668.36,3319.610112
1.67607E+18,339,478,664.44,3319.640064
1.67607E+18,327,495,662.48,3319.670016
1.67607E+18,320,513,664.44,3319.670016
1.67607E+18,316,533,662.48,3319.750144
1.67607E+18,311,551,656.6,3319.760128
1.67607E+18,309,570,652.68,3319.770112
1.67607E+18,307,588,644.84,3319.79008
1.67607E+18,307,606,638.96,3319.800064
1.67607E+18,303,620,625.24,3319.860224
1.67607E+18,301,634,611.52,3319.870208
1.67607E+18,295,648,593.88,3319.890176
1.67607E+18,290,661,582.12,3319.910144
1.67607E+18,286,676,570.36,3319.920128
1.67607E+18,288,696,560.56,3319.940096
1.67607E+18,293,716,554.68,3320.030208
1.67607E+18,302,737,552.72,3320.040192
1.67607E+18,320,763,550.76,3320.130048
1.67607E+18,341,786,552.72,3320.169984
1.67607E+18,360,811,552.72,3320.190208
1.67607E+18,379,835,548.8,3490.000128
1.67607E+18,389,855,537.04,3490.020096
1.67607E+18,390,873,519.4,3490.040064
1.67607E+18,373,889,486.08,3490.060032
1.67607E+18,344,897,446.88,3490.070016
1.67607E+18,301,900,397.88,3490.100224
1.67607E+18,248,894,344.96,3490.110208
1.67607E+18,198,876,303.8,3490.160128
1.67607E+18,170,847,280.28,3490.280192
1.67607E+18,139,813,248.92,3490.280192
1.67607E+18,117,763,229.32,3490.310144
1.67607E+18,93,709,209.72,3490.340096
1.67607E+18,79,646,196,3490.35008
1.67607E+18,70,575,180.32,3490.409984
1.67607E+18,68,505,162.68,3490.420224
1.67607E+18,67,437,152.88,3743.780096
1.67607E+18,64,377,135.24,3743.820032
1.67607E+18,60,323,117.6,3743.830016
1.67607E+18,57,277,99.96,3743.849984
1.67607E+18,54,237,86.24,3743.860224
1.67607E+18,48,200,74.48,3743.870208
1.67607E+18,43,170,68.6,3743.880192
1.67607E+18,34,138,58.8,3743.920128
1.67607E+18,25,110,50.96,3743.95008
1.67607E+18,19,86,45.08,3744
1.67607E+18,12,61,39.2,3744
1.67607E+18,4,37,31.36,3744.050176
1.67607E+18,-1,16,25.48,3744.050176
1.67607E+18,-6,-2,21.56,3744.090112
1.67607E+18,-11,-9,19.6,3744.090112
1.67607E+18,-16,-15,15.68,3744.150016
1.67607E+18,-17,-12,11.76,3834.290176
1.67607E+18,-15,-9,7.84,3834.330112
1.67607E+18,-2,-15,13.72,3834.340096
1.67607E+18,11,-34,17.64,3834.35008
1.67607E+18,1,-58,21.56,3834.409984
1.67607E+18,-33,-43,9.8,3834.420224
1.67607E+18,-45,-24,3.92,3834.530048
1.67607E+18,-35,-8,3.92,3834.540032
1.67607E+18,-27,-2,5.88,3834.550016
1.67607E+18,-23,-1,5.88,3834.600192
1.67607E+18,-27,-6,5.88,3834.610176
1.67607E+18,-28,-9,9.8,3834.660096
1.67607E+18,-22,-10,11.76,3834.67008
1.67607E+18,-20,-18,11.76,3834.710016
1.67607E+18,-16,-14,7.84,3834.710016
1.67607E+18,-16,-13,3.92,3834.770176
1.67607E+18,-20,-12,3.92,4052.040192
1.67607E+18,-22,-11,3.92,4052.070144
1.67607E+18,-21,-8,1.96,4052.080128
1.67607E+18,-20,-6,1.96,4052.080128
1.67607E+18,-20,-6,0,4052.090112
1.67607E+18,-18,-4,-3.92,4052.090112
1.67607E+18,-15,-3,-1.96,4052.100096
1.67607E+18,-12,-6,0,4052.120064
1.67607E+18,-12,-5,-3.92,4052.140032
1.67607E+18,-10,-3,-3.92,4052.179968
1.67607E+18,-8,-3,-1.96,4052.190208
1.67607E+18,-9,-1,-3.92,4052.190208
1.67607E+18,-11,-2,-5.88,4052.200192
1.67607E+18,-8,0,-3.92,4052.200192
1.67607E+18,-9,-1,-5.88,4052.210176
1.67607E+18,-7,0,-7.84,4052.460032
1.67607E+18,-7,1,-3.92,4052.470016
1.67607E+18,-7,2,-7.84,4052.48
1.67607E+18,-5,3,-3.92,4052.48
1.67607E+18,-6,3,-3.92,4144.450048
1.67607E+18,-6,3,-3.92,4144.48
1.67607E+18,-5,4,-5.88,4144.500224
1.67607E+18,-4,3,0,4144.500224
1.67607E+18,-5,4,-3.92,4144.510208
1.67607E+18,-4,4,-3.92,4144.530176
1.67607E+18,-6,2,-3.92,4144.54016
1.67607E+18,-4,2,-1.96,4144.560128
1.67607E+18,-8,2,-3.92,4144.659968
1.67607E+18,-9,5,-7.84,4144.680192
1.67607E+18,-10,8,-3.92,4144.740096
1.67607E+18,-12,11,-3.92,4144.740096
1.67607E+18,-12,14,-3.92,4144.75008
1.67607E+18,-14,12,-1.96,4144.830208
1.67607E+18,-14,12,-3.92,4144.880128
1.67607E+18,-14,12,-3.92,4144.890112
1.67607E+18,-15,11,-1.96,4286.550016
1.67607E+18,-14,13,-1.96,4286.569984
1.67607E+18,-15,11,-1.96,4286.590208
1.67607E+18,-15,11,-3.92,4286.600192
1.67607E+18,-15,6,0,4286.610176
1.67607E+18,-17,7,0,4286.62016
1.67607E+18,-17,11,-1.96,4286.640128
1.67607E+18,-15,13,-1.96,4286.650112
1.67607E+18,-19,13,-1.96,4286.650112
1.67607E+18,-18,15,0,4390.089984
1.67607E+18,-23,24,9.8,4390.110208
1.67607E+18,-36,5,31.36,4390.120192
1.67607E+18,-13,-73,84.28,4390.14016
1.67607E+18,33,-73,152.88,4390.180096
1.67607E+18,71,-36,248.92,4390.230016
1.67607E+18,139,-4,372.4,4390.230016
1.67607E+18,218,-20,490,4390.280192
1.67607E+18,236,-47,566.44,4390.290176
1.67607E+18,216,-87,603.68,4390.30016
1.67607E+18,196,-120,615.44,4441.040128
1.67607E+18,180,-148,625.24,4441.060096
1.67607E+18,182,-165,646.8,4441.07008
1.67607E+18,213,-175,678.16,4441.07008
1.67607E+18,252,-180,715.4,4441.07008
1.67607E+18,294,-164,738.92,4441.110016
1.67607E+18,335,-138,750.68,4441.170176
1.67607E+18,361,-110,752.64,4485.730048
1.67607E+18,375,-78,750.68,4485.750016
1.67607E+18,389,-38,748.72,4485.769984
1.67607E+18,403,6,744.8,4485.790208
1.67607E+18,416,52,742.84,4485.810176
1.67607E+18,430,93,742.84,4531.710208
1.67607E+18,439,120,748.72,4531.730176
1.67607E+18,435,143,744.8,4531.74016
1.67607E+18,428,162,742.84,4531.750144
1.67607E+18,421,179,738.92,4531.760128
1.67607E+18,417,197,733.04,4578.88
1.67607E+18,410,214,727.16,4578.910208
1.67607E+18,411,229,727.16,4626.820096
1.67607E+18,412,245,723.24,4626.870016
1.67607E+18,418,263,723.24,4626.889984
1.67607E+18,423,279,721.28,4626.899968
1.67607E+18,428,292,721.28,4626.910208
1.67607E+18,432,304,721.28,4626.910208
1.67607E+18,433,313,723.24,4626.94016
1.67607E+18,447,328,715.4,4626.960128
1.67607E+18,466,345,717.36,4680.91008
1.67607E+18,468,356,713.44,4680.930048
1.67607E+18,468,371,707.56,4680.96
1.67607E+18,460,389,697.76,4680.969984
1.67607E+18,449,408,687.96,4680.979968
1.67607E+18,439,424,686,4776.180224
1.67607E+18,431,442,680.12,4829.240064
1.67607E+18,423,457,680.12,4829.28
1.67607E+18,414,473,678.16,4829.300224
1.67607E+18,411,491,672.28,4829.310208
1.67607E+18,405,508,670.32,4829.320192
1.67607E+18,401,526,668.36,4829.470208
1.67607E+18,398,546,662.48,4829.510144
1.67607E+18,395,567,654.64,4829.520128
1.67607E+18,390,586,648.76,4829.55008
1.67607E+18,384,605,640.92,4889.270016
1.67607E+18,378,624,635.04,4889.289984
1.67607E+18,367,641,625.24,4889.299968
1.67607E+18,359,659,613.48,4889.350144
1.67607E+18,345,674,603.68,4889.360128
1.67607E+18,335,692,593.88,4950.270208
1.67607E+18,320,708,584.08,4950.30016
1.67607E+18,308,728,574.28,4950.340096
1.67607E+18,300,750,564.48,4950.35008
1.67607E+18,296,771,564.48,4950.390016
1.67607E+18,292,794,558.6,5015.74016
1.67607E+18,293,818,552.72,5015.750144
1.67607E+18,295,842,544.88,5015.760128
1.67607E+18,294,865,533.12,5015.760128
1.67607E+18,288,885,513.52,5015.780096
1.67607E+18,278,904,486.08,5015.810048
1.67607E+18,261,919,446.88,5015.890176
1.67607E+18,237,927,403.76,5015.90016
1.67607E+18,208,934,354.76,5074.72
1.67607E+18,179,935,307.72,5074.740224
1.67607E+18,164,923,280.28,5074.760192
1.67607E+18,145,897,256.76,5074.760192
1.67607E+18,129,847,237.16,5074.770176
1.67607E+18,108,790,211.68,5074.800128
1.67607E+18,87,731,192.08,5074.899968
1.67607E+18,72,663,168.56,5122.409984
1.67607E+18,63,579,145.04,5122.430208
1.67607E+18,61,491,123.48,5122.440192
1.67607E+18,60,402,109.76,5122.500096
1.67607E+18,56,316,94.08,5122.51008
1.67607E+18,51,241,82.32,5181.480192
1.67607E+18,40,178,72.52,5181.510144
1.67607E+18,32,128,62.72,5181.510144
1.67607E+18,19,84,52.92,5181.540096
1.67607E+18,7,46,45.08,5181.580032
1.67607E+18,-4,16,33.32,5243.240192
1.67607E+18,-11,-4,23.52,5243.26016
1.67607E+18,-15,-14,17.64,5243.270144
1.67607E+18,-17,-15,9.8,5243.270144
1.67607E+18,-14,-8,5.88,5243.300096
1.67607E+18,-15,-2,1.96,5307.140096
1.67607E+18,-14,0,1.96,5307.160064
1.67607E+18,-11,-4,5.88,5307.180032
1.67607E+18,-11,-84,19.6,5307.190016
1.67607E+18,-24,-34,3.92,5307.240192
1.67607E+18,-19,2,-1.96,5369.320192
1.67607E+18,-31,-5,-1.96,5369.330176
1.67607E+18,-24,-1,1.96,5369.34016
1.67607E+18,-16,-2,3.92,5369.350144
1.67607E+18,-17,-9,7.84,5369.360128
1.67607E+18,-19,-11,7.84,5369.370112
1.67607E+18,-15,-12,5.88,5369.400064
1.67607E+18,-15,-11,7.84,5369.420032
1.67607E+18,-17,-10,7.84,5369.449984
1.67607E+18,-21,-11,5.88,5369.449984
1.67607E+18,-22,-9,1.96,5432.979968
1.67607E+18,-21,-8,5.88,5433.000192
1.67607E+18,-22,-8,3.92,5433.000192
1.67607E+18,-22,-7,3.92,5433.010176
1.67607E+18,-23,-6,1.96,5433.02016
1.67607E+18,-24,-5,0,5492.850176
1.67607E+18,-23,-4,-1.96,5492.880128
1.67607E+18,-22,-3,-3.92,5492.890112
1.67607E+18,-22,-3,-3.92,5492.91008
1.67607E+18,-21,-2,-5.88,5492.940032
1.67607E+18,-20,-2,-1.96,5540.600064
1.67607E+18,-21,-2,-5.88,5540.630016
1.67607E+18,-21,-1,-7.84,5540.670208
1.67607E+18,-20,0,-9.8,5600.620032
1.67607E+18,-19,2,-11.76,5600.64
1.67607E+18,-19,2,-7.84,5600.649984
1.67607E+18,-19,3,-9.8,5600.649984
1.67607E+18,-19,3,-11.76,5600.659968
1.67607E+18,-18,4,-9.8,5600.659968
1.67607E+18,-18,6,-9.8,5600.670208
1.67607E+18,-16,8,-7.84,5600.690176
1.67607E+18,-17,8,-7.84,5600.710144
1.67607E+18,-17,9,-7.84,5600.770048
1.67607E+18,-19,9,-7.84,5600.780032
1.67607E+18,-19,9,-9.8,5600.780032
1.67607E+18,-18,9,-9.8,5651.140096
1.67607E+18,-16,10,-7.84,5651.160064
1.67607E+18,-16,7,-5.88,5651.209984
1.67607E+18,-16,8,-9.8,5651.219968
1.67607E+18,-15,8,-7.84,5711.26016
1.67607E+18,-13,10,-9.8,5711.280128
1.67607E+18,-11,11,-5.88,5711.280128
1.67607E+18,-9,12,-5.88,5711.31008
1.67607E+18,-11,12,-7.84,5711.320064
1.67607E+18,-9,13,-3.92,5711.36
1.67607E+18,-12,14,-5.88,5759.750144
1.67607E+18,-12,16,-5.88,5759.79008
1.67607E+18,-12,18,-5.88,5759.810048
1.67607E+18,-14,16,-5.88,5759.870208
1.67607E+18,-13,17,-5.88,5759.880192
1.67607E+18,-15,16,-3.92,5804.260096
1.67607E+18,-15,16,-3.92,5804.280064
1.67607E+18,-14,16,-3.92,5804.32
1.67607E+18,-10,17,-3.92,5804.32
1.67607E+18,-8,19,-5.88,5804.400128
1.67607E+18,-13,17,-7.84,5859.700224
1.67607E+18,-15,16,-7.84,5859.720192
1.67607E+18,-15,16,-7.84,5859.74016
1.67607E+18,-14,18,-7.84,5859.750144
1.67607E+18,-16,17,-3.92,5859.800064
1.67607E+18,-3,31,13.72,5918.260224
1.67607E+18,17,30,33.32,5918.310144
1.67607E+18,33,-36,76.44,5918.320128
1.67607E+18,30,-45,101.92,5918.360064
1.67607E+18,24,-32,123.48,6010.110208
1.67607E+18,23,5,160.72,6089.129984
1.67607E+18,31,17,203.84,6089.150208
1.67607E+18,43,-8,266.56,6089.160192
1.67607E+18,53,-48,317.52,6089.210112
1.67607E+18,62,-90,360.64,6089.210112
1.67607E+18,80,-122,390.04,6089.240064
1.67607E+18,100,-141,415.52,6089.250048
1.67607E+18,132,-143,448.84,6089.310208
1.67607E+18,171,-133,486.08,6089.310208
1.67607E+18,220,-115,527.24,6089.360128
1.67607E+18,281,-91,568.4,6089.360128
1.67607E+18,332,-80,609.56,6170.210048
1.67607E+18,370,-68,646.8,6170.249984
1.67607E+18,392,-42,664.44,6170.280192
1.67607E+18,399,-8,678.16,6170.290176
1.67607E+18,398,30,686,6170.340096
1.67607E+18,401,68,691.88,6170.340096
1.67607E+18,406,108,693.84,6170.360064
1.67607E+18,407,140,699.72,6170.420224
1.67607E+18,390,164,697.76,6170.430208
1.67607E+18,374,186,691.88,6170.430208
1.67607E+18,360,207,686,6237.730048
1.67607E+18,355,227,684.04,6237.750016
1.67607E+18,360,241,693.84,6237.750016
1.67607E+18,376,256,701.68,6237.76
1.67607E+18,393,272,703.64,6237.76
1.67607E+18,406,286,703.64,6312.190208
1.67607E+18,417,301,701.68,6312.200192
1.67607E+18,426,311,701.68,6312.22016
1.67607E+18,434,319,703.64,6312.350208
1.67607E+18,433,326,699.72,6312.360192
1.67607E+18,449,339,693.84,6312.410112
1.67607E+18,462,351,695.8,6312.410112
1.67607E+18,464,360,691.88,6312.450048
1.67607E+18,459,371,686,6312.460032
1.67607E+18,454,390,674.24,6312.470016
1.67607E+18,446,410,670.32,6369.170176
1.67607E+18,440,428,666.4,6369.190144
1.67607E+18,437,445,672.28,6369.190144
1.67607E+18,431,462,670.32,6369.260032
1.67607E+18,427,480,676.2,6369.270016
1.67607E+18,423,500,676.2,6369.270016
1.67607E+18,417,517,676.2,6437.350144
1.67607E+18,413,536,672.28,6437.360128
1.67607E+18,408,558,664.44,6437.410048
1.67607E+18,401,579,654.64,6437.420032
1.67607E+18,392,600,646.8,6437.420032
1.67607E+18,385,622,633.08,6437.459968
1.67607E+18,377,646,617.4,6437.480192
1.67607E+18,370,669,603.68,6437.490176
1.67607E+18,360,689,586.04,6437.520128
1.67607E+18,351,712,568.4,6487.90016
1.67607E+18,336,732,546.84,6487.910144
1.67607E+18,322,754,525.28,6487.910144
1.67607E+18,305,778,501.76,6487.990016
1.67607E+18,288,801,484.12,6488.009984
1.67607E+18,273,825,458.64,6537.470208
1.67607E+18,260,844,437.08,6537.480192
1.67607E+18,245,858,407.68,6605.750016
1.67607E+18,225,867,374.36,6605.769984
1.67607E+18,201,876,329.28,6605.779968
1.67607E+18,189,866,303.8,6605.790208
1.67607E+18,171,832,286.16,6605.800192
1.67607E+18,156,770,266.56,6605.800192
1.67607E+18,132,701,241.08,6605.82016
1.67607E+18,104,627,213.64,6749.459968
1.67607E+18,79,548,184.24,6749.470208
1.67607E+18,63,466,156.8,6749.490176
1.67607E+18,52,385,127.4,6749.540096
1.67607E+18,44,307,105.84,6827.79008
1.67607E+18,38,234,90.16,6827.800064
1.67607E+18,37,173,78.4,6827.830016
1.67607E+18,35,125,66.64,6827.890176
1.67607E+18,33,88,58.8,6827.90016
1.67607E+18,28,59,50.96,6827.920128
1.67607E+18,21,36,45.08,6827.970048
1.67607E+18,12,18,33.32,6827.980032
1.67607E+18,4,5,29.4,6828.009984
1.67607E+18,-5,-3,19.6,6828.040192
1.67607E+18,-9,-8,15.68,6828.070144
1.67607E+18,-14,-8,7.84,6828.11008
1.67607E+18,-15,-2,5.88,6828.120064
1.67607E+18,-12,1,5.88,6828.16
1.67607E+18,-13,-1,5.88,6828.169984
1.67607E+18,-8,-7,9.8,6828.230144
1.67607E+18,7,-28,17.64,6897.129984
1.67607E+18,1,-37,13.72,6897.150208
1.67607E+18,-13,-23,3.92,6897.150208
1.67607E+18,-27,-20,1.96,6897.200128
1.67607E+18,-34,-12,-1.96,6897.220096
1.67607E+18,-21,1,1.96,6897.250048
1.67607E+18,-19,2,1.96,6897.28
1.67607E+18,-21,1,3.92,6897.289984
1.67607E+18,-24,-5,3.92,6897.310208
1.67607E+18,-22,-13,3.92,6971.080192
1.67607E+18,-17,-9,1.96,6971.080192
1.67607E+18,-13,-9,3.92,6971.130112
1.67607E+18,-12,-8,5.88,6971.140096
1.67607E+18,-16,-6,3.92,6971.180032
1.67607E+18,-18,-7,3.92,6971.190016
1.67607E+18,-21,-6,1.96,6971.340032
1.67607E+18,-21,-4,1.96,6971.36
1.67607E+18,-20,-3,1.96,7029.200128
1.67607E+18,-18,-2,1.96,7029.200128
1.67607E+18,-19,-3,-1.96,7029.210112
1.67607E+18,-15,-3,1.96,7029.300224
1.67607E+18,-13,-5,1.96,7029.310208
1.67607E+18,-12,-3,0,7029.310208
1.67607E+18,-13,-3,0,7029.320192
1.67607E+18,-14,-2,0,7029.350144
1.67607E+18,-14,-1,-1.96,7077.880064
1.67607E+18,-16,-2,-1.96,7077.890048
1.67607E+18,-14,-1,-3.92,7077.900032
1.67607E+18,-14,-1,-5.88,7077.940224
1.67607E+18,-15,-2,-3.92,7140.450048
1.67607E+18,-14,-1,-5.88,7140.460032
1.67607E+18,-12,2,-3.92,7140.520192
1.67607E+18,-14,1,-5.88,7140.520192
1.67607E+18,-13,2,-5.88,7140.560128
1.67607E+18,-12,3,-3.92,7195.920128
1.67607E+18,-14,5,-5.88,7196.020224
1.67607E+18,-14,6,-5.88,7196.030208
1.67607E+18,-14,7,-7.84,7196.070144
1.67607E+18,-14,8,-5.88,7196.080128
1.67607E+18,-15,8,-5.88,7196.11008
1.67607E+18,-14,9,-7.84,7256.969984
1.67607E+18,-15,10,-3.92,7256.990208
1.67607E+18,-16,11,-7.84,7257.000192
1.67607E+18,-16,11,-5.88,7257.030144
1.67607E+18,-16,13,-7.84,7315.460096
1.67607E+18,-16,14,-7.84,7315.47008
1.67607E+18,-15,15,-9.8,7315.52
1.67607E+18,-16,15,-5.88,7315.529984
1.67607E+18,-13,16,-7.84,7315.550208
1.67607E+18,-14,17,-5.88,7315.58016
1.67607E+18,-15,16,-5.88,7315.600128
1.67607E+18,-14,17,-3.92,7315.610112
1.67607E+18,-15,18,-9.8,7315.670016
1.67607E+18,-14,18,-3.92,7315.700224
1.67607E+18,-15,18,-5.88,7378.800128
1.67607E+18,-16,18,-7.84,7378.800128
1.67607E+18,-14,19,-7.84,7378.860032
1.67607E+18,-17,18,-7.84,7378.860032
1.67607E+18,-17,19,-9.8,7378.970112
1.67607E+18,-16,19,-5.88,7439.600128
1.67607E+18,-18,18,-3.92,7439.620096
1.67607E+18,-18,18,-3.92,7439.650048
1.67607E+18,-18,20,-3.92,7439.650048
1.67607E+18,-17,26,3.92,7439.699968
1.67607E+18,-12,52,29.4,7508.11008
1.67607E+18,-18,80,47.04,7508.130048
1.67607E+18,-40,53,78.4,7508.140032
1.67607E+18,-24,18,135.24,7508.150016
1.67607E+18,-1,-59,239.12,7508.150016
1.67607E+18,45,-106,378.28,7508.16
1.67607E+18,113,-111,490,7508.16
1.67607E+18,194,-110,580.16,7508.169984
1.67607E+18,248,-113,666.4,7508.179968
1.67607E+18,285,-122,727.16,7508.179968
1.67607E+18,307,-126,762.44,7508.190208
1.67607E+18,333,-117,776.16,7586.150144
1.67607E+18,368,-122,797.72,7586.170112
1.67607E+18,403,-116,817.32,7586.180096
1.67607E+18,431,-104,827.12,7586.220032
1.67607E+18,451,-77,825.16,7647.710208
1.67607E+18,468,-31,807.52,7647.74016
1.67607E+18,480,25,791.84,7647.750144
1.67607E+18,487,75,782.04,7647.760128
1.67607E+18,484,113,768.32,7647.800064
1.67607E+18,478,144,760.48,7647.810048
1.67607E+18,462,173,740.88,7700.230144
1.67607E+18,442,195,725.2,7700.260096
1.67607E+18,429,216,707.56,7700.290048
1.67607E+18,404,232,691.88,7700.290048
1.67607E+18,380,246,676.2,7700.32
1.67607E+18,355,267,660.52,7700.350208
1.67607E+18,340,289,650.72,7767.010048
1.67607E+18,334,310,644.84,7767.030016
1.67607E+18,335,323,650.72,7767.049984
1.67607E+18,343,337,658.56,7767.049984
1.67607E+18,367,363,660.52,7767.080192
1.67607E+18,394,391,668.36,7767.120128
1.67607E+18,413,411,674.24,7767.160064
1.67607E+18,426,434,676.2,7767.180032
1.67607E+18,434,460,678.16,7830.35008
1.67607E+18,436,485,678.16,7830.380032
1.67607E+18,433,509,674.24,7830.419968
1.67607E+18,424,534,668.36,7830.419968
1.67607E+18,414,560,664.44,7830.51008
1.67607E+18,398,585,656.6,7889.780224
1.67607E+18,386,612,648.76,7889.800192
1.67607E+18,376,639,642.88,7889.810176
1.67607E+18,366,664,637,7889.82016
1.67607E+18,356,689,633.08,7889.860096
1.67607E+18,344,717,621.32,7889.900032
1.67607E+18,332,745,613.48,7944.680192
1.67607E+18,317,768,603.68,7944.70016
1.67607E+18,300,793,588,7944.710144
1.67607E+18,287,818,572.32,7944.710144
1.67607E+18,277,842,558.6,7944.720128
1.67607E+18,268,867,540.96,7944.8
1.67607E+18,263,893,523.32,7944.8
1.67607E+18,261,916,509.6,7944.840192
1.67607E+18,258,939,491.96,7944.850176
1.67607E+18,259,962,480.2,7992.740096
1.67607E+18,256,984,464.52,8038.910208
1.67607E+18,253,1006,448.84,8038.920192
1.67607E+18,248,1027,431.2,8039.010048
1.67607E+18,240,1044,413.56,8039.030016
1.67607E+18,233,1061,386.12,8039.070208
1.67607E+18,228,1068,374.36,8039.090176
1.67607E+18,207,1064,352.8,8039.10016
1.67607E+18,182,1041,331.24,8039.140096
1.67607E+18,155,1004,305.76,8039.15008
1.67607E+18,123,954,276.36,8088.59008
1.67607E+18,98,896,250.88,8146.94016
1.67607E+18,78,823,223.44,8146.94016
1.67607E+18,65,734,196,8146.980096
1.67607E+18,59,640,172.48,8146.99008
1.67607E+18,48,540,147,8147.030016
1.67607E+18,40,446,117.6,8147.04
1.67607E+18,33,361,101.92,8147.10016
1.67607E+18,27,288,90.16,8147.110144
1.67607E+18,24,227,78.4,8147.110144
1.67607E+18,15,172,66.64,8211.170048
1.67607E+18,6,123,58.8,8211.190016
1.67607E+18,-2,80,50.96,8211.209984
1.67607E+18,-8,43,41.16,8211.250176
1.67607E+18,-11,7,37.24,8211.26016
1.67607E+18,-12,-16,29.4,8211.330048
1.67607E+18,-18,-34,23.52,8272.339968
1.67607E+18,-17,-28,19.6,8272.360192
1.67607E+18,-15,-20,13.72,8272.360192
1.67607E+18,-10,-19,11.76,8272.370176
1.67607E+18,20,-89,31.36,8331.849984
1.67607E+18,0,-54,13.72,8331.859968
1.67607E+18,-25,-17,5.88,8331.890176
1.67607E+18,-43,-21,1.96,8331.890176
1.67607E+18,-29,-8,5.88,8331.960064
1.67607E+18,-17,-2,7.84,8331.970048
1.67607E+18,-20,-9,7.84,8331.990016
1.67607E+18,-23,-19,9.8,8332.030208
1.67607E+18,-15,-14,13.72,8392.920064
1.67607E+18,-11,-11,13.72,8392.940032
1.67607E+18,-17,-16,11.76,8392.96
1.67607E+18,-20,-15,7.84,8392.990208
1.67607E+18,-23,-14,7.84,8393.000192
1.67607E+18,-25,-10,7.84,8393.040128
1.67607E+18,-31,-9,1.96,8393.080064
1.67607E+18,-29,-6,1.96,8459.650048
1.67607E+18,-25,-6,3.92,8459.770112
1.67607E+18,-25,-7,1.96,8459.780096
1.67607E+18,-21,-7,0,8459.800064
1.67607E+18,-18,-4,1.96,8459.810048
1.67607E+18,-19,-3,-3.92,8517.420032
1.67607E+18,-18,-1,-3.92,8517.420032
1.67607E+18,-16,1,-1.96,8517.470208
1.67607E+18,-17,3,-5.88,8517.50016
1.67607E+18,-16,4,-7.84,8517.50016
1.67607E+18,-14,3,-7.84,8577.460224
1.67607E+18,-12,4,-9.8,8577.470208
1.67607E+18,-9,6,-7.84,8577.50016
1.67607E+18,-9,5,-7.84,8577.510144
1.67607E+18,-8,7,-9.8,8577.530112
1.67607E+18,-8,7,-9.8,8577.6
1.67607E+18,-8,7,-9.8,8577.619968
1.67607E+18,-5,7,-9.8,8577.66016
1.67607E+18,-6,8,-13.72,8577.670144
1.67607E+18,-6,12,-9.8,8577.730048
1.67607E+18,-8,12,-7.84,8624.8
1.67607E+18,-10,13,-9.8,8672.310016
1.67607E+18,-12,13,-9.8,8672.32
1.67607E+18,-11,15,-5.88,8672.329984
1.67607E+18,-12,14,-9.8,8672.339968
1.67607E+18,-11,15,-5.88,8672.339968
1.67607E+18,-12,16,-5.88,8672.350208
1.67607E+18,-12,14,-5.88,8672.38016
1.67607E+18,-13,14,-7.84,8672.390144
1.67607E+18,-10,16,-5.88,8672.400128
1.67607E+18,-12,14,-5.88,8724.130048
1.67607E+18,-12,16,-7.84,8724.16
1.67607E+18,-13,17,-9.8,8781.110016
1.67607E+18,-14,17,-3.92,8781.139968
1.67607E+18,-14,18,-5.88,8781.160192
1.67607E+18,-14,19,-3.92,8781.190144
1.67607E+18,-15,18,-7.84,8781.200128
1.67607E+18,-10,22,-3.92,8781.200128
1.67607E+18,-7,24,-1.96,8781.240064
1.67607E+18,-14,20,-3.92,8781.310208
1.67607E+18,-19,17,-3.92,8828.280064
1.67607E+18,-17,23,1.96,8828.290048
1.67607E+18,-12,36,17.64,8828.310016
1.67607E+18,-13,35,45.08,8828.32
1.67607E+18,-12,-111,76.44,8828.350208
1.67607E+18,11,-60,117.6,8875.74016
1.67607E+18,32,-79,192.08,8875.760128
1.67607E+18,62,-64,284.2,8875.800064
1.67607E+18,117,-62,376.32,8875.810048
1.67607E+18,146,-40,433.16,8875.859968
1.67607E+18,142,-53,470.4,8922.840064
1.67607E+18,115,-81,474.32,8922.850048
1.67607E+18,87,-121,474.32,8922.860032
1.67607E+18,78,-151,488.04,8922.970112
1.67607E+18,89,-157,505.68,8922.980096
1.67607E+18,125,-147,539,8970.930176
1.67607E+18,170,-116,572.32,8970.960128
1.67607E+18,228,-92,615.44,8970.970112
1.67607E+18,278,-72,658.56,8971.000064
1.67607E+18,317,-51,689.92,8971.000064
1.67607E+18,347,-26,717.36,9031.320064
1.67607E+18,373,8,735,9031.36
1.67607E+18,385,55,750.68,9031.369984
1.67607E+18,385,103,760.48,9031.379968
1.67607E+18,386,142,766.36,9031.410176
1.67607E+18,388,175,768.32,9089.929984
1.67607E+18,386,203,766.36,9089.960192
1.67607E+18,373,223,760.48,9089.98016
1.67607E+18,361,246,752.64,9089.990144
1.67607E+18,349,270,738.92,9090.050048
1.67607E+18,348,290,731.08,9149.55008
1.67607E+18,348,301,721.28,9149.570048
1.67607E+18,351,307,715.4,9149.580032
1.67607E+18,362,314,705.6,9149.590016
1.67607E+18,391,339,686,9196.880128
1.67607E+18,415,352,687.96,9196.900096
1.67607E+18,428,361,687.96,9196.920064
1.67607E+18,434,379,670.32,9196.930048
1.67607E+18,435,399,656.6,9196.969984
1.67607E+18,430,412,652.68,9196.969984
1.67607E+18,419,426,644.84,9244.040192
1.67607E+18,408,442,638.96,9244.080128
1.67607E+18,394,461,631.12,9244.090112
1.67607E+18,381,482,627.2,9244.120064
1.67607E+18,367,501,627.2,9244.150016
1.67607E+18,356,524,623.28,9362.450176
1.67607E+18,347,546,621.32,9362.490112
1.67607E+18,341,568,619.36,9362.51008
1.67607E+18,338,590,619.36,9362.520064
1.67607E+18,334,615,615.44,9362.520064
1.67607E+18,330,640,609.56,9362.530048
1.67607E+18,327,662,609.56,9362.550016
1.67607E+18,325,686,601.72,9362.550016
1.67607E+18,323,708,599.76,9362.600192
1.67607E+18,321,731,595.84,9362.610176
1.67607E+18,316,754,589.96,9504.290048
1.67607E+18,315,778,584.08,9504.310016
1.67607E+18,308,801,570.36,9504.329984
1.67607E+18,300,825,552.72,9504.339968
1.67607E+18,289,845,535.08,9504.350208
1.67607E+18,277,864,515.48,9504.350208
1.67607E+18,267,883,488.04,9504.38016
1.67607E+18,258,903,470.4,9504.400128
1.67607E+18,251,925,450.8,9504.400128
1.67607E+18,241,947,429.24,9504.450048
1.67607E+18,231,967,413.56,9504.460032
1.67607E+18,219,988,386.12,9504.470016
1.67607E+18,204,1004,356.72,9624.880128
1.67607E+18,189,1012,325.36,9624.880128
1.67607E+18,182,1006,309.68,9624.890112
1.67607E+18,162,983,292.04,9624.890112
1.67607E+18,139,930,272.44,9624.900096
1.67607E+18,116,867,250.88,9624.930048
1.67607E+18,93,804,223.44,9624.950016
1.67607E+18,74,728,201.88,9624.96
1.67607E+18,63,643,174.44,9624.969984
1.67607E+18,57,552,150.92,9624.969984
1.67607E+18,52,461,127.4,9624.979968
1.67607E+18,46,374,111.72,9625.010176
1.67607E+18,40,296,96.04,9625.040128
1.67607E+18,34,230,82.32,9625.110016
1.67607E+18,27,173,74.48,9758.99008
1.67607E+18,21,123,70.56,9758.99008
1.67607E+18,14,79,62.72,9758.99008
1.67607E+18,8,43,52.92,9759.049984
1.67607E+18,3,13,49,9759.049984
1.67607E+18,-3,-8,39.2,9759.080192
1.67607E+18,-10,-27,35.28,9759.090176
1.67607E+18,-14,-35,29.4,9759.160064
1.67607E+18,-14,-32,27.44,9759.170048
1.67607E+18,-11,-29,25.48,9759.209984
1.67607E+18,3,-39,29.4,9759.280128
1.67607E+18,13,-58,33.32,9759.280128
1.67607E+18,3,-66,29.4,9887.15008
1.67607E+18,-15,-43,19.6,9887.2
1.67607E+18,-36,-40,11.76,9887.209984
1.67607E+18,-43,-23,1.96,9887.340032
1.67607E+18,-26,-8,5.88,9887.350016
1.67607E+18,-27,-7,7.84,9887.410176
1.67607E+18,-29,-10,7.84,9887.42016
1.67607E+18,-29,-12,9.8,9887.47008
1.67607E+18,-29,-13,9.8,9887.480064
1.67607E+18,-25,-22,7.84,9887.540224
1.67607E+18,-20,-16,7.84,9887.550208
1.67607E+18,-19,-14,5.88,10021.95021
1.67607E+18,-22,-14,1.96,10021.98016
1.67607E+18,-25,-12,1.96,10021.99014
1.67607E+18,-27,-10,1.96,10022.03008
1.67607E+18,-31,-7,-1.96,10022.04006
1.67607E+18,-27,-1,0,10022.08
1.67607E+18,-23,-1,0,10022.08998
1.67607E+18,-23,-3,-3.92,10022.15014
1.67607E+18,-21,-3,0,10022.16013
1.67607E+18,-20,1,-1.96,10022.21005
1.67607E+18,-21,0,-1.96,10022.22003
1.67607E+18,-20,3,-3.92,10022.27021
1.67607E+18,-20,2,-5.88,10156.96998
1.67607E+18,-18,2,-3.92,10156.96998
1.67607E+18,-18,2,-3.92,10157.01018
1.67607E+18,-18,2,-5.88,10157.0601
1.67607E+18,-16,1,-3.92,10157.0601
1.67607E+18,-12,2,-1.96,10157.09005
1.67607E+18,-11,5,-3.92,10157.09005
1.67607E+18,-12,6,-3.92,10157.10003
1.67607E+18,-11,4,-3.92,10157.16019
1.67607E+18,-12,3,-5.88,10157.16019
1.67607E+18,-11,4,-5.88,10157.21011
1.67607E+18,-11,2,-7.84,10249.59002
1.67607E+18,-10,5,-5.88,10249.6
1.67607E+18,-13,7,-5.88,10249.64019
1.67607E+18,-14,9,-5.88,10249.66016
1.67607E+18,-15,12,-7.84,10249.7001
1.67607E+18,-15,13,-5.88,10249.74003
1.67607E+18,-17,14,-7.84,10249.74003
1.67607E+18,-15,18,-7.84,10249.78022
1.67607E+18,-14,17,-3.92,10249.79021
1.67607E+18,-16,18,-5.88,10249.87008
1.67607E+18,-16,18,-7.84,10249.88006
1.67607E+18,-15,18,-7.84,10425.73005
1.67607E+18,-15,19,-9.8,10425.74003
1.67607E+18,-15,19,-7.84,10425.76
1.67607E+18,-15,19,-5.88,10425.81018
1.67607E+18,-15,20,-7.84,10425.82016
1.67607E+18,-14,21,-7.84,10425.87008
1.67607E+18,1,44,-5.88,10425.92
1.67607E+18,3,41,-5.88,10425.92
1.67607E+18,-13,24,-7.84,10425.92998
1.67607E+18,-18,21,-7.84,10425.95021
1.67607E+18,-15,22,-7.84,10425.99014
1.67607E+18,-11,28,0,10425.99014
1.67607E+18,-3,41,13.72,10426.05005
1.67607E+18,17,43,39.2,10426.08
1.67607E+18,47,-20,78.4,10426.08
1.67607E+18,44,-32,125.44,10554.91021
1.67607E+18,43,-27,188.16,10554.96013
1.67607E+18,54,-5,256.76,10554.97011
1.67607E+18,72,-10,323.4,10555.01005
1.67607E+18,72,-22,380.24,10555.01005
1.67607E+18,62,-60,431.2,10555.04998
1.67607E+18,60,-121,480.2,10555.04998
1.67607E+18,74,-169,540.96,10555.1401
1.67607E+18,98,-182,601.72,10555.1401
1.67607E+18,144,-172,654.64,10555.15008
1.67607E+18,204,-146,703.64,10555.15008
1.67607E+18,273,-128,760.48,10555.16006
1.67607E+18,327,-116,803.6,10555.16006
1.67607E+18,361,-87,823.2,10555.17005
1.67607E+18,377,-41,831.04,10555.18003
1.67607E+18,378,18,823.2,10678.07002
1.67607E+18,379,71,815.36,10678.15014
1.67607E+18,375,104,807.52,10678.16013
1.67607E+18,371,135,791.84,10678.21005
1.67607E+18,360,165,768.32,10678.29018
1.67607E+18,351,190,748.72,10678.30016
1.67607E+18,341,213,727.16,10678.32013
1.67607E+18,332,234,705.6,10678.39002
1.67607E+18,329,255,687.96,10778.20006
1.67607E+18,332,274,672.28,10778.24
1.67607E+18,334,287,660.52,10778.25997
1.67607E+18,339,297,650.72,10778.28019
1.67607E+18,341,307,644.84,10778.28019
1.67607E+18,341,316,642.88,10778.33011
1.67607E+18,346,333,633.08,10778.33011
1.67607E+18,367,359,637,10778.37005
1.67607E+18,380,378,644.84,10778.39002
1.67607E+18,389,396,650.72,10778.4
1.67607E+18,391,415,652.68,10778.42022
1.67607E+18,389,434,658.56,10778.47014
1.67607E+18,383,451,660.52,10778.48013
1.67607E+18,378,472,666.4,10778.54003
1.67607E+18,369,496,670.32,10778.55002
1.67607E+18,362,524,668.36,11014.86003
1.67607E+18,355,553,666.4,11014.86003
1.67607E+18,347,581,662.48,11014.93018
1.67607E+18,338,605,660.52,11014.94016
1.67607E+18,329,630,654.64,11014.99008
1.67607E+18,316,654,642.88,11015.02003
1.67607E+18,305,681,629.16,11015.05997
1.67607E+18,291,706,613.48,11015.07021
1.67607E+18,277,733,597.8,11015.11014
1.67607E+18,266,762,582.12,11015.17005
1.67607E+18,256,790,570.36,11015.18003
1.67607E+18,250,819,562.52,11015.18003
1.67607E+18,245,844,558.6,11015.19002
1.67607E+18,242,869,554.68,11015.22022
1.67607E+18,239,893,550.76,11015.27014
1.67607E+18,240,917,552.72,11084.62003
1.67607E+18,241,943,548.8,11084.64
1.67607E+18,245,971,540.96,11084.67021
1.67607E+18,249,1000,535.08,11084.7401
1.67607E+18,251,1027,525.28,11084.75008
1.67607E+18,253,1050,513.52,11084.79002
1.67607E+18,250,1071,493.92,11084.79002
1.67607E+18,245,1089,472.36,11084.83021
1.67607E+18,239,1104,452.76,11084.83021
1.67607E+18,228,1116,425.32,11084.9001
1.67607E+18,222,1120,397.88,11084.92006
1.67607E+18,222,1119,370.44,11084.95002
1.67607E+18,213,1105,346.92,11084.95002
1.67607E+18,195,1073,325.36,11084.96998
1.67607E+18,173,1023,307.72,11085.04013
1.67607E+18,148,964,286.16,11321.95021
1.67607E+18,125,912,258.72,11321.97018
1.67607E+18,107,843,241.08,11321.98016
1.67607E+18,94,760,223.44,11321.98016
1.67607E+18,85,671,205.8,11322.04006
1.67607E+18,73,582,178.36,11322.06003
1.67607E+18,63,493,158.76,11322.08998
1.67607E+18,53,410,133.28,11322.10022
1.67607E+18,44,329,111.72,11322.13018
1.67607E+18,39,257,99.96,11322.15014
1.67607E+18,34,195,88.2,11322.16013
1.67607E+18,29,147,80.36,11322.20006
1.67607E+18,24,107,66.64,11322.21005
1.67607E+18,17,73,58.8,11322.21005
1.67607E+18,9,46,50.96,11322.27021
1.67607E+18,2,20,43.12,11405.48019
1.67607E+18,-4,1,35.28,11405.49018
1.67607E+18,-8,-12,31.36,11405.50016
1.67607E+18,-13,-24,25.48,11405.52013
1.67607E+18,-17,-27,19.6,11405.53011
1.67607E+18,-16,-22,17.64,11405.59002
1.67607E+18,-8,-18,15.68,11405.62022
1.67607E+18,12,-32,23.52,11405.63021
1.67607E+18,15,-53,27.44,11405.64019
1.67607E+18,-2,-60,19.6,11405.67014
1.67607E+18,-25,-35,7.84,11405.71008
1.67607E+18,-44,-26,1.96,11405.74003
1.67607E+18,-35,-10,1.96,11405.74003
1.67607E+18,-27,-5,5.88,11405.77997
1.67607E+18,-25,-4,7.84,11405.83014
1.67607E+18,-29,-10,9.8,11405.83014
1.67607E+18,-31,-13,9.8,11405.90003
1.67607E+18,-27,-22,9.8,11405.91002
1.67607E+18,-21,-22,11.76,11405.94022
1.67607E+18,-18,-19,7.84,11405.94022
1.67607E+18,-23,-20,7.84,11629.3801
1.67607E+18,-27,-18,7.84,11629.45997
1.67607E+18,-27,-16,7.84,11629.45997
1.67607E+18,-33,-13,5.88,11629.51014
1.67607E+18,-32,-9,0,11629.52013
1.67607E+18,-29,-8,0,11629.57005
1.67607E+18,-24,-8,1.96,11629.6
1.67607E+18,-22,-10,0,11629.63021
1.67607E+18,-20,-5,0,11629.65018
1.67607E+18,-20,-5,-3.92,11629.7001
1.67607E+18,-20,-4,-1.96,11629.71008
1.67607E+18,-17,-1,-1.96,11629.76998
1.67607E+18,-16,1,-3.92,11629.83014
1.67607E+18,-15,1,-5.88,11629.84013
1.67607E+18,-13,1,-3.92,11629.84013
1.67607E+18,-13,2,-5.88,11751.03002
1.67607E+18,-13,3,-5.88,11751.04
1.67607E+18,-11,3,-5.88,11751.04998
1.67607E+18,-10,4,-7.84,11751.09018
1.67607E+18,-9,5,-7.84,11751.09018
1.67607E+18,-8,6,-5.88,11751.10016
1.67607E+18,-6,8,-5.88,11751.13011
1.67607E+18,-7,8,-7.84,11751.15008
1.67607E+18,-6,6,-5.88,11751.15008
1.67607E+18,-5,5,-3.92,11751.16006
1.67607E+18,-5,6,-3.92,11751.2
1.67607E+18,-5,8,-3.92,11751.22022
1.67607E+18,-8,10,-7.84,11751.24019
1.67607E+18,-10,11,-7.84,11751.29011
1.67607E+18,-11,12,-5.88,11751.3001
1.67607E+18,-11,14,-5.88,11751.31008
1.67607E+18,-12,15,-5.88,11751.50003
1.67607E+18,-13,18,-5.88,11751.51002
1.67607E+18,-12,18,-5.88,11751.51002
1.67607E+18,-14,19,-5.88,11936.80998
1.67607E+18,-15,19,-7.84,11936.80998
1.67607E+18,-15,19,-5.88,11936.86016
1.67607E+18,-13,22,-3.92,11936.86016
1.67607E+18,-12,23,-1.96,11936.91008
1.67607E+18,-12,24,-3.92,11936.92006
1.67607E+18,-16,24,-5.88,11936.95002
1.67607E+18,-15,26,-3.92,11937.02016
1.67607E+18,-18,24,-3.92,11937.03014
1.67607E+18,-21,19,-3.92,11937.08006
1.67607E+18,-21,19,-5.88,11937.09005
1.67607E+18,-19,28,3.92,11937.12998
1.67607E+18,-24,43,21.56,11937.14022
1.67607E+18,-45,30,31.36,11937.14022
1.67607E+18,-56,-91,78.4,11937.20013
1.67607E+18,-15,-63,135.24,11937.27002
1.67607E+18,19,-78,211.68,12141.23008
1.67607E+18,49,-46,317.52,12141.24006
1.67607E+18,110,-62,409.64,12141.25005
1.67607E+18,159,-62,478.24,12141.25005
1.67607E+18,173,-89,525.28,12141.26003
1.67607E+18,162,-127,564.48,12141.36013
1.67607E+18,149,-159,588,12141.37011
1.67607E+18,143,-171,609.56,12141.3801
1.67607E+18,154,-165,623.28,12141.40006
1.67607E+18,187,-150,656.6,12141.40006
1.67607E+18,229,-118,687.96,12141.41005
1.67607E+18,271,-100,713.44,12141.42003
1.67607E+18,313,-78,733.04,12141.43002
1.67607E+18,345,-55,742.84,12141.44
1.67607E+18,368,-14,742.84,12141.44998
1.67607E+18,382,31,742.84,12141.45997
1.67607E+18,387,88,740.88,12141.51014
1.67607E+18,379,134,735,12141.52013
1.67607E+18,372,164,733.04,12141.53011
1.67607E+18,364,184,733.04,12202.19008
1.67607E+18,355,208,729.12,12202.20006
1.67607E+18,341,228,717.36,12202.22003
1.67607E+18,327,252,703.64,12202.25997
1.67607E+18,314,274,687.96,12202.27021
1.67607E+18,309,293,674.24,12202.37005
1.67607E+18,308,307,668.36,12202.38003
1.67607E+18,305,316,664.44,12202.39002
1.67607E+18,313,333,652.68,12202.40998
1.67607E+18,335,357,644.84,12326.43021
1.67607E+18,348,368,652.68,12326.45018
1.67607E+18,357,383,650.72,12326.45018
1.67607E+18,362,407,644.84,12326.46016
1.67607E+18,357,426,638.96,12326.5001
1.67607E+18,352,444,638.96,12326.53005
1.67607E+18,346,465,637,12326.53005
1.67607E+18,340,492,631.12,12326.58022
1.67607E+18,334,520,631.12,12326.59021
1.67607E+18,328,550,633.08,12326.59021
1.67607E+18,323,581,635.04,12492.78003
1.67607E+18,317,611,635.04,12492.78003
1.67607E+18,314,641,633.08,12492.83021
1.67607E+18,311,667,635.04,12492.87014
1.67607E+18,311,693,633.08,12492.88013
1.67607E+18,308,717,629.16,12492.93005
1.67607E+18,302,741,623.28,12492.96
1.67607E+18,297,768,615.44,12492.96998
1.67607E+18,288,795,603.68,12493.02016
1.67607E+18,278,818,589.96,12493.03014
1.67607E+18,270,841,578.2,12493.08006
1.67607E+18,262,862,562.52,12493.08006
1.67607E+18,255,882,544.88,12493.13997
1.67607E+18,250,902,527.24,12493.17018
1.67607E+18,250,919,511.56,12493.18016
1.67607E+18,248,935,491.96,12493.18016
1.67607E+18,247,948,474.32,12493.23008
1.67607E+18,242,960,452.76,12493.23008
1.67607E+18,233,967,431.2,12493.25005
1.67607E+18,220,974,401.8,12493.30022
1.67607E+18,205,975,372.4,12755.7801
1.67607E+18,186,972,335.16,12755.7801
1.67607E+18,167,965,303.8,12755.84
1.67607E+18,149,945,282.24,12755.84998
1.67607E+18,122,911,256.76,12755.90016
1.67607E+18,97,868,233.24,12755.91014
1.67607E+18,70,823,207.76,12755.9401
1.67607E+18,51,770,188.16,12755.96006
1.67607E+18,39,701,170.52,12755.97005
1.67607E+18,38,627,154.84,12755.97005
1.67607E+18,38,549,137.2,12756.00998
1.67607E+18,39,471,117.6,12756.02022
1.67607E+18,34,393,99.96,12756.04019
1.67607E+18,31,320,84.28,12817.17018
1.67607E+18,27,255,72.52,12817.18016
1.67607E+18,23,199,64.68,12817.19014
1.67607E+18,19,149,56.84,12817.21011
1.67607E+18,14,105,50.96,12817.24006
1.67607E+18,7,66,43.12,12817.25005
1.67607E+18,0,34,39.2,12817.29997
1.67607E+18,-3,8,35.28,12817.31021
1.67607E+18,-11,-12,27.44,12817.35014
1.67607E+18,-15,-22,21.56,12817.3801
1.67607E+18,-17,-24,15.68,12817.3801
1.67607E+18,-14,-16,11.76,12817.44998
1.67607E+18,-16,-12,7.84,12817.46022
1.67607E+18,-12,-12,11.76,12817.51014
1.67607E+18,4,-59,23.52,12817.5401
1.67607E+18,-10,-86,21.56,12817.55008
1.67607E+18,-26,-30,9.8,12936.61005
1.67607E+18,-37,-21,3.92,12936.63002
1.67607E+18,-34,-15,3.92,12936.64
1.67607E+18,-20,-5,7.84,12936.7401
1.67607E+18,-22,-8,5.88,12936.75008
1.67607E+18,-23,-16,11.76,12936.8
1.67607E+18,-19,-22,13.72,12936.80998
1.67607E+18,-14,-17,13.72,12936.89011
1.67607E+18,-17,-18,9.8,12936.9001
1.67607E+18,-18,-16,9.8,12936.95002
1.67607E+18,-23,-15,9.8,12936.96998
1.67607E+18,-23,-12,7.84,12936.97997
1.67607E+18,-25,-11,5.88,12936.99021
1.67607E+18,-24,-8,5.88,12937.0601
1.67607E+18,-23,-8,1.96,13034.35008
1.67607E+18,-21,-8,3.92,13034.40998
1.67607E+18,-19,-7,1.96,13034.40998
1.67607E+18,-16,-5,3.92,13034.47014
1.67607E+18,-14,-5,1.96,13034.48013
1.67607E+18,-13,-5,0,13034.52006
1.67607E+18,-10,-3,1.96,13034.53005
1.67607E+18,-10,-2,0,13034.53005
1.67607E+18,-9,0,0,13034.64013
1.67607E+18,-10,0,-3.92,13082.75021
1.67607E+18,-7,3,-3.92,13082.75021
1.67607E+18,-6,2,-3.92,13082.76019
1.67607E+18,-5,2,-5.88,13082.79014
1.67607E+18,-5,3,-5.88,13127.39021
1.67607E+18,-4,4,-7.84,13127.43014
1.67607E+18,-3,3,-5.88,13127.44013
1.67607E+18,-4,5,-9.8,13127.47008
1.67607E+18,-5,7,-11.76,13127.50003
1.67607E+18,-5,10,-9.8,13127.52998
1.67607E+18,-9,10,-9.8,13174.72
1.67607E+18,-10,12,-11.76,13174.72
1.67607E+18,-10,16,-9.8,13174.73997
1.67607E+18,-11,16,-11.76,13174.76019
1.67607E+18,-13,18,-9.8,13224.44006
1.67607E+18,-12,19,-7.84,13224.47002
1.67607E+18,-13,20,-9.8,13224.48
1.67607E+18,-12,22,-7.84,13224.54016
1.67607E+18,-13,23,-11.76,13224.54016
1.67607E+18,-9,29,-9.8,13224.5801
1.67607E+18,-9,36,-11.76,13286.88
1.67607E+18,-7,43,-9.8,13286.90022
1.67607E+18,3,73,-13.72,13286.93018
1.67607E+18,-10,45,-7.84,13286.93018
1.67607E+18,-19,32,-7.84,13286.96013
1.67607E+18,-20,35,-9.8,13349.10003
1.67607E+18,-17,38,-9.8,13349.12998
1.67607E+18,-19,36,-5.88,13349.13997
1.67607E+18,-14,57,15.68,13349.17018
1.67607E+18,-8,75,39.2,13408.64
1.67607E+18,53,59,80.36,13408.67021
1.67607E+18,142,-5,158.76,13408.69018
1.67607E+18,179,-18,264.6,13408.72013
1.67607E+18,206,-60,390.04,13408.7401
1.67607E+18,239,-128,480.2,13408.77005
1.67607E+18,220,-134,527.24,13408.80998
1.67607E+18,180,-140,562.52,13408.87014
1.67607E+18,149,-165,595.84,13408.87014
1.67607E+18,141,-210,638.96,13408.93005
1.67607E+18,148,-223,674.24,13455.83002
1.67607E+18,174,-207,703.64,13455.99002
1.67607E+18,219,-179,727.16,13456
1.67607E+18,276,-144,748.72,13456.03021
1.67607E+18,322,-116,768.32,13456.03021
1.67607E+18,354,-82,778.12,13456.07014
1.67607E+18,387,-37,776.16,13502.06003
1.67607E+18,413,7,778.12,13551.79008
1.67607E+18,430,43,776.16,13551.79008
1.67607E+18,446,73,778.12,13551.87021
1.67607E+18,448,99,772.24,13551.88019
1.67607E+18,443,125,760.48,13551.93011
1.67607E+18,431,147,740.88,13551.97005
1.67607E+18,413,164,727.16,13551.98003
1.67607E+18,391,180,709.52,13611.36
1.67607E+18,369,196,689.92,13611.38022
1.67607E+18,349,212,672.28,13611.39021
1.67607E+18,341,222,660.52,13611.42016
1.67607E+18,344,235,654.64,13611.47008
1.67607E+18,353,249,652.68,13611.47008
1.67607E+18,367,265,654.64,13611.51002
1.67607E+18,379,283,658.56,13660.41011
1.67607E+18,390,304,660.52,13660.4201
1.67607E+18,400,325,664.44,13660.48
1.67607E+18,421,346,670.32,13660.48998
1.67607E+18,453,371,678.16,13721.40006
1.67607E+18,475,386,687.96,13721.43002
1.67607E+18,483,400,691.88,13721.43002
1.67607E+18,484,422,691.88,13721.51014
1.67607E+18,480,446,689.92,13721.52013
1.67607E+18,473,470,691.88,13721.55008
1.67607E+18,459,490,695.8,13767.98003
1.67607E+18,444,514,691.88,13768
1.67607E+18,427,537,687.96,13768.00998
1.67607E+18,409,558,682.08,13768.03021
1.67607E+18,394,579,678.16,13815.39021
1.67607E+18,378,597,674.24,13815.40019
1.67607E+18,364,616,664.44,13815.41018
1.67607E+18,352,636,654.64,13815.44013
1.67607E+18,344,657,644.84,13815.4601
1.67607E+18,334,676,631.12,13875.64006
1.67607E+18,329,695,619.36,13875.66003
1.67607E+18,327,713,611.52,13875.67002
1.67607E+18,325,733,597.8,13875.73018
1.67607E+18,327,753,589.96,13875.73018
1.67607E+18,326,774,580.16,13922.16013
1.67607E+18,325,795,564.48,13922.23002
1.67607E+18,327,814,558.6,13922.24
1.67607E+18,326,832,550.76,13922.28019
1.67607E+18,322,848,539,13922.29018
1.67607E+18,319,866,529.2,13969.15021
1.67607E+18,311,882,521.36,13969.16019
1.67607E+18,302,903,513.52,13969.17018
1.67607E+18,288,925,499.8,13969.18016
1.67607E+18,276,948,486.08,13969.23008
1.67607E+18,265,970,474.32,13969.26003
1.67607E+18,252,987,452.76,14017.24006
1.67607E+18,236,1002,425.32,14017.24006
1.67607E+18,215,1012,393.96,14017.26003
1.67607E+18,193,1024,352.8,14017.28
1.67607E+18,179,1025,319.48,14064.93005
1.67607E+18,166,1016,297.92,14064.97997
1.67607E+18,142,988,280.28,14065.02016
1.67607E+18,123,939,262.64,14065.04013
1.67607E+18,103,880,250.88,14065.07008
1.67607E+18,82,828,229.32,14065.09005
1.67607E+18,69,768,213.64,14114.53005
1.67607E+18,58,694,196,14114.54003
1.67607E+18,51,617,176.4,14114.56998
1.67607E+18,45,540,158.76,14114.60019
1.67607E+18,37,466,137.2,14181.85011
1.67607E+18,27,395,115.64,14181.87008
1.67607E+18,20,328,99.96,14181.88006
1.67607E+18,16,269,92.12,14181.90003
1.67607E+18,10,217,84.28,14181.91002
1.67607E+18,8,175,76.44,14242.42022
1.67607E+18,3,137,70.56,14242.44019
1.67607E+18,-5,103,62.72,14242.45018
1.67607E+18,-12,74,52.92,14242.48013
1.67607E+18,-18,44,43.12,14242.5001
1.67607E+18,-20,14,41.16,14242.51008
1.67607E+18,-22,-14,33.32,14242.56
1.67607E+18,-23,-41,33.32,14242.56998
1.67607E+18,-23,-49,27.44,14242.57997
1.67607E+18,-20,-44,23.52,14242.59021
1.67607E+18,-20,-35,17.64,14300.04019
1.67607E+18,-17,-31,19.6,14300.05018
1.67607E+18,-32,-53,21.56,14300.05018
1.67607E+18,-58,-116,23.52,14300.07014
1.67607E+18,-18,-33,13.72,14300.08013
1.67607E+18,-11,-21,7.84,14300.09011
1.67607E+18,-16,-29,7.84,14346.94016
1.67607E+18,-17,-16,3.92,14346.95014
1.67607E+18,-20,-17,3.92,14346.9801
1.67607E+18,-25,-22,7.84,14347.02003
1.67607E+18,-25,-19,7.84,14393.24006
1.67607E+18,-24,-15,5.88,14393.25005
1.67607E+18,-22,-15,3.92,14393.28998
1.67607E+18,-21,-15,1.96,14393.34016
1.67607E+18,-19,-14,1.96,14393.36013
1.67607E+18,-18,-16,1.96,14441.76998
1.67607E+18,-16,-13,0,14441.78022
1.67607E+18,-18,-11,-1.96,14441.79021
1.67607E+18,-20,-11,0,14441.85011
1.67607E+18,-22,-9,-1.96,14441.8601
1.67607E+18,-20,-7,-3.92,14502.80013
1.67607E+18,-19,-5,-3.92,14502.81011
1.67607E+18,-18,-4,-3.92,14502.8201
1.67607E+18,-18,-2,-7.84,14502.92019
1.67607E+18,-20,-2,-9.8,14502.97011
1.67607E+18,-20,-1,-9.8,14560.29005
1.67607E+18,-20,1,-9.8,14560.32
1.67607E+18,-18,1,-7.84,14560.32998
1.67607E+18,-18,1,-9.8,14560.33997
1.67607E+18,-16,2,-9.8,14560.39014
1.67607E+18,-13,3,-9.8,14606.12019
1.67607E+18,-13,2,-11.76,14606.14016
1.67607E+18,-11,5,-7.84,14606.1801
1.67607E+18,-10,9,-9.8,14606.19008
1.67607E+18,-11,8,-11.76,14606.24
1.67607E+18,-11,8,-13.72,14662.5001
1.67607E+18,-11,10,-11.76,14662.51008
1.67607E+18,-11,10,-11.76,14662.56998
1.67607E+18,-12,10,-11.76,14662.61018
1.67607E+18,-11,12,-9.8,14662.62016
1.67607E+18,-12,4,-5.88,14662.63014
1.67607E+18,-13,-8,1.96,14719.23021
1.67607E+18,-14,1,-3.92,14719.25018
1.67607E+18,-14,7,-1.96,14719.37997
1.67607E+18,-12,6,-1.96,14719.40019
1.67607E+18,-10,10,-3.92,14719.44013
1.67607E+18,-11,12,-7.84,14719.47008
1.67607E+18,-10,9,-3.92,14719.50003
1.67607E+18,-7,9,-1.96,14719.51002
1.67607E+18,-7,9,-1.96,14719.56019
1.67607E+18,-8,7,-1.96,14765.67014
1.67607E+18,-7,4,3.92,14765.68013
1.67607E+18,-7,0,9.8,14765.71008
1.67607E+18,-4,-5,19.6,14765.77997
1.67607E+18,-5,-11,25.48,14765.79021
1.67607E+18,-5,-19,37.24,14816.06016
1.67607E+18,1,-27,54.88,14876.76006
1.67607E+18,9,-40,74.48,14876.77005
1.67607E+18,21,-62,113.68,14876.78003
1.67607E+18,43,-101,182.28,14876.79002
1.67607E+18,87,-140,280.28,14876.8
1.67607E+18,130,-116,364.56,14876.81997
1.67607E+18,152,-84,403.76,14876.85018
1.67607E+18,125,-67,413.56,14876.87014
1.67607E+18,82,-88,405.72,14876.9001
1.67607E+18,46,-134,403.76,14926.81011
1.67607E+18,26,-186,417.48,14926.81011
1.67607E+18,26,-225,454.72,14926.88
1.67607E+18,63,-230,519.4,14926.88
1.67607E+18,112,-207,582.12,14926.93018
1.67607E+18,179,-169,642.88,14986.17011
1.67607E+18,264,-130,705.6,14986.1801
1.67607E+18,321,-95,752.64,14986.19008
1.67607E+18,365,-59,780.08,14986.19008
1.67607E+18,407,-11,801.64,14986.24
1.67607E+18,434,54,807.52,15044.81997
1.67607E+18,446,121,803.6,15044.84019
1.67607E+18,449,165,799.68,15044.85018
1.67607E+18,445,190,785.96,15044.87014
1.67607E+18,436,208,772.24,15044.88013
1.67607E+18,420,230,744.8,15102.87002
1.67607E+18,392,255,715.4,15102.91021
1.67607E+18,360,272,687.96,15102.95014
1.67607E+18,350,297,660.52,15102.96013
1.67607E+18,359,331,640.92,15102.97011
1.67607E+18,363,352,633.08,15156.1001
1.67607E+18,363,368,629.16,15156.12006
1.67607E+18,363,389,619.36,15156.13005
1.67607E+18,354,407,617.4,15156.16
1.67607E+18,348,424,621.32,15156.16
1.67607E+18,338,446,617.4,15156.16998
1.67607E+18,328,469,617.4,15156.22016
1.67607E+18,319,491,621.32,15156.2601
1.67607E+18,308,517,621.32,15156.27008
1.67607E+18,299,546,621.32,15156.28006
1.67607E+18,293,576,619.36,15208.32
1.67607E+18,291,605,623.28,15208.32998
1.67607E+18,288,634,623.28,15208.32998
1.67607E+18,292,666,625.24,15208.36019
1.67607E+18,296,694,627.2,15208.38016
1.67607E+18,297,719,623.28,15264.54016
1.67607E+18,297,744,619.36,15264.55014
1.67607E+18,291,766,609.56,15264.57011
1.67607E+18,286,789,597.8,15264.64998
1.67607E+18,278,807,582.12,15264.68019
1.67607E+18,269,822,570.36,15311.36
1.67607E+18,258,833,550.76,15311.37997
1.67607E+18,243,837,525.28,15311.40019
1.67607E+18,221,835,491.96,15311.41018
1.67607E+18,198,829,458.64,15311.44013
1.67607E+18,175,818,419.44,15356.32998
1.67607E+18,150,800,378.28,15356.34022
1.67607E+18,135,780,333.2,15356.37018
1.67607E+18,126,748,294,15356.44006
1.67607E+18,103,706,262.64,15356.45005
1.67607E+18,83,654,239.12,15403.82003
1.67607E+18,64,592,215.6,15403.88019
1.67607E+18,51,526,190.12,15403.89018
1.67607E+18,43,460,170.52,15403.90016
1.67607E+18,39,391,152.88,15403.91014
