%time,field.mx,field.my,field.fz,field.t,,time dif
1.67694E+18,149,204,205.8,1676941258,0.786649942,
1.67694E+18,145,202,203.84,1676941258,0.787149906,0.000499964
1.67694E+18,145,202,203.84,1676941258,0.787440062,0.000290155
1.67694E+18,146,203,201.88,1676941258,0.787699938,0.000259876
1.67694E+18,148,204,197.96,1676941258,0.834179878,0.04647994
1.67694E+18,149,205,199.92,1676941258,0.834599972,0.000420094
1.67694E+18,147,203,199.92,1676941258,0.834869862,0.00026989
1.67694E+18,150,205,201.88,1676941258,0.835190058,0.000320196
1.67694E+18,149,203,203.84,1676941258,0.883430004,0.048239946
1.67694E+18,148,203,203.84,1676941258,0.883849859,0.000419855
1.67694E+18,146,202,201.88,1676941258,0.884419918,0.000570059
1.67694E+18,148,204,197.96,1676941258,0.884660006,0.000240088
1.67694E+18,148,204,197.96,1676941258,0.884949923,0.000289917
1.67694E+18,149,204,197.96,1676941258,0.885240078,0.000290155
1.67694E+18,149,205,199.92,1676941258,0.932219982,0.046979904
1.67694E+18,145,202,201.88,1676941258,0.932630062,0.00041008
1.67694E+18,149,204,197.96,1676941258,0.932859898,0.000229836
1.67694E+18,148,202,205.8,1676941258,0.933269978,0.00041008
1.67694E+18,145,201,205.8,1676941258,0.933529854,0.000259876
1.67694E+18,149,203,205.8,1676941258,0.981209993,0.04768014
1.67694E+18,150,203,205.8,1676941258,0.981629848,0.000419855
1.67694E+18,146,201,205.8,1676941258,0.982029915,0.000400066
1.67694E+18,146,201,205.8,1676941258,0.982339859,0.000309944
1.67694E+18,149,203,201.88,1676941258,1.029700041,0.047360182
1.67694E+18,151,202,209.72,1676941258,1.0306499,0.00094986
1.67694E+18,147,201,207.76,1676941258,1.03105998,0.00041008
1.67694E+18,147,201,209.72,1676941258,1.031209946,0.000149965
1.67694E+18,146,201,207.76,1676941258,1.077950001,0.046740055
1.67694E+18,147,201,203.84,1676941258,1.078269958,0.000319958
1.67694E+18,147,201,203.84,1676941258,1.07889986,0.000629902
1.67694E+18,147,200,207.76,1676941258,1.079060078,0.000160217
1.67694E+18,146,199,207.76,1676941258,1.12748003,0.048419952
1.67694E+18,146,199,207.76,1676941258,1.127810001,0.000329971
1.67694E+18,146,198,209.72,1676941258,1.128170013,0.000360012
1.67694E+18,149,200,203.84,1676941258,1.128399849,0.000229836
1.67694E+18,150,200,203.84,1676941258,1.128690004,0.000290155
1.67694E+18,151,201,205.8,1676941258,1.128910065,0.00022006
1.67694E+18,151,200,207.76,1676941258,1.17595005,0.047039986
1.67694E+18,152,201,209.72,1676941258,1.17640996,0.000459909
1.67694E+18,149,199,207.76,1676941258,1.176849842,0.000439882
1.67694E+18,152,200,213.64,1676941258,1.176980019,0.000130177
1.67694E+18,151,199,215.6,1676941258,1.177459955,0.000479937
1.67694E+18,149,199,215.6,1676941258,1.177729845,0.00026989
1.67694E+18,152,199,217.56,1676941258,1.23574996,0.058020115
1.67694E+18,153,201,211.68,1676941258,1.236119986,0.000370026
1.67694E+18,154,201,217.56,1676941258,1.236399889,0.000279903
1.67694E+18,153,201,219.52,1676941258,1.236539841,0.000139952
1.67694E+18,152,201,221.48,1676941259,1.288889885,0.052350044
1.67694E+18,150,201,221.48,1676941259,1.289350033,0.000460148
1.67694E+18,150,201,221.48,1676941259,1.300790071,0.011440039
1.67694E+18,147,200,219.52,1676941259,1.301290035,0.000499964
1.67694E+18,147,201,211.68,1676941259,1.321739912,0.020449877
1.67694E+18,146,200,209.72,1676941259,1.332520008,0.010780096
1.67694E+18,145,199,207.76,1676941259,1.332859993,0.000339985
1.67694E+18,145,197,209.72,1676941259,1.333019972,0.000159979
1.67694E+18,143,195,205.8,1676941259,1.370990038,0.037970066
1.67694E+18,143,194,203.84,1676941259,1.376620054,0.005630016
1.67694E+18,138,191,197.96,1676941259,1.376889944,0.00026989
1.67694E+18,140,191,190.12,1676941259,1.377120018,0.000230074
1.67694E+18,140,190,188.16,1676941259,1.393049955,0.015929937
1.67694E+18,136,185,190.12,1676941259,1.419699907,0.026649952
1.67694E+18,138,187,184.24,1676941259,1.420629978,0.000930071
1.67694E+18,135,183,176.4,1676941259,1.421149969,0.000519991
1.67694E+18,137,182,178.36,1676941259,1.421350002,0.000200033
1.67694E+18,136,178,176.4,1676941259,1.421570063,0.00022006
1.67694E+18,132,175,172.48,1676941259,1.422100067,0.000530005
1.67694E+18,132,174,166.6,1676941259,1.478729963,0.056629896
1.67694E+18,136,173,168.56,1676941259,1.479229927,0.000499964
1.67694E+18,132,170,166.6,1676941259,1.484920025,0.005690098
1.67694E+18,132,171,160.72,1676941259,1.485110044,0.00019002
1.67694E+18,134,171,156.8,1676941259,1.527509928,0.042399883
1.67694E+18,133,170,154.84,1676941259,1.527780056,0.000270128
1.67694E+18,134,169,160.72,1676941259,1.528259993,0.000479937
1.67694E+18,133,169,158.76,1676941259,1.528779984,0.000519991
1.67694E+18,131,167,160.72,1676941259,1.56588006,0.037100077
1.67694E+18,129,166,160.72,1676941259,1.566319942,0.000439882
1.67694E+18,129,168,152.88,1676941259,1.571799994,0.005480051
1.67694E+18,131,168,160.72,1676941259,1.572119951,0.000319958
1.67694E+18,127,165,160.72,1676941259,1.614919901,0.04279995
1.67694E+18,126,166,160.72,1676941259,1.61522007,0.000300169
1.67694E+18,127,166,158.76,1676941259,1.621029854,0.005809784
1.67694E+18,129,167,158.76,1676941259,1.621399879,0.000370026
1.67694E+18,130,168,158.76,1676941259,1.621870041,0.000470161
1.67694E+18,132,169,160.72,1676941259,1.622269869,0.000399828
1.67694E+18,132,168,166.6,1676941259,1.663480043,0.041210175
1.67694E+18,136,170,166.6,1676941259,1.663789988,0.000309944
1.67694E+18,138,172,176.4,1676941259,1.663949966,0.000159979
1.67694E+18,138,171,182.28,1676941259,1.674669981,0.010720015
1.67694E+18,143,177,186.2,1676941259,1.674900055,0.000230074
1.67694E+18,147,180,199.92,1676941259,1.72262001,0.047719955
1.67694E+18,148,181,207.76,1676941259,1.722899914,0.000279903
1.67694E+18,152,185,213.64,1676941259,1.728329897,0.005429983
1.67694E+18,159,190,221.48,1676941259,1.728479862,0.000149965
1.67694E+18,166,196,233.24,1676941259,1.76128006,0.032800198
1.67694E+18,169,199,246.96,1676941259,1.761669874,0.000389814
1.67694E+18,173,204,254.8,1676941259,1.761929989,0.000260115
1.67694E+18,179,210,264.6,1676941259,1.762170076,0.000240088
1.67694E+18,184,215,276.36,1676941259,1.809380054,0.047209978
1.67694E+18,192,221,282.24,1676941259,1.80982995,0.000449896
1.67694E+18,194,222,297.92,1676941259,1.810639858,0.000809908
1.67694E+18,199,226,301.84,1676941259,1.810930014,0.000290155
1.67694E+18,205,230,303.8,1676941259,1.858789921,0.047859907
1.67694E+18,205,230,313.6,1676941259,1.859220028,0.000430107
1.67694E+18,209,233,315.56,1676941259,1.859600067,0.000380039
1.67694E+18,213,236,317.52,1676941259,1.860569954,0.000969887
1.67694E+18,215,238,325.36,1676941259,1.86097002,0.000400066
1.67694E+18,212,236,329.28,1676941259,1.861579895,0.000609875
1.67694E+18,214,239,327.32,1676941259,1.907389879,0.045809984
1.67694E+18,218,240,329.28,1676941259,1.907899857,0.000509977
1.67694E+18,221,239,339.08,1676941259,1.908139944,0.000240088
1.67694E+18,221,238,341.04,1676941259,1.908590078,0.000450134
1.67694E+18,224,240,339.08,1676941259,1.908949852,0.000359774
1.67694E+18,220,236,346.92,1676941259,1.955940008,0.046990156
1.67694E+18,220,236,344.96,1676941259,1.956609964,0.000669956
1.67694E+18,222,235,341.04,1676941259,1.957099915,0.00048995
1.67694E+18,220,231,346.92,1676941259,1.957639933,0.000540018
1.67694E+18,217,230,343,1676941259,2.004829884,0.047189951
1.67694E+18,218,229,337.12,1676941259,2.01067996,0.005850077
1.67694E+18,216,227,333.2,1676941259,2.011009932,0.000329971
1.67694E+18,213,224,327.32,1676941259,2.011739969,0.000730038
1.67694E+18,208,219,323.4,1676941259,2.05325985,0.04151988
1.67694E+18,206,216,311.64,1676941259,2.05366993,0.00041008
1.67694E+18,202,211,307.72,1676941259,2.053999901,0.000329971
1.67694E+18,191,204,294,1676941259,2.05418992,0.00019002
1.67694E+18,179,198,270.48,1676941259,2.151599884,0.097409964
1.67694E+18,170,194,241.08,1676941259,2.151919842,0.000319958
1.67694E+18,153,183,213.64,1676941259,2.152179956,0.000260115
1.67694E+18,133,171,176.4,1676941259,2.152359962,0.000180006
1.67694E+18,116,161,133.28,1676941259,2.152580023,0.00022006
1.67694E+18,102,151,94.08,1676941259,2.152770042,0.00019002
1.67694E+18,87,140,54.88,1676941259,2.200000048,0.047230005
1.67694E+18,71,132,13.72,1676941259,2.200330019,0.000329971
1.67694E+18,55,123,-25.48,1676941259,2.200510025,0.000180006
1.67694E+18,41,114,-58.8,1676941259,2.200700045,0.00019002
1.67694E+18,25,104,-117.6,1676941259,2.201220036,0.000519991
1.67694E+18,18,99,-131.32,1676941259,2.201459885,0.000239849
1.67694E+18,10,93,-150.92,1676941259,2.259039879,0.057579994
1.67694E+18,3,71,-160.72,1676941259,2.259449959,0.00041008
1.67694E+18,-6,35,-154.84,1676941259,2.260030031,0.000580072
1.67694E+18,-17,13,-156.8,1676941259,2.260299921,0.00026989
1.67694E+18,-14,14,-160.72,1676941260,2.318729877,0.058429956
1.67694E+18,-12,12,-160.72,1676941260,2.319139957,0.00041008
1.67694E+18,-10,12,-158.76,1676941260,2.319469929,0.000329971
1.67694E+18,-6,-25,-150.92,1676941260,2.319759846,0.000289917
1.67694E+18,-4,-6,-152.88,1676941260,2.349060059,0.029300213
1.67694E+18,-17,8,-154.84,1676941260,2.349400043,0.000339985
1.67694E+18,-15,10,-152.88,1676941260,2.349760056,0.000360012
1.67694E+18,-10,9,-156.8,1676941260,2.349979877,0.000219822
1.67694E+18,-7,2,-147,1676941260,2.394739866,0.044759989
1.67694E+18,-11,-1,-148.96,1676941260,2.395179987,0.000440121
1.67694E+18,-10,6,-152.88,1676941260,2.395329952,0.000149965
1.67694E+18,-9,3,-147,1676941260,2.400899887,0.005569935
1.67694E+18,-13,-1,-147,1676941260,2.422039986,0.021140099
1.67694E+18,-15,1,-147,1676941260,2.44343996,0.021399975
1.67694E+18,-14,1,-147,1676941260,2.443870068,0.000430107
1.67694E+18,-13,1,-147,1676941260,2.444010019,0.000139952
1.67694E+18,-13,1,-147,1676941260,2.444279909,0.00026989
1.67694E+18,-13,2,-141.12,1676941260,2.475460052,0.031180143
1.67694E+18,-13,1,-145.04,1676941260,2.475849867,0.000389814
1.67694E+18,-17,-1,-139.16,1676941260,2.502490044,0.026640177
1.67694E+18,-18,0,-139.16,1676941260,2.502889872,0.000399828
1.67694E+18,-18,0,-139.16,1676941260,2.513609886,0.010720015
1.67694E+18,-18,1,-143.08,1676941260,2.514019966,0.00041008
1.67694E+18,-17,2,-145.04,1676941260,2.551310062,0.037290096
1.67694E+18,-18,3,-143.08,1676941260,2.551670074,0.000360012
1.67694E+18,-17,3,-145.04,1676941260,2.562340021,0.010669947
1.67694E+18,-18,4,-145.04,1676941260,2.562550068,0.000210047
1.67694E+18,-17,5,-139.16,1676941260,2.588700056,0.026149988
1.67694E+18,-17,7,-143.08,1676941260,2.589159966,0.000459909
1.67694E+18,-15,8,-145.04,1676941260,2.589439869,0.000279903
1.67694E+18,-13,11,-147,1676941260,2.589560032,0.000120163
1.67694E+18,-11,13,-145.04,1676941260,2.638419867,0.048859835
1.67694E+18,-14,12,-145.04,1676941260,2.638859987,0.000440121
1.67694E+18,-10,15,-145.04,1676941260,2.649549961,0.010689974
1.67694E+18,-11,13,-143.08,1676941260,2.649770021,0.00022006
1.67694E+18,-13,12,-145.04,1676941260,2.681099892,0.03132987
1.67694E+18,-9,13,-143.08,1676941260,2.681509972,0.00041008
1.67694E+18,-9,15,-145.04,1676941260,2.692219973,0.010710001
1.67694E+18,-9,12,-145.04,1676941260,2.692589998,0.000370026
1.67694E+18,-12,10,-145.04,1676941260,2.697929859,0.005339861
1.67694E+18,-12,10,-148.96,1676941260,2.698279858,0.000349998
1.67694E+18,-12,10,-147,1676941260,2.698430061,0.000150204
1.67694E+18,-7,13,-148.96,1676941260,2.739939928,0.041509867
1.67694E+18,-6,10,-145.04,1676941260,2.740380049,0.000440121
1.67694E+18,-8,9,-145.04,1676941260,2.761349916,0.020969868
1.67694E+18,-7,9,-150.92,1676941260,2.761739969,0.000390053
1.67694E+18,-4,9,-145.04,1676941260,2.784759998,0.023020029
1.67694E+18,-5,7,-145.04,1676941260,2.785199881,0.000439882
1.67694E+18,-8,4,-145.04,1676941260,2.811460018,0.026260138
1.67694E+18,-9,3,-147,1676941260,2.811850071,0.000390053
1.67694E+18,-9,1,-143.08,1676941260,2.832969904,0.021119833
1.67694E+18,-9,-1,-148.96,1676941260,2.833379984,0.00041008
1.67694E+18,-11,-5,-150.92,1676941260,2.833689928,0.000309944
1.67694E+18,-11,-4,-145.04,1676941260,2.83382988,0.000139952
1.67694E+18,-12,-7,-143.08,1676941260,2.882250071,0.048420191
1.67694E+18,-19,-10,-148.96,1676941260,2.882730007,0.000479937
1.67694E+18,-31,-58,-105.84,1676941260,2.883009911,0.000279903
1.67694E+18,24,9,-31.36,1676941260,2.883169889,0.000159979
1.67694E+18,92,47,19.6,1676941260,2.898869991,0.015700102
1.67694E+18,171,44,86.24,1676941260,2.899129868,0.000259876
1.67694E+18,234,73,190.12,1676941260,2.930979967,0.0318501
1.67694E+18,232,103,235.2,1676941260,2.931380033,0.000400066
1.67694E+18,185,123,237.16,1676941260,2.931760073,0.000380039
1.67694E+18,150,117,223.44,1676941260,2.931890011,0.000129938
1.67694E+18,70,67,182.28,1676941260,2.932169914,0.000279903
1.67694E+18,60,36,172.48,1676941260,2.979680061,0.047510147
1.67694E+18,75,5,174.44,1676941260,2.980170012,0.00048995
1.67694E+18,97,-5,174.44,1676941260,2.980350018,0.000180006
1.67694E+18,113,-3,176.4,1676941260,3.006469965,0.026119947
1.67694E+18,149,-6,168.56,1676941260,3.028470039,0.022000074
1.67694E+18,200,-2,178.36,1676941260,3.029249907,0.000779867
1.67694E+18,226,3,182.28,1676941260,3.029710054,0.000460148
1.67694E+18,228,12,170.52,1676941260,3.029880047,0.000169992
1.67694E+18,225,28,150.92,1676941260,3.076699972,0.046819925
1.67694E+18,211,45,119.56,1676941260,3.077270031,0.000570059
1.67694E+18,196,58,92.12,1676941260,3.077589989,0.000319958
1.67694E+18,172,64,68.6,1676941260,3.077719927,0.000129938
1.67694E+18,143,73,33.32,1676941260,3.125969887,0.04824996
1.67694E+18,104,79,-7.84,1676941260,3.126450062,0.000480175
1.67694E+18,70,84,-47.04,1676941260,3.126620054,0.000169992
1.67694E+18,43,88,-88.2,1676941260,3.126729965,0.000109911
1.67694E+18,18,97,-119.56,1676941260,3.153149843,0.026419878
1.67694E+18,-12,111,-148.96,1676941260,3.153529882,0.000380039
1.67694E+18,-44,115,-160.72,1676941260,3.174329996,0.020800114
1.67694E+18,-50,77,-162.68,1676941260,3.17505002,0.000720024
1.67694E+18,-31,37,-158.76,1676941260,3.175549984,0.000499964
1.67694E+18,-17,15,-158.76,1676941260,3.175780058,0.000230074
1.67694E+18,-21,12,-158.76,1676941260,3.175979853,0.000199795
1.67694E+18,-25,6,-164.64,1676941260,3.176209927,0.000230074
1.67694E+18,-29,-18,-158.76,1676941260,3.233839989,0.057630062
1.67694E+18,-7,5,-150.92,1676941260,3.234080076,0.000240088
1.67694E+18,-2,7,-152.88,1676941260,3.260249853,0.026169777
1.67694E+18,14,4,-145.04,1676941260,3.260560036,0.000310183
1.67694E+18,1,15,-148.96,1676941261,3.2869699,0.026409864
1.67694E+18,-6,18,-148.96,1676941261,3.287420034,0.000450134
1.67694E+18,-3,18,-152.88,1676941261,3.298130035,0.010710001
1.67694E+18,1,15,-148.96,1676941261,3.298549891,0.000419855
1.67694E+18,1,15,-152.88,1676941261,3.320450068,0.021900177
1.67694E+18,-6,11,-145.04,1676941261,3.320819855,0.000369787
1.67694E+18,-7,11,-150.92,1676941261,3.336669922,0.015850067
1.67694E+18,-3,9,-145.04,1676941261,3.342259884,0.005589962
1.67694E+18,-9,4,-145.04,1676941261,3.369740009,0.027480125
1.67694E+18,-11,2,-147,1676941261,3.370300055,0.000560045
1.67694E+18,-10,1,-147,1676941261,3.370820045,0.000519991
1.67694E+18,-12,5,-143.08,1676941261,3.371299982,0.000479937
1.67694E+18,-15,3,-141.12,1676941261,3.371680021,0.000380039
1.67694E+18,-16,4,-145.04,1676941261,3.372050047,0.000370026
1.67694E+18,-15,7,-143.08,1676941261,3.428869963,0.056819916
1.67694E+18,-19,3,-139.16,1676941261,3.446089983,0.01722002
1.67694E+18,-18,4,-139.16,1676941261,3.446670055,0.000580072
1.67694E+18,-18,6,-145.04,1676941261,3.447089911,0.000419855
1.67694E+18,-13,14,-143.08,1676941261,3.44746995,0.000380039
1.67694E+18,-16,13,-139.16,1676941261,3.477499962,0.030030012
1.67694E+18,-15,14,-137.2,1676941261,3.478219986,0.000720024
1.67694E+18,-12,16,-145.04,1676941261,3.47845006,0.000230074
1.67694E+18,-13,16,-141.12,1676941261,3.479140043,0.000689983
1.67694E+18,-10,17,-145.04,1676941261,3.526319981,0.047179937
1.67694E+18,-8,17,-143.08,1676941261,3.526569843,0.000249863
1.67694E+18,-9,13,-139.16,1676941261,3.527349949,0.000780106
1.67694E+18,-7,11,-141.12,1676941261,3.527760029,0.00041008
1.67694E+18,-3,9,-139.16,1676941261,3.564239979,0.03647995
1.67694E+18,-8,13,-148.96,1676941261,3.564699888,0.000459909
1.67694E+18,-9,15,-145.04,1676941261,3.57028985,0.005589962
1.67694E+18,-9,11,-141.12,1676941261,3.570980072,0.000690222
1.67694E+18,-8,6,-145.04,1676941261,3.613529921,0.042549849
1.67694E+18,-6,8,-147,1676941261,3.614019871,0.00048995
1.67694E+18,-8,5,-145.04,1676941261,3.614219904,0.000200033
1.67694E+18,-10,2,-145.04,1676941261,3.61458993,0.000370026
1.67694E+18,-11,0,-145.04,1676941261,3.61529994,0.000710011
1.67694E+18,-9,1,-150.92,1676941261,3.615579844,0.000279903
1.67694E+18,-7,3,-145.04,1676941261,3.662270069,0.046690226
1.67694E+18,-9,-1,-143.08,1676941261,3.662699938,0.000429869
1.67694E+18,-11,-2,-143.08,1676941261,3.663199902,0.000499964
1.67694E+18,-10,-2,-148.96,1676941261,3.663579941,0.000380039
1.67694E+18,-10,-4,-145.04,1676941261,3.663980007,0.000400066
1.67694E+18,-13,-5,-148.96,1676941261,3.711089849,0.047109842
1.67694E+18,-16,-21,-133.28,1676941261,3.716579914,0.005490065
1.67694E+18,11,-37,-96.04,1676941261,3.717050076,0.000470161
1.67694E+18,63,55,-98,1676941261,3.717339993,0.000289917
1.67694E+18,116,31,21.56,1676941261,3.759909868,0.042569876
1.67694E+18,197,43,70.56,1676941261,3.760360003,0.000450134
1.67694E+18,246,76,131.32,1676941261,3.808480024,0.048120022
1.67694E+18,252,117,168.56,1676941261,3.808889866,0.000409842
1.67694E+18,192,137,162.68,1676941261,3.809069872,0.000180006
1.67694E+18,135,128,147,1676941261,3.809309959,0.000240088
1.67694E+18,89,115,137.2,1676941261,3.820630074,0.011320114
1.67694E+18,34,103,121.52,1676941261,3.820970058,0.000339985
1.67694E+18,3,95,101.92,1676941261,3.857389927,0.036419868
1.67694E+18,12,80,101.92,1676941261,3.857709885,0.000319958
1.67694E+18,36,61,123.48,1676941261,3.858119965,0.00041008
1.67694E+18,61,49,137.2,1676941261,3.858360052,0.000240088
1.67694E+18,92,46,148.96,1676941261,3.906149864,0.047789812
1.67694E+18,119,48,162.68,1676941261,3.906499863,0.000349998
1.67694E+18,134,52,168.56,1676941261,3.90673995,0.000240088
1.67694E+18,145,56,166.6,1676941261,3.906990051,0.000250101
1.67694E+18,182,52,168.56,1676941261,3.954370022,0.047379971
1.67694E+18,220,52,184.24,1676941261,3.954859972,0.00048995
1.67694E+18,229,57,180.32,1676941261,3.955280066,0.000420094
1.67694E+18,217,68,168.56,1676941261,3.955509901,0.000229836
1.67694E+18,194,84,141.12,1676941261,4.052459955,0.096950054
1.67694E+18,173,104,105.84,1676941261,4.052779913,0.000319958
1.67694E+18,151,115,82.32,1676941261,4.052999973,0.00022006
1.67694E+18,126,118,47.04,1676941261,4.053339958,0.000339985
1.67694E+18,111,116,13.72,1676941261,4.053560019,0.00022006
1.67694E+18,92,117,-17.64,1676941261,4.053760052,0.000200033
1.67694E+18,70,115,-45.08,1676941261,4.101180077,0.047420025
1.67694E+18,47,109,-80.36,1676941261,4.101490021,0.000309944
1.67694E+18,26,110,-99.96,1676941261,4.101709843,0.000219822
1.67694E+18,10,102,-117.6,1676941261,4.101929903,0.00022006
1.67694E+18,-2,91,-137.2,1676941261,4.102129936,0.000200033
1.67694E+18,-14,69,-145.04,1676941261,4.150320053,0.048190117
1.67694E+18,-23,42,-154.84,1676941261,4.150640011,0.000319958
1.67694E+18,-21,15,-160.72,1676941261,4.150869846,0.000229836
1.67694E+18,-15,11,-162.68,1676941261,4.151079893,0.000210047
1.67694E+18,-18,7,-156.8,1676941261,4.198679924,0.047600031
1.67694E+18,-46,-31,-160.72,1676941261,4.199039936,0.000360012
1.67694E+18,-21,-19,-156.8,1676941261,4.19927001,0.000230074
1.67694E+18,-4,10,-158.76,1676941261,4.199509859,0.000239849
1.67694E+18,12,0,-152.88,1676941261,4.246890068,0.047380209
1.67694E+18,0,17,-154.84,1676941261,4.247220039,0.000329971
1.67694E+18,-12,21,-154.84,1676941261,4.247529984,0.000309944
1.67694E+18,-9,23,-158.76,1676941261,4.247799873,0.00026989
1.67694E+18,-9,24,-156.8,1676941262,4.296239853,0.04843998
1.67694E+18,-10,25,-152.88,1676941262,4.296599865,0.000360012
1.67694E+18,-13,22,-150.92,1676941262,4.296829939,0.000230074
1.67694E+18,-11,22,-156.8,1676941262,4.29715991,0.000329971
1.67694E+18,-9,22,-150.92,1676941262,4.297369957,0.000210047
1.67694E+18,-11,19,-147,1676941262,4.297600031,0.000230074
1.67694E+18,-12,17,-150.92,1676941262,4.345099926,0.047499895
1.67694E+18,-12,16,-148.96,1676941262,4.345439911,0.000339985
1.67694E+18,-8,18,-148.96,1676941262,4.345700026,0.000260115
1.67694E+18,-10,14,-145.04,1676941262,4.346029997,0.000329971
1.67694E+18,-11,12,-147,1676941262,4.34627986,0.000249863
1.67694E+18,-9,11,-143.08,1676941262,4.394599915,0.048320055
1.67694E+18,-9,9,-143.08,1676941262,4.395050049,0.000450134
1.67694E+18,-9,10,-148.96,1676941262,4.39542985,0.000379801
1.67694E+18,-8,11,-147,1676941262,4.395689964,0.000260115
1.67694E+18,-8,9,-141.12,1676941262,4.442489862,0.046799898
1.67694E+18,-11,6,-141.12,1676941262,4.442800045,0.000310183
1.67694E+18,-11,7,-145.04,1676941262,4.443029881,0.000229836
1.67694E+18,-12,8,-147,1676941262,4.443239927,0.000210047
1.67694E+18,-11,8,-147,1676941262,4.490659952,0.047420025
1.67694E+18,-11,7,-139.16,1676941262,4.490969896,0.000309944
1.67694E+18,-15,6,-141.12,1676941262,4.491219997,0.000250101
1.67694E+18,-11,8,-139.16,1676941262,4.491430044,0.000210047
1.67694E+18,-15,6,-143.08,1676941262,4.540250063,0.048820019
1.67694E+18,-13,8,-145.04,1676941262,4.540560007,0.000309944
1.67694E+18,-12,8,-147,1676941262,4.540789843,0.000229836
1.67694E+18,-14,7,-141.12,1676941262,4.540999889,0.000210047
1.67694E+18,-13,9,-147,1676941262,4.541199923,0.000200033
1.67694E+18,-11,10,-143.08,1676941262,4.541399956,0.000200033
1.67694E+18,-10,8,-141.12,1676941262,4.588609934,0.047209978
1.67694E+18,-12,7,-143.08,1676941262,4.588969946,0.000360012
1.67694E+18,-10,7,-143.08,1676941262,4.637439966,0.04847002
1.67694E+18,-11,7,-148.96,1676941262,4.637789965,0.000349998
1.67694E+18,-7,9,-143.08,1676941262,4.638069868,0.000279903
1.67694E+18,-11,5,-143.08,1676941262,4.638249874,0.000180006
1.67694E+18,-9,6,-145.04,1676941262,4.638900042,0.000650167
1.67694E+18,-10,5,-145.04,1676941262,4.639240026,0.000339985
1.67694E+18,-7,7,-150.92,1676941262,4.686209917,0.046969891
1.67694E+18,-7,5,-145.04,1676941262,4.686569929,0.000360012
1.67694E+18,-11,3,-145.04,1676941262,4.686850071,0.000280142
1.67694E+18,-11,3,-150.92,1676941262,4.68708992,0.000239849
1.67694E+18,-9,5,-150.92,1676941262,4.687299967,0.000210047
1.67694E+18,-11,2,-148.96,1676941262,4.687530041,0.000230074
1.67694E+18,-14,1,-150.92,1676941262,4.731449842,0.043919802
1.67694E+18,-13,1,-154.84,1676941262,4.732009888,0.000560045
1.67694E+18,-10,2,-154.84,1676941262,4.73229003,0.000280142
1.67694E+18,-11,1,-150.92,1676941262,4.732670069,0.000380039
1.67694E+18,-7,3,-148.96,1676941262,4.783760071,0.051090002
1.67694E+18,-9,1,-147,1676941262,4.784139872,0.000379801
1.67694E+18,-18,-31,-123.48,1676941262,4.784420013,0.000280142
1.67694E+18,49,-9,-94.08,1676941262,4.785009861,0.000589848
1.67694E+18,66,57,-90.16,1676941262,4.785409927,0.000400066
1.67694E+18,135,42,-11.76,1676941262,4.785809994,0.000400066
1.67694E+18,202,104,43.12,1676941262,4.832370043,0.046560049
1.67694E+18,242,138,101.92,1676941262,4.832740068,0.000370026
1.67694E+18,251,170,156.8,1676941262,4.833019972,0.000279903
1.67694E+18,208,188,162.68,1676941262,4.833410025,0.000390053
1.67694E+18,147,184,147,1676941262,4.833729982,0.000319958
1.67694E+18,99,164,129.36,1676941262,4.934900045,0.101170063
1.67694E+18,35,146,107.8,1676941262,4.935719967,0.000819921
1.67694E+18,-7,131,80.36,1676941262,4.941789865,0.006069899
1.67694E+18,-16,116,68.6,1676941262,4.942409992,0.000620127
1.67694E+18,9,100,66.64,1676941262,4.943019867,0.000609875
1.67694E+18,36,84,76.44,1676941262,4.943589926,0.000570059
1.67694E+18,62,68,82.32,1676941262,4.978549957,0.034960032
1.67694E+18,91,62,84.28,1676941262,4.979140043,0.000590086
1.67694E+18,107,69,88.2,1676941262,4.979549885,0.000409842
1.67694E+18,123,71,84.28,1676941262,4.979909897,0.000360012
1.67694E+18,190,53,96.04,1676941262,4.98142004,0.001510143
1.67694E+18,199,49,105.84,1676941262,4.981819868,0.000399828
1.67694E+18,192,43,105.84,1676941262,5.037549973,0.055730104
1.67694E+18,184,50,96.04,1676941262,5.038150072,0.0006001
1.67694E+18,175,67,80.36,1676941262,5.038660049,0.000509977
1.67694E+18,160,85,72.52,1676941262,5.039139986,0.000479937
1.67694E+18,146,103,60.76,1676941262,5.076089859,0.036949873
1.67694E+18,132,115,47.04,1676941262,5.076639891,0.000550032
1.67694E+18,118,123,31.36,1676941262,5.077059984,0.000420094
1.67694E+18,106,128,11.76,1676941262,5.077460051,0.000400066
1.67694E+18,91,137,-9.8,1676941262,5.124409914,0.046949863
1.67694E+18,79,146,-29.4,1676941262,5.124979973,0.000570059
1.67694E+18,50,160,-80.36,1676941262,5.125390053,0.00041008
1.67694E+18,45,160,-86.24,1676941262,5.12575984,0.000369787
1.67694E+18,41,155,-98,1676941262,5.222259998,0.096500158
1.67694E+18,38,139,-105.84,1676941262,5.22281003,0.000550032
1.67694E+18,28,115,-105.84,1676941262,5.223309994,0.000499964
1.67694E+18,19,91,-117.6,1676941262,5.22371006,0.000400066
1.67694E+18,11,67,-121.52,1676941262,5.224089861,0.000379801
1.67694E+18,-1,40,-123.48,1676941262,5.270720005,0.046630144
1.67694E+18,-11,17,-133.28,1676941262,5.271270037,0.000550032
1.67694E+18,-21,-1,-139.16,1676941262,5.271980047,0.000710011
1.67694E+18,-18,-2,-150.92,1676941262,5.272409916,0.000429869
1.67694E+18,-15,-4,-145.04,1676941262,5.272789955,0.000380039
1.67694E+18,-19,-15,-145.04,1676941262,5.273159981,0.000370026
1.67694E+18,-22,-66,-143.08,1676941263,5.319939852,0.046779871
1.67694E+18,-13,-12,-143.08,1676941263,5.320260048,0.000320196
1.67694E+18,-22,-12,-145.04,1676941263,5.320459843,0.000199795
1.67694E+18,-26,-29,-143.08,1676941263,5.320809841,0.000349998
1.67694E+18,-18,-13,-141.12,1676941263,5.321099997,0.000290155
1.67694E+18,-17,-14,-141.12,1676941263,5.321470022,0.000370026
1.67694E+18,-18,-14,-137.2,1676941263,5.368759871,0.047289848
1.67694E+18,-27,-19,-139.16,1676941263,5.36906004,0.000300169
1.67694E+18,-28,-20,-141.12,1676941263,5.369199991,0.000139952
1.67694E+18,-27,-19,-141.12,1676941263,5.369449854,0.000249863
1.67694E+18,-25,-17,-141.12,1676941263,5.369699955,0.000250101
1.67694E+18,-24,-14,-148.96,1676941263,5.36981988,0.000119925
1.67694E+18,-23,-13,-150.92,1676941263,5.466219902,0.096400023
1.67694E+18,-20,-11,-147,1676941263,5.466529846,0.000309944
1.67694E+18,-23,-12,-145.04,1676941263,5.466690063,0.000160217
1.67694E+18,-19,-10,-152.88,1676941263,5.467200041,0.000509977
1.67694E+18,-16,-8,-148.96,1676941263,5.467429876,0.000229836
1.67694E+18,-14,-7,-147,1676941263,5.46765995,0.000230074
1.67694E+18,-14,-9,-147,1676941263,5.467789888,0.000129938
1.67694E+18,-11,-7,-147,1676941263,5.467999935,0.000210047
1.67694E+18,-13,-7,-152.88,1676941263,5.514270067,0.046270132
1.67694E+18,-9,-3,-148.96,1676941263,5.519769907,0.00549984
1.67694E+18,-10,-5,-147,1676941263,5.520009995,0.000240088
1.67694E+18,-11,-3,-152.88,1676941263,5.520519972,0.000509977
1.67694E+18,-8,0,-147,1676941263,5.563519955,0.042999983
1.67694E+18,-14,0,-148.96,1676941263,5.569010019,0.005490065
1.67694E+18,-13,2,-152.88,1676941263,5.569169998,0.000159979
1.67694E+18,-11,3,-147,1676941263,5.569499969,0.000329971
1.67694E+18,-15,1,-147,1676941263,5.569710016,0.000210047
1.67694E+18,-15,2,-150.92,1676941263,5.612240076,0.04253006
1.67694E+18,-12,3,-148.96,1676941263,5.612560034,0.000319958
1.67694E+18,-12,0,-143.08,1676941263,5.612900019,0.000339985
1.67694E+18,-15,-1,-147,1676941263,5.613019943,0.000119925
1.67694E+18,-10,0,-148.96,1676941263,5.613579988,0.000560045
1.67694E+18,-12,-2,-148.96,1676941263,5.613790035,0.000210047
1.67694E+18,-10,-1,-145.04,1676941263,5.661139965,0.04734993
1.67694E+18,-10,-3,-143.08,1676941263,5.661659956,0.000519991
1.67694E+18,-14,-4,-145.04,1676941263,5.662039995,0.000380039
1.67694E+18,-11,-3,-150.92,1676941263,5.662440062,0.000400066
1.67694E+18,-12,-4,-143.08,1676941263,5.758679867,0.096239805
1.67694E+18,-16,-4,-147,1676941263,5.759299994,0.000620127
1.67694E+18,-16,-3,-148.96,1676941263,5.759729862,0.000429869
1.67694E+18,-17,-3,-147,1676941263,5.760129929,0.000400066
1.67694E+18,-14,-1,-145.04,1676941263,5.760910034,0.000780106
1.67694E+18,-19,-1,-148.96,1676941263,5.761309862,0.000399828
1.67694E+18,-16,3,-150.92,1676941263,5.761649847,0.000339985
1.67694E+18,-17,3,-150.92,1676941263,5.808229923,0.046580076
1.67694E+18,-19,-16,-127.4,1676941263,5.808899879,0.000669956
1.67694E+18,-20,-59,-107.8,1676941263,5.809329987,0.000430107
1.67694E+18,-11,-76,-84.28,1676941263,5.809710026,0.000380039
1.67694E+18,7,-58,-64.68,1676941263,5.856179953,0.046469927
1.67694E+18,22,-25,-50.96,1676941263,5.856580019,0.000400066
1.67694E+18,35,-9,-37.24,1676941263,5.856719971,0.000139952
1.67694E+18,47,-2,-9.8,1676941263,5.856960058,0.000240088
1.67694E+18,59,-27,37.24,1676941263,5.904399872,0.047439814
1.67694E+18,68,-67,88.2,1676941263,5.904700041,0.000300169
1.67694E+18,82,-96,143.08,1676941263,5.904919863,0.000219822
1.67694E+18,96,-110,215.6,1676941263,5.905050039,0.000130177
1.67694E+18,108,-111,250.88,1676941263,5.953749895,0.048699856
1.67694E+18,124,-116,295.96,1676941263,5.954060078,0.000310183
1.67694E+18,147,-125,346.92,1676941263,5.954329967,0.00026989
1.67694E+18,171,-139,395.92,1676941263,5.954469919,0.000139952
1.67694E+18,204,-139,446.88,1676941263,5.95468998,0.00022006
1.67694E+18,229,-108,474.32,1676941263,5.954869986,0.000180006
1.67694E+18,262,-63,486.08,1676941263,6.002419949,0.047549963
1.67694E+18,302,-36,513.52,1676941263,6.002719879,0.000299931
1.67694E+18,332,-12,533.12,1676941263,6.002869844,0.000149965
1.67694E+18,344,14,544.88,1676941263,6.003129959,0.000260115
1.67694E+18,350,42,550.76,1676941263,6.003370047,0.000240088
1.67694E+18,348,77,544.88,1676941263,6.003560066,0.00019002
1.67694E+18,347,106,550.76,1676941263,6.051130056,0.04756999
1.67694E+18,351,134,550.76,1676941263,6.051440001,0.000309944
1.67694E+18,352,163,556.64,1676941263,6.051569939,0.000129938
1.67694E+18,358,192,552.72,1676941263,6.051789999,0.00022006
1.67694E+18,364,215,554.68,1676941263,6.099889994,0.048099995
1.67694E+18,357,223,554.68,1676941263,6.100159883,0.00026989
1.67694E+18,363,242,535.08,1676941263,6.100300074,0.00014019
1.67694E+18,382,255,535.08,1676941263,6.100679874,0.000379801
1.67694E+18,384,264,531.16,1676941263,6.14812994,0.047450066
1.67694E+18,390,282,517.44,1676941263,6.148429871,0.000299931
1.67694E+18,390,318,501.76,1676941263,6.148639917,0.000210047
1.67694E+18,389,336,503.72,1676941263,6.148880005,0.000240088
1.67694E+18,383,358,497.84,1676941263,6.197429895,0.048549891
1.67694E+18,382,384,495.88,1676941263,6.197730064,0.000300169
1.67694E+18,375,407,497.84,1676941263,6.197900057,0.000169992
1.67694E+18,376,433,499.8,1676941263,6.198129892,0.000229836
1.67694E+18,369,453,503.72,1676941263,6.198679924,0.000550032
1.67694E+18,372,480,503.72,1676941263,6.198940039,0.000260115
1.67694E+18,373,504,507.64,1676941263,6.246289968,0.04734993
1.67694E+18,373,531,501.76,1676941263,6.24654007,0.000250101
1.67694E+18,379,558,501.76,1676941263,6.246670008,0.000129938
1.67694E+18,379,583,493.92,1676941263,6.247079849,0.000409842
1.67694E+18,404,671,460.6,1676941263,6.247319937,0.000240088
1.67694E+18,409,693,441,1676941264,6.294950008,0.047630072
1.67694E+18,399,706,421.4,1676941264,6.295209885,0.000259876
1.67694E+18,393,724,399.84,1676941264,6.295340061,0.000130177
1.67694E+18,380,741,368.48,1676941264,6.295589924,0.000249863
1.67694E+18,371,757,344.96,1676941264,6.343679905,0.048089981
1.67694E+18,357,775,309.68,1676941264,6.343989849,0.000309944
1.67694E+18,350,796,280.28,1676941264,6.344369888,0.000380039
1.67694E+18,341,817,250.88,1676941264,6.344869852,0.000499964
1.67694E+18,329,840,215.6,1676941264,6.391769886,0.046900034
1.67694E+18,325,860,190.12,1676941264,6.392309904,0.000540018
1.67694E+18,317,877,154.84,1676941264,6.392740011,0.000430107
1.67694E+18,311,891,115.64,1676941264,6.393069983,0.000329971
1.67694E+18,288,891,90.16,1676941264,6.441269875,0.048199892
1.67694E+18,261,880,68.6,1676941264,6.4416399,0.000370026
1.67694E+18,234,852,45.08,1676941264,6.441949844,0.000309944
1.67694E+18,205,803,35.28,1676941264,6.442209959,0.000260115
1.67694E+18,176,744,21.56,1676941264,6.442489862,0.000279903
1.67694E+18,153,677,5.88,1676941264,6.442759991,0.000270128
1.67694E+18,141,599,-13.72,1676941264,6.484979868,0.042219877
1.67694E+18,129,512,-17.64,1676941264,6.485409975,0.000430107
1.67694E+18,113,421,-29.4,1676941264,6.485709906,0.000299931
1.67694E+18,95,342,-50.96,1676941264,6.486059904,0.000349998
1.67694E+18,54,208,-74.48,1676941264,6.486330032,0.000270128
1.67694E+18,26,148,-92.12,1676941264,6.4871099,0.000779867
1.67694E+18,9,96,-111.72,1676941264,6.487499952,0.000390053
1.67694E+18,-5,47,-113.68,1676941264,6.538569927,0.051069975
1.67694E+18,-20,6,-125.44,1676941264,6.539089918,0.000519991
1.67694E+18,-23,-17,-135.24,1676941264,6.587270021,0.048180103
1.67694E+18,-18,-13,-139.16,1676941264,6.587929964,0.000659943
1.67694E+18,-14,-5,-139.16,1676941264,6.58837986,0.000449896
1.67694E+18,-42,-51,-147,1676941264,6.588899851,0.000519991
1.67694E+18,-41,-72,-137.2,1676941264,6.635499954,0.046600103
1.67694E+18,-12,-9,-139.16,1676941264,6.636129856,0.000629902
1.67694E+18,-4,-3,-141.12,1676941264,6.63657999,0.000450134
1.67694E+18,-14,-5,-137.2,1676941264,6.63699007,0.00041008
1.67694E+18,-17,-13,-133.28,1676941264,6.684740067,0.047749996
1.67694E+18,-21,-16,-135.24,1676941264,6.68550992,0.000769854
1.67694E+18,-20,-17,-133.28,1676941264,6.685979843,0.000469923
1.67694E+18,-17,-19,-137.2,1676941264,6.686389923,0.00041008
1.67694E+18,-14,-19,-139.16,1676941264,6.686779976,0.000390053
1.67694E+18,-16,-21,-133.28,1676941264,6.687170029,0.000390053
1.67694E+18,-17,-20,-135.24,1676941264,6.733839989,0.04666996
1.67694E+18,-18,-19,-135.24,1676941264,6.734410048,0.000570059
1.67694E+18,-19,-18,-135.24,1676941264,6.735100031,0.000689983
1.67694E+18,-14,-15,-141.12,1676941264,6.735539913,0.000439882
1.67694E+18,-17,-16,-135.24,1676941264,6.735960007,0.000420094
1.67694E+18,-17,-15,-137.2,1676941264,6.736360073,0.000400066
1.67694E+18,-17,-15,-143.08,1676941264,6.798789978,0.062429905
1.67694E+18,-13,-13,-147,1676941264,6.799540043,0.000750065
1.67694E+18,-15,-13,-141.12,1676941264,6.800159931,0.000619888
1.67694E+18,-14,-10,-148.96,1676941264,6.800770044,0.000610113
1.67694E+18,-12,-6,-150.92,1676941264,6.837610006,0.036839962
1.67694E+18,-10,-4,-147,1676941264,6.837939978,0.000329971
1.67694E+18,-14,-3,-148.96,1676941264,6.838119984,0.000180006
1.67694E+18,-12,0,-154.84,1676941264,6.83859992,0.000479937
1.67694E+18,-9,4,-154.84,1676941264,6.879459858,0.040859938
1.67694E+18,-8,6,-152.88,1676941264,6.879790068,0.00033021
1.67694E+18,-7,12,-160.72,1676941264,6.880029917,0.000239849
1.67694E+18,-3,16,-156.8,1676941264,6.88139987,0.001369953
1.67694E+18,-2,15,-154.84,1676941264,6.928609848,0.047209978
1.67694E+18,-5,14,-156.8,1676941264,6.928849936,0.000240088
1.67694E+18,-4,14,-156.8,1676941264,6.929209948,0.000360012
1.67694E+18,-1,15,-160.72,1676941264,6.929659843,0.000449896
1.67694E+18,1,14,-160.72,1676941264,6.931169987,0.001510143
1.67694E+18,6,11,-152.88,1676941264,6.977279902,0.046109915
1.67694E+18,8,11,-148.96,1676941264,6.977859974,0.000580072
1.67694E+18,0,13,-154.84,1676941264,6.993789911,0.015929937
1.67694E+18,-1,15,-156.8,1676941264,6.994250059,0.000460148
1.67694E+18,-4,12,-145.04,1676941264,7.024719954,0.030469894
1.67694E+18,-6,12,-150.92,1676941264,7.024960041,0.000240088
1.67694E+18,-4,11,-148.96,1676941264,7.041169882,0.016209841
1.67694E+18,-3,8,-143.08,1676941264,7.04144001,0.000270128
1.67694E+18,-6,7,-148.96,1676941264,7.041749954,0.000309944
1.67694E+18,-4,9,-147,1676941264,7.041869879,0.000119925
1.67694E+18,-5,7,-145.04,1676941264,7.080610037,0.038740158
1.67694E+18,-9,7,-145.04,1676941264,7.081110001,0.000499964
1.67694E+18,-9,9,-150.92,1676941264,7.081529856,0.000419855
1.67694E+18,-11,10,-147,1676941264,7.081939936,0.00041008
1.67694E+18,-8,15,-152.88,1676941264,7.123169899,0.041229963
1.67694E+18,-8,20,-141.12,1676941264,7.12364006,0.000470161
1.67694E+18,-2,14,-125.44,1676941264,7.124109983,0.000469923
1.67694E+18,-22,-66,-101.92,1676941264,7.12436986,0.000259876
1.67694E+18,-33,-53,-72.52,1676941264,7.172499895,0.048130035
1.67694E+18,-55,-71,-35.28,1676941264,7.173009872,0.000509977
1.67694E+18,-56,-75,13.72,1676941264,7.17347002,0.000460148
1.67694E+18,-38,0,68.6,1676941264,7.173860073,0.000390053
1.67694E+18,-15,21,135.24,1676941264,7.174239874,0.000379801
1.67694E+18,10,13,207.76,1676941264,7.174599886,0.000360012
1.67694E+18,37,-18,276.36,1676941264,7.221179962,0.046580076
1.67694E+18,55,-75,341.04,1676941264,7.221729994,0.000550032
1.67694E+18,69,-135,386.12,1676941264,7.222069979,0.000339985
1.67694E+18,88,-183,423.36,1676941264,7.222369909,0.000299931
1.67694E+18,113,-216,472.36,1676941264,7.222670078,0.000300169
1.67694E+18,155,-233,525.28,1676941264,7.269949913,0.047279835
1.67694E+18,199,-248,580.16,1676941264,7.270859957,0.000910044
1.67694E+18,253,-259,625.24,1676941264,7.271239996,0.000380039
1.67694E+18,290,-253,658.56,1676941264,7.27154994,0.000309944
1.67694E+18,318,-226,680.12,1676941265,7.318729877,0.047179937
1.67694E+18,332,-186,680.12,1676941265,7.319279909,0.000550032
1.67694E+18,345,-138,684.04,1676941265,7.319679976,0.000400066
1.67694E+18,374,-88,674.24,1676941265,7.320230007,0.000550032
1.67694E+18,404,-49,674.24,1676941265,7.366909981,0.046679974
1.67694E+18,418,-23,672.28,1676941265,7.367470026,0.000560045
1.67694E+18,426,0,664.44,1676941265,7.367850065,0.000380039
1.67694E+18,416,18,646.8,1676941265,7.36819005,0.000339985
1.67694E+18,409,38,621.32,1676941265,7.41621995,0.0480299
1.67694E+18,398,47,601.72,1676941265,7.416769981,0.000550032
1.67694E+18,393,54,586.04,1676941265,7.417150021,0.000380039
1.67694E+18,383,66,560.56,1676941265,7.417549849,0.000399828
1.67694E+18,378,84,539,1676941265,7.417860031,0.000310183
1.67694E+18,370,103,527.24,1676941265,7.41824007,0.000380039
1.67694E+18,363,126,509.6,1676941265,7.465029955,0.046789885
1.67694E+18,360,151,495.88,1676941265,7.465659857,0.000629902
1.67694E+18,358,168,486.08,1676941265,7.466059923,0.000400066
1.67694E+18,368,184,486.08,1676941265,7.466470003,0.00041008
1.67694E+18,380,210,495.88,1676941265,7.466789961,0.000319958
1.67694E+18,379,225,497.84,1676941265,7.513689995,0.046900034
1.67694E+18,386,249,497.84,1676941265,7.514209986,0.000519991
1.67694E+18,389,271,511.56,1676941265,7.514569998,0.000360012
1.67694E+18,394,299,515.48,1676941265,7.515159845,0.000589848
1.67694E+18,394,323,523.32,1676941265,7.562419891,0.047260046
1.67694E+18,401,351,529.2,1676941265,7.562929869,0.000509977
1.67694E+18,400,378,523.32,1676941265,7.563269854,0.000339985
1.67694E+18,403,403,523.32,1676941265,7.563600063,0.00033021
1.67694E+18,398,427,515.48,1676941265,7.65941,0.095809937
1.67694E+18,396,457,493.92,1676941265,7.660340071,0.000930071
1.67694E+18,388,485,478.24,1676941265,7.660779953,0.000439882
1.67694E+18,386,521,448.84,1676941265,7.661109924,0.000329971
1.67694E+18,383,560,423.36,1676941265,7.708800077,0.047690153
1.67694E+18,378,603,386.12,1676941265,7.709339857,0.00053978
1.67694E+18,373,640,346.92,1676941265,7.709709883,0.000370026
1.67694E+18,377,676,315.56,1676941265,7.710429907,0.000720024
1.67694E+18,373,707,276.36,1676941265,7.710929871,0.000499964
1.67694E+18,367,737,239.12,1676941265,7.711299896,0.000370026
1.67694E+18,347,764,194.04,1676941265,7.757430077,0.04613018
1.67694E+18,321,789,135.24,1676941265,7.757969856,0.00053978
1.67694E+18,295,797,105.84,1676941265,7.758349895,0.000380039
1.67694E+18,273,777,94.08,1676941265,7.7588799,0.000530005
1.67694E+18,210,658,68.6,1676941265,7.759219885,0.000339985
1.67694E+18,183,584,47.04,1676941265,7.759609938,0.000390053
1.67694E+18,158,503,23.52,1676941265,7.80618,0.046570063
1.67694E+18,133,417,-3.92,1676941265,7.806720018,0.000540018
1.67694E+18,107,333,-27.44,1676941265,7.807090044,0.000370026
1.67694E+18,77,254,-54.88,1676941265,7.807450056,0.000360012
1.67694E+18,44,182,-72.52,1676941265,7.855040073,0.047590017
1.67694E+18,13,114,-88.2,1676941265,7.85559988,0.000559807
1.67694E+18,-17,51,-107.8,1676941265,7.855969906,0.000370026
1.67694E+18,-27,5,-123.48,1676941265,7.856309891,0.000339985
1.67694E+18,-27,-24,-125.44,1676941265,7.903219938,0.046910048
1.67694E+18,-22,-18,-133.28,1676941265,7.903719902,0.000499964
1.67694E+18,-19,-7,-139.16,1676941265,7.90403986,0.000319958
1.67694E+18,-80,-39,-156.8,1676941265,7.904379845,0.000339985
1.67694E+18,-37,-35,-135.24,1676941265,7.952489853,0.048110008
1.67694E+18,3,-16,-137.2,1676941265,7.952869892,0.000380039
1.67694E+18,3,-28,-129.36,1676941265,7.952990055,0.000120163
1.67694E+18,-9,-12,-131.32,1676941265,7.953089952,9.98974E-05
1.67694E+18,-7,-4,-129.36,1676941265,7.95318985,9.98974E-05
1.67694E+18,-7,-18,-129.36,1676941265,8.001199961,0.048010111
1.67694E+18,-18,-25,-133.28,1676941265,8.001559973,0.000360012
1.67694E+18,-18,-14,-133.28,1676941265,8.001689911,0.000129938
1.67694E+18,-19,-15,-137.2,1676941265,8.001790047,0.000100136
1.67694E+18,-11,-16,-139.16,1676941265,8.001889944,9.98974E-05
1.67694E+18,-8,-16,-139.16,1676941265,8.001989841,9.98974E-05
1.67694E+18,-7,-20,-131.32,1676941265,8.073269844,0.071280003
1.67694E+18,-1,-18,-137.2,1676941265,8.073809862,0.000540018
1.67694E+18,0,-13,-135.24,1676941265,8.074329853,0.000519991
1.67694E+18,-6,-16,-137.2,1676941265,8.075340033,0.00101018
1.67694E+18,-5,-15,-135.24,1676941265,8.09875989,0.023419857
1.67694E+18,-12,-15,-137.2,1676941265,8.09916997,0.00041008
1.67694E+18,-10,-11,-145.04,1676941265,8.099299908,0.000129938
1.67694E+18,-9,-9,-141.12,1676941265,8.099410057,0.000110149
1.67694E+18,-9,-10,-147,1676941265,8.146290064,0.046880007
1.67694E+18,-10,-12,-139.16,1676941265,8.146669865,0.000379801
1.67694E+18,-12,-11,-147,1676941265,8.146800041,0.000130177
1.67694E+18,-11,-10,-147,1676941265,8.146899939,9.98974E-05
1.67694E+18,-13,-11,-141.12,1676941265,8.196429968,0.049530029
1.67694E+18,-11,-8,-145.04,1676941265,8.196820021,0.000390053
1.67694E+18,-12,-10,-143.08,1676941265,8.19701004,0.00019002
1.67694E+18,-14,-10,-147,1676941265,8.197119951,0.000109911
1.67694E+18,-11,-9,-152.88,1676941265,8.197219849,9.98974E-05
1.67694E+18,-11,-9,-152.88,1676941265,8.197319984,0.000100136
1.67694E+18,-12,-10,-150.92,1676941265,8.244979858,0.047659874
1.67694E+18,-8,-8,-154.84,1676941265,8.245369911,0.000390053
1.67694E+18,-5,-7,-147,1676941265,8.245509863,0.000139952
1.67694E+18,-8,-8,-148.96,1676941265,8.245609999,0.000100136
1.67694E+18,0,-3,-152.88,1676941265,8.245709896,9.98974E-05
1.67694E+18,-2,-5,-150.92,1676941266,8.293590069,0.047880173
1.67694E+18,0,-4,-152.88,1676941266,8.294159889,0.00056982
1.67694E+18,3,-2,-152.88,1676941266,8.299799919,0.00564003
1.67694E+18,2,-4,-148.96,1676941266,8.300989866,0.001189947
1.67694E+18,7,-2,-147,1676941266,8.338739872,0.037750006
1.67694E+18,2,-5,-145.04,1676941266,8.339459896,0.000720024
1.67694E+18,3,0,-150.92,1676941266,8.340070009,0.000610113
1.67694E+18,3,3,-148.96,1676941266,8.340980053,0.000910044
1.67694E+18,0,6,-148.96,1676941266,8.390670061,0.049690008
1.67694E+18,0,9,-143.08,1676941266,8.391299963,0.000629902
1.67694E+18,-4,8,-143.08,1676941266,8.391669989,0.000370026
1.67694E+18,-3,11,-147,1676941266,8.39226985,0.000599861
1.67694E+18,0,13,-145.04,1676941266,8.43975997,0.04749012
1.67694E+18,-2,10,-147,1676941266,8.440870047,0.001110077
1.67694E+18,-2,9,-141.12,1676941266,8.441529989,0.000659943
1.67694E+18,-1,10,-148.96,1676941266,8.441930056,0.000400066
1.67694E+18,3,12,-148.96,1676941266,8.457939863,0.016009808
1.67694E+18,2,16,-147,1676941266,8.458349943,0.00041008
1.67694E+18,-6,15,-147,1676941266,8.488590002,0.030240059
1.67694E+18,-5,22,-148.96,1676941266,8.489340067,0.000750065
1.67694E+18,7,32,-119.56,1676941266,8.489779949,0.000439882
1.67694E+18,49,-13,-76.44,1676941266,8.490880013,0.001100063
1.67694E+18,79,-118,7.84,1676941266,8.491430044,0.000550032
1.67694E+18,125,-104,131.32,1676941266,8.537250042,0.045819998
1.67694E+18,184,-63,246.96,1676941266,8.537909985,0.000659943
1.67694E+18,236,-29,333.2,1676941266,8.538310051,0.000400066
1.67694E+18,206,24,378.28,1676941266,8.539119959,0.000809908
1.67694E+18,136,14,393.96,1676941266,8.586019993,0.046900034
1.67694E+18,70,-29,388.08,1676941266,8.586629868,0.000609875
1.67694E+18,17,-87,388.08,1676941266,8.587029934,0.000400066
1.67694E+18,4,-123,405.72,1676941266,8.587470055,0.000440121
1.67694E+18,34,-145,450.8,1676941266,8.634269953,0.046799898
1.67694E+18,85,-157,490,1676941266,8.634979963,0.000710011
1.67694E+18,135,-165,533.12,1676941266,8.635400057,0.000420094
1.67694E+18,183,-176,570.36,1676941266,8.635959864,0.000559807
1.67694E+18,217,-193,584.08,1676941266,8.683579922,0.047620058
1.67694E+18,241,-208,597.8,1676941266,8.684180021,0.0006001
1.67694E+18,258,-213,603.68,1676941266,8.684540033,0.000360012
1.67694E+18,270,-214,607.6,1676941266,8.685149908,0.000609875
1.67694E+18,289,-181,609.56,1676941266,8.691050053,0.005900145
1.67694E+18,306,-131,601.72,1676941266,8.691429853,0.000379801
1.67694E+18,320,-86,607.6,1676941266,8.732300043,0.04087019
1.67694E+18,335,-44,605.64,1676941266,8.732869864,0.00056982
1.67694E+18,350,-19,609.56,1676941266,8.733229876,0.000360012
1.67694E+18,361,7,607.6,1676941266,8.733880043,0.000650167
1.67694E+18,315,88,572.32,1676941266,8.734179974,0.000299931
1.67694E+18,307,115,562.52,1676941266,8.734479904,0.000299931
1.67694E+18,302,138,550.76,1676941266,8.777319908,0.042840004
1.67694E+18,309,172,544.88,1676941266,8.778229952,0.000910044
1.67694E+18,312,201,535.08,1676941266,8.778650045,0.000420094
1.67694E+18,307,221,529.2,1676941266,8.778810024,0.000159979
1.67694E+18,324,247,521.36,1676941266,8.778919935,0.000109911
1.67694E+18,353,274,513.52,1676941266,8.779020071,0.000100136
1.67694E+18,378,293,521.36,1676941266,8.829959869,0.050939798
1.67694E+18,387,310,513.52,1676941266,8.830319881,0.000360012
1.67694E+18,395,333,505.68,1676941266,8.878180027,0.047860146
1.67694E+18,396,356,493.92,1676941266,8.878710032,0.000530005
1.67694E+18,388,460,491.96,1676941266,8.878859997,0.000149965
1.67694E+18,391,496,491.96,1676941266,8.878969908,0.000109911
1.67694E+18,388,531,486.08,1676941266,8.927479982,0.048510075
1.67694E+18,385,563,490,1676941266,8.927929878,0.000449896
1.67694E+18,387,595,486.08,1676941266,8.928060055,0.000130177
1.67694E+18,390,627,484.12,1676941266,8.928169966,0.000109911
1.67694E+18,394,661,468.44,1676941266,8.928299904,0.000129938
1.67694E+18,393,691,460.6,1676941266,8.92840004,0.000100136
1.67694E+18,396,722,454.72,1676941266,8.976180077,0.047780037
1.67694E+18,407,757,439.04,1676941266,8.976609945,0.000429869
1.67694E+18,414,785,425.32,1676941266,8.976739883,0.000129938
1.67694E+18,423,813,411.6,1676941266,8.976840019,0.000100136
1.67694E+18,440,885,344.96,1676941266,8.976959944,0.000119925
1.67694E+18,437,902,325.36,1676941266,9.025039911,0.048079967
1.67694E+18,434,916,301.84,1676941266,9.025500059,0.000460148
1.67694E+18,432,933,270.48,1676941266,9.025699854,0.000199795
1.67694E+18,420,943,235.2,1676941266,9.025810003,0.000110149
1.67694E+18,403,950,201.88,1676941266,9.073689938,0.047879934
1.67694E+18,391,953,164.64,1676941266,9.074100018,0.00041008
1.67694E+18,368,937,135.24,1676941266,9.074219942,0.000119925
1.67694E+18,337,911,105.84,1676941266,9.074320078,0.000100136
1.67694E+18,294,862,80.36,1676941266,9.121949911,0.047629833
1.67694E+18,243,799,60.76,1676941266,9.12232995,0.000380039
1.67694E+18,208,730,41.16,1676941266,9.122459888,0.000129938
1.67694E+18,172,641,23.52,1676941266,9.122570038,0.000110149
1.67694E+18,153,549,0,1676941266,9.171220064,0.048650026
1.67694E+18,131,451,-9.8,1676941266,9.171589851,0.000369787
1.67694E+18,109,362,-31.36,1676941266,9.171710014,0.000120163
1.67694E+18,90,284,-47.04,1676941266,9.171809912,9.98974E-05
1.67694E+18,67,211,-56.84,1676941266,9.171910048,0.000100136
1.67694E+18,47,147,-72.52,1676941266,9.172009945,9.98974E-05
1.67694E+18,28,94,-88.2,1676941266,9.268749952,0.096740007
1.67694E+18,16,52,-98,1676941266,9.269180059,0.000430107
1.67694E+18,3,14,-107.8,1676941266,9.269299984,0.000119925
1.67694E+18,-10,-11,-119.56,1676941266,9.269399881,9.98974E-05
1.67694E+18,-13,-9,-131.32,1676941266,9.269520044,0.000120163
1.67694E+18,-4,-4,-137.2,1676941267,9.317529917,0.048009872
1.67694E+18,12,-50,-123.48,1676941267,9.317960024,0.000430107
1.67694E+18,-15,-50,-129.36,1676941267,9.318099976,0.000139952
1.67694E+18,-26,-15,-141.12,1676941267,9.318199873,9.98974E-05
1.67694E+18,-40,-14,-139.16,1676941267,9.31833005,0.000130177
1.67694E+18,-22,-5,-135.24,1676941267,9.318429947,9.98974E-05
1.67694E+18,-12,-10,-131.32,1676941267,9.366189957,0.04776001
1.67694E+18,-18,-32,-129.36,1676941267,9.366620064,0.000430107
1.67694E+18,-9,-23,-123.48,1676941267,9.366750002,0.000129938
1.67694E+18,-9,-18,-129.36,1676941267,9.366849899,9.98974E-05
1.67694E+18,-15,-28,-123.48,1676941267,9.366970062,0.000120163
1.67694E+18,-21,-28,-129.36,1676941267,9.36706996,9.98974E-05
1.67694E+18,-22,-24,-131.32,1676941267,9.46371007,0.09664011
1.67694E+18,-27,-21,-129.36,1676941267,9.46408987,0.000379801
1.67694E+18,-29,-21,-129.36,1676941267,9.464210033,0.000120163
1.67694E+18,-22,-23,-133.28,1676941267,9.464309931,9.98974E-05
1.67694E+18,-19,-24,-131.32,1676941267,9.512429953,0.048120022
1.67694E+18,-19,-21,-133.28,1676941267,9.512809992,0.000380039
1.67694E+18,-21,-19,-129.36,1676941267,9.51293993,0.000129938
1.67694E+18,-25,-19,-129.36,1676941267,9.513040066,0.000100136
1.67694E+18,-24,-18,-133.28,1676941267,9.561059952,0.048019886
1.67694E+18,-21,-18,-137.2,1676941267,9.561859846,0.000799894
1.67694E+18,-21,-15,-137.2,1676941267,9.562550068,0.000690222
1.67694E+18,-18,-12,-143.08,1676941267,9.564069986,0.001519918
1.67694E+18,-15,-10,-145.04,1676941267,9.609829903,0.045759916
1.67694E+18,-14,-10,-139.16,1676941267,9.611330032,0.00150013
1.67694E+18,-13,-7,-148.96,1676941267,9.61184001,0.000509977
1.67694E+18,-15,-7,-145.04,1676941267,9.612240076,0.000400066
1.67694E+18,-11,-5,-150.92,1676941267,9.61262989,0.000389814
1.67694E+18,-8,-2,-145.04,1676941267,9.61300993,0.000380039
1.67694E+18,-8,-1,-152.88,1676941267,9.65877986,0.04576993
1.67694E+18,-8,-3,-148.96,1676941267,9.659019947,0.000240088
1.67694E+18,-3,-3,-150.92,1676941267,9.659129858,0.000109911
1.67694E+18,0,-4,-143.08,1676941267,9.659240007,0.000110149
1.67694E+18,1,-3,-147,1676941267,9.659339905,9.98974E-05
1.67694E+18,7,0,-143.08,1676941267,9.707399845,0.04805994
1.67694E+18,3,1,-145.04,1676941267,9.707740068,0.000340223
1.67694E+18,4,5,-150.92,1676941267,9.70795989,0.000219822
1.67694E+18,2,7,-143.08,1676941267,9.708109856,0.000149965
1.67694E+18,-4,6,-145.04,1676941267,9.756180048,0.048070192
1.67694E+18,-3,9,-148.96,1676941267,9.756609917,0.000429869
1.67694E+18,-3,11,-141.12,1676941267,9.756880045,0.000270128
1.67694E+18,-6,11,-141.12,1676941267,9.757129908,0.000249863
1.67694E+18,-4,14,-147,1676941267,9.804419994,0.047290087
1.67694E+18,-2,15,-141.12,1676941267,9.804800034,0.000380039
1.67694E+18,-4,15,-147,1676941267,9.805249929,0.000449896
1.67694E+18,-1,17,-139.16,1676941267,9.805599928,0.000349998
1.67694E+18,5,21,-141.12,1676941267,9.852479935,0.046880007
1.67694E+18,2,23,-145.04,1676941267,9.85284996,0.000370026
1.67694E+18,-8,20,-139.16,1676941267,9.853100061,0.000250101
1.67694E+18,-12,18,-143.08,1676941267,9.853349924,0.000249863
1.67694E+18,-6,22,-141.12,1676941267,9.853579998,0.000230074
1.67694E+18,-8,19,-139.16,1676941267,9.853950024,0.000370026
1.67694E+18,-6,18,-139.16,1676941267,9.902449846,0.048499823
1.67694E+18,-8,15,-141.12,1676941267,9.902859926,0.00041008
1.67694E+18,-4,17,-143.08,1676941267,9.90316987,0.000309944
1.67694E+18,-7,13,-139.16,1676941267,9.903409958,0.000240088
1.67694E+18,-5,14,-145.04,1676941267,9.903640032,0.000230074
1.67694E+18,-6,13,-139.16,1676941267,9.951200008,0.047559977
1.67694E+18,0,17,-139.16,1676941267,9.951580048,0.000380039
1.67694E+18,19,41,-101.92,1676941267,9.95182991,0.000249863
1.67694E+18,55,52,-54.88,1676941267,9.952110052,0.000280142
1.67694E+18,100,13,19.6,1676941267,9.999939919,0.047829866
1.67694E+18,139,3,105.84,1676941267,10.00035,0.00041008
1.67694E+18,138,31,172.48,1676941267,10.00061989,0.00026989
1.67694E+18,141,36,250.88,1676941267,10.00096989,0.000349998
1.67694E+18,127,30,290.08,1676941267,10.04816985,0.047199965
1.67694E+18,102,17,333.2,1676941267,10.04859996,0.000430107
1.67694E+18,66,-13,352.8,1676941267,10.04889989,0.000299931
1.67694E+18,45,-45,372.4,1676941267,10.04917002,0.000270128
1.67694E+18,51,-74,384.16,1676941267,10.09748006,0.048310041
1.67694E+18,85,-101,421.4,1676941267,10.09785986,0.000379801
1.67694E+18,137,-131,458.64,1676941267,10.09814,0.000280142
1.67694E+18,198,-165,501.76,1676941267,10.09856987,0.000429869
1.67694E+18,254,-192,542.92,1676941267,10.09888005,0.000310183
1.67694E+18,301,-210,560.56,1676941267,10.09925985,0.000379801
1.67694E+18,333,-222,580.16,1676941267,10.1461699,0.046910048
1.67694E+18,361,-230,595.84,1676941267,10.14653993,0.000370026
1.67694E+18,379,-219,601.72,1676941267,10.14682984,0.000289917
1.67694E+18,377,-192,603.68,1676941267,10.14710999,0.000280142
1.67694E+18,371,-145,609.56,1676941267,10.14736986,0.000259876
1.67694E+18,362,-93,607.6,1676941267,10.14762998,0.000260115
1.67694E+18,356,-44,615.44,1676941267,10.19493008,0.0473001
1.67694E+18,371,-11,625.24,1676941267,10.19529986,0.000369787
1.67694E+18,369,15,629.16,1676941267,10.19560003,0.000300169
1.67694E+18,347,35,633.08,1676941267,10.19586992,0.00026989
1.67694E+18,326,69,617.4,1676941267,10.24370003,0.047830105
1.67694E+18,295,97,601.72,1676941267,10.24407005,0.000370026
1.67694E+18,286,125,588,1676941267,10.24435997,0.000289917
1.67694E+18,282,147,580.16,1676941267,10.24462986,0.00026989
1.67694E+18,295,178,570.36,1676941268,10.29191995,0.047290087
1.67694E+18,303,207,564.48,1676941268,10.29227996,0.000360012
1.67694E+18,313,258,550.76,1676941268,10.29254007,0.000260115
1.67694E+18,321,275,544.88,1676941268,10.29281998,0.000279903
1.67694E+18,346,305,529.2,1676941268,10.34129,0.04847002
1.67694E+18,365,319,539,1676941268,10.34168005,0.000390053
1.67694E+18,375,333,539,1676941268,10.34197998,0.000299931
1.67694E+18,373,352,527.24,1676941268,10.34232998,0.000349998
1.67694E+18,370,374,525.28,1676941268,10.34259987,0.00026989
1.67694E+18,357,396,519.4,1676941268,10.34284997,0.000250101
1.67694E+18,349,424,511.56,1676941268,10.38995004,0.047100067
1.67694E+18,342,456,509.6,1676941268,10.39033008,0.000380039
1.67694E+18,331,485,497.84,1676941268,10.39063001,0.000299931
1.67694E+18,327,513,497.84,1676941268,10.39090991,0.000279903
1.67694E+18,323,544,486.08,1676941268,10.39122987,0.000319958
1.67694E+18,321,572,484.12,1676941268,10.43871999,0.04749012
1.67694E+18,329,602,478.24,1676941268,10.43911004,0.000390053
1.67694E+18,336,633,466.48,1676941268,10.43940997,0.000299931
1.67694E+18,347,663,464.52,1676941268,10.43969989,0.000289917
1.67694E+18,350,691,454.72,1676941268,10.48741984,0.047719955
1.67694E+18,364,722,444.92,1676941268,10.48779988,0.000380039
1.67694E+18,370,748,439.04,1676941268,10.48825002,0.000450134
1.67694E+18,381,777,431.2,1676941268,10.48872995,0.000479937
1.67694E+18,384,805,411.6,1676941268,10.53576994,0.047039986
1.67694E+18,386,827,403.76,1676941268,10.53620005,0.000430107
1.67694E+18,387,875,364.56,1676941268,10.53645992,0.000259876
1.67694E+18,383,895,339.08,1676941268,10.53673005,0.000270128
1.67694E+18,375,913,321.44,1676941268,10.58487988,0.048149824
1.67694E+18,373,937,299.88,1676941268,10.58534002,0.000460148
1.67694E+18,367,958,272.44,1676941268,10.58592987,0.000589848
1.67694E+18,358,975,243.04,1676941268,10.58625984,0.000329971
1.67694E+18,351,988,215.6,1676941268,10.58651996,0.000260115
1.67694E+18,337,997,174.44,1676941268,10.58678007,0.000260115
1.67694E+18,327,999,139.16,1676941268,10.63356996,0.046789885
1.67694E+18,314,985,105.84,1676941268,10.63398004,0.00041008
1.67694E+18,294,955,90.16,1676941268,10.63421988,0.000239849
1.67694E+18,260,904,76.44,1676941268,10.63467002,0.000450134
1.67694E+18,79,265,-47.04,1676941268,10.63494992,0.000279903
1.67694E+18,64,194,-52.92,1676941268,10.68229008,0.047340155
1.67694E+18,45,131,-66.64,1676941268,10.68270993,0.000419855
1.67694E+18,32,80,-80.36,1676941268,10.68824005,0.005530119
1.67694E+18,20,39,-90.16,1676941268,10.68904996,0.000809908
1.67694E+18,3,3,-105.84,1676941268,10.73105001,0.042000055
1.67694E+18,-5,-15,-115.64,1676941268,10.7314899,0.000439882
1.67694E+18,-16,-21,-123.48,1676941268,10.73190999,0.000420094
1.67694E+18,-13,-12,-131.32,1676941268,10.73218989,0.000279903
1.67694E+18,8,-22,-129.36,1676941268,10.77933002,0.047140121
1.67694E+18,8,-75,-121.52,1676941268,10.77979994,0.000469923
1.67694E+18,-20,-32,-133.28,1676941268,10.78025985,0.000459909
1.67694E+18,-31,-17,-141.12,1676941268,10.78055,0.000290155
1.67694E+18,-29,-17,-135.24,1676941268,10.82858992,0.048039913
1.67694E+18,-17,-9,-133.28,1676941268,10.82903004,0.000440121
1.67694E+18,-13,-26,-133.28,1676941268,10.82961988,0.000589848
1.67694E+18,-8,-27,-121.52,1676941268,10.82985997,0.000240088
1.67694E+18,-9,-21,-121.52,1676941268,10.83011007,0.000250101
1.67694E+18,-10,-23,-129.36,1676941268,10.83053994,0.000429869
1.67694E+18,-14,-26,-127.4,1676941268,10.87734008,0.046800137
1.67694E+18,-23,-29,-125.44,1676941268,10.87776995,0.000429869
1.67694E+18,-28,-27,-127.4,1676941268,10.87801003,0.000240088
1.67694E+18,-30,-23,-131.32,1676941268,10.87842989,0.000419855
1.67694E+18,-22,-26,-123.48,1676941268,10.87908006,0.000650167
1.67694E+18,-21,-23,-129.36,1676941268,10.87934995,0.00026989
1.67694E+18,-26,-23,-131.32,1676941268,10.93639994,0.05704999
1.67694E+18,-26,-19,-133.28,1676941268,10.93684006,0.000440121
1.67694E+18,-28,-20,-131.32,1676941268,10.94244003,0.005599976
1.67694E+18,-22,-18,-137.2,1676941268,10.94284987,0.000409842
1.67694E+18,-18,-16,-133.28,1676941268,10.98515987,0.042309999
1.67694E+18,-19,-15,-133.28,1676941268,10.98561001,0.000450134
1.67694E+18,-20,-14,-137.2,1676941268,11.00186992,0.016259909
1.67694E+18,-16,-12,-137.2,1676941268,11.00218987,0.000319958
1.67694E+18,-15,-11,-143.08,1676941268,11.01803994,0.015850067
1.67694E+18,-13,-10,-141.12,1676941268,11.01845002,0.00041008
1.67694E+18,-13,-8,-147,1676941268,11.01902986,0.000579834
1.67694E+18,-11,-6,-145.04,1676941268,11.02890992,0.009880066
1.67694E+18,-7,-1,-150.92,1676941268,11.02959991,0.000689983
1.67694E+18,-8,-3,-147,1676941268,11.02991986,0.000319958
1.67694E+18,-3,-1,-150.92,1676941268,11.03045988,0.000540018
1.67694E+18,-4,-3,-147,1676941268,11.07240987,0.041949987
1.67694E+18,1,-1,-152.88,1676941268,11.07289004,0.000480175
1.67694E+18,0,-2,-148.96,1676941268,11.12119985,0.048309803
1.67694E+18,6,2,-150.92,1676941268,11.12174988,0.000550032
1.67694E+18,5,1,-145.04,1676941268,11.12217999,0.000430107
1.67694E+18,6,5,-150.92,1676941268,11.12254,0.000360012
1.67694E+18,3,6,-143.08,1676941268,11.12289,0.000349998
1.67694E+18,2,9,-143.08,1676941268,11.12326002,0.000370026
1.67694E+18,0,14,-148.96,1676941268,11.17083001,0.04756999
1.67694E+18,-2,14,-141.12,1676941268,11.1714499,0.000619888
1.67694E+18,-3,18,-148.96,1676941268,11.17184997,0.000400066
1.67694E+18,-4,18,-145.04,1676941268,11.17223001,0.000380039
1.67694E+18,1,24,-143.08,1676941268,11.21924996,0.047019958
1.67694E+18,16,41,-148.96,1676941268,11.22070003,0.001450062
1.67694E+18,6,39,-150.92,1676941268,11.22122002,0.000519991
1.67694E+18,-8,31,-143.08,1676941268,11.22162986,0.000409842
1.67694E+18,-9,35,-145.04,1676941268,11.26694989,0.045320034
1.67694E+18,-4,36,-143.08,1676941268,11.26749992,0.000550032
1.67694E+18,-5,35,-145.04,1676941268,11.26793003,0.000430107
1.67694E+18,-2,33,-139.16,1676941268,11.26833987,0.000409842
1.67694E+18,-2,29,-139.16,1676941269,11.31624985,0.047909975
1.67694E+18,-7,25,-143.08,1676941269,11.31671,0.000460148
1.67694E+18,-5,24,-141.12,1676941269,11.31725001,0.000540018
1.67694E+18,-6,32,-129.36,1676941269,11.31763005,0.000380039
1.67694E+18,25,53,-78.4,1676941269,11.31801987,0.000389814
1.67694E+18,59,13,17.64,1676941269,11.31839991,0.000380039
1.67694E+18,155,-70,192.08,1676941269,11.36505985,0.046659946
1.67694E+18,235,-29,372.4,1676941269,11.36562991,0.000570059
1.67694E+18,279,-20,497.84,1676941269,11.36606002,0.000430107
1.67694E+18,245,7,539,1676941269,11.36645007,0.000390053
1.67694E+18,95,-26,503.72,1676941269,11.36681986,0.000369787
1.67694E+18,37,-52,482.16,1676941269,11.41370988,0.04689002
1.67694E+18,18,-83,486.08,1676941269,11.4142499,0.000540018
1.67694E+18,46,-106,493.92,1676941269,11.41460991,0.000360012
1.67694E+18,97,-131,519.4,1676941269,11.41526985,0.000659943
1.67694E+18,151,-157,539,1676941269,11.46254992,0.047280073
1.67694E+18,192,-177,548.8,1676941269,11.46308994,0.000540018
1.67694E+18,223,-189,535.08,1676941269,11.46348,0.000390053
1.67694E+18,240,-200,537.04,1676941269,11.46381998,0.000339985
1.67694E+18,256,-205,533.12,1676941269,11.51086998,0.047049999
1.67694E+18,278,-201,535.08,1676941269,11.51121998,0.000349998
1.67694E+18,296,-190,533.12,1676941269,11.51144004,0.00022006
1.67694E+18,309,-176,548.8,1676941269,11.51164985,0.000209808
1.67694E+18,318,-146,558.6,1676941269,11.5597899,0.048140049
1.67694E+18,321,-99,566.44,1676941269,11.56071997,0.000930071
1.67694E+18,315,-61,570.36,1676941269,11.56115985,0.000439882
1.67694E+18,311,-37,589.96,1676941269,11.56141996,0.000260115
1.67694E+18,318,-25,597.8,1676941269,11.57736993,0.015949965
1.67694E+18,319,-16,609.56,1676941269,11.57770991,0.000339985
1.67694E+18,309,7,611.52,1676941269,11.60856986,0.030859947
1.67694E+18,291,28,601.72,1676941269,11.60881996,0.000250101
1.67694E+18,267,67,591.92,1676941269,11.61966991,0.010849953
1.67694E+18,267,100,588,1676941269,11.62099004,0.001320124
1.67694E+18,295,151,593.88,1676941269,11.62138987,0.000399828
1.67694E+18,312,175,601.72,1676941269,11.65726995,0.035880089
1.67694E+18,326,204,591.92,1676941269,11.67308998,0.015820026
1.67694E+18,328,229,591.92,1676941269,11.67333007,0.000240088
1.67694E+18,326,248,586.04,1676941269,11.69946003,0.026129961
1.67694E+18,331,267,574.28,1676941269,11.70518994,0.005729914
1.67694E+18,353,292,560.56,1676941269,11.71082997,0.00564003
1.67694E+18,361,304,556.64,1676941269,11.71104002,0.000210047
1.67694E+18,366,322,550.76,1676941269,11.727,0.015959978
1.67694E+18,359,339,535.08,1676941269,11.7544899,0.027489901
1.67694E+18,358,363,521.36,1676941269,11.75513005,0.000640154
1.67694E+18,351,383,509.6,1676941269,11.75562,0.00048995
1.67694E+18,349,407,505.68,1676941269,11.75604987,0.000429869
1.67694E+18,348,436,495.88,1676941269,11.80375004,0.047700167
1.67694E+18,344,466,482.16,1676941269,11.80426002,0.000509977
1.67694E+18,339,493,478.24,1676941269,11.80440998,0.000149965
1.67694E+18,337,521,472.36,1676941269,11.8048799,0.000469923
1.67694E+18,343,553,462.56,1676941269,11.81621003,0.011330128
1.67694E+18,345,583,452.76,1676941269,11.81669998,0.00048995
1.67694E+18,347,614,446.88,1676941269,11.8522799,0.03557992
1.67694E+18,355,650,439.04,1676941269,11.85274005,0.000460148
1.67694E+18,357,684,419.44,1676941269,11.85807991,0.005339861
1.67694E+18,359,715,411.6,1676941269,11.85836005,0.000280142
1.67694E+18,365,746,403.76,1676941269,11.86399984,0.005639791
1.67694E+18,372,779,392,1676941269,11.86437988,0.000380039
1.67694E+18,381,811,380.24,1676941269,11.90157986,0.037199974
1.67694E+18,391,845,370.44,1676941269,11.90190005,0.000320196
1.67694E+18,399,881,348.88,1676941269,11.90239,0.00048995
1.67694E+18,406,913,333.2,1676941269,11.90252995,0.000139952
1.67694E+18,409,941,315.56,1676941269,11.95042992,0.047899961
1.67694E+18,411,966,297.92,1676941269,11.95091987,0.00048995
1.67694E+18,415,992,268.52,1676941269,11.95126987,0.000349998
1.67694E+18,406,1010,229.32,1676941269,11.95144987,0.000180006
1.67694E+18,395,1020,194.04,1676941269,11.99804997,0.046600103
1.67694E+18,381,1019,158.76,1676941269,12.00888991,0.010839939
1.67694E+18,363,1005,137.2,1676941269,12.00927997,0.000390053
1.67694E+18,332,971,113.68,1676941269,12.00944996,0.000169992
1.67694E+18,298,920,101.92,1676941269,12.04729986,0.037849903
1.67694E+18,261,867,82.32,1676941269,12.05306005,0.005760193
1.67694E+18,224,804,66.64,1676941269,12.05333996,0.000279903
1.67694E+18,205,731,50.96,1676941269,12.05349994,0.000159979
1.67694E+18,189,643,45.08,1676941269,12.05379987,0.000299931
1.67694E+18,174,556,29.4,1676941269,12.09601998,0.042220116
1.67694E+18,159,471,19.6,1676941269,12.09639001,0.000370026
1.67694E+18,133,393,0,1676941269,12.09689999,0.000509977
1.67694E+18,112,323,-23.52,1676941269,12.09731007,0.00041008
1.67694E+18,91,258,-37.24,1676941269,12.09763002,0.000319958
1.67694E+18,54,141,-64.68,1676941269,12.09796,0.000329971
1.67694E+18,35,87,-74.48,1676941269,12.1556499,0.057689905
1.67694E+18,16,39,-92.12,1676941269,12.15596986,0.000319958
1.67694E+18,1,-2,-99.96,1676941269,12.16123986,0.005270004
1.67694E+18,-13,-27,-115.64,1676941269,12.16179991,0.000560045
1.67694E+18,-21,-26,-119.56,1676941269,12.20877004,0.046970129
1.67694E+18,-14,-15,-131.32,1676941269,12.20922995,0.000459909
1.67694E+18,12,-96,-113.68,1676941269,12.22023988,0.011009932
1.67694E+18,-17,-59,-131.32,1676941269,12.22045994,0.00022006
1.67694E+18,-31,-19,-135.24,1676941269,12.24180984,0.021349907
1.67694E+18,-45,-23,-135.24,1676941269,12.24230003,0.000490189
1.67694E+18,-22,-9,-133.28,1676941269,12.24266005,0.000360012
1.67694E+18,-14,-21,-119.56,1676941269,12.24285984,0.000199795
1.67694E+18,-9,-26,-123.48,1676941270,12.29108,0.048220158
1.67694E+18,-9,-19,-121.52,1676941270,12.29153991,0.000459909
1.67694E+18,-10,-18,-119.56,1676941270,12.29216003,0.000620127
1.67694E+18,-11,-21,-125.44,1676941270,12.29234004,0.000180006
1.67694E+18,-19,-25,-119.56,1676941270,12.29257989,0.000239849
1.67694E+18,-22,-22,-127.4,1676941270,12.29303002,0.000450134
1.67694E+18,-21,-17,-125.44,1676941270,12.33977985,0.04674983
1.67694E+18,-23,-17,-127.4,1676941270,12.34051991,0.000740051
1.67694E+18,-15,-17,-129.36,1676941270,12.34609008,0.005570173
1.67694E+18,-16,-18,-127.4,1676941270,12.34634995,0.000259876
1.67694E+18,-18,-16,-131.32,1676941270,12.34656,0.000210047
1.67694E+18,-14,-11,-137.2,1676941270,12.38857007,0.042010069
1.67694E+18,-18,-11,-135.24,1676941270,12.39422989,0.005659819
1.67694E+18,-15,-8,-141.12,1676941270,12.40502,0.01079011
1.67694E+18,-13,-5,-139.16,1676941270,12.40546989,0.000449896
1.67694E+18,-15,-6,-143.08,1676941270,12.43755007,0.032080173
1.67694E+18,-16,-6,-139.16,1676941270,12.43811989,0.00056982
1.67694E+18,-12,-2,-148.96,1676941270,12.43861985,0.000499964
1.67694E+18,-11,-1,-145.04,1676941270,12.43906999,0.000450134
1.67694E+18,-10,2,-147,1676941270,12.48581004,0.046740055
1.67694E+18,-4,5,-145.04,1676941270,12.48628998,0.000479937
1.67694E+18,-4,6,-150.92,1676941270,12.48663998,0.000349998
1.67694E+18,-3,5,-143.08,1676941270,12.48701,0.000370026
1.67694E+18,1,8,-145.04,1676941270,12.53512001,0.048110008
1.67694E+18,2,4,-148.96,1676941270,12.53557992,0.000459909
1.67694E+18,1,5,-145.04,1676941270,12.53596997,0.000390053
1.67694E+18,1,7,-148.96,1676941270,12.53629994,0.000329971
1.67694E+18,-4,5,-147,1676941270,12.53662992,0.000329971
1.67694E+18,2,5,-145.04,1676941270,12.53692007,0.000290155
1.67694E+18,0,3,-148.96,1676941270,12.58358002,0.046659946
1.67694E+18,2,6,-139.16,1676941270,12.58389997,0.000319958
1.67694E+18,5,-2,-137.2,1676941270,12.58416986,0.00026989
1.67694E+18,3,-14,-127.4,1676941270,12.58428001,0.000110149
1.67694E+18,-7,8,-131.32,1676941270,12.59504986,0.010769844
1.67694E+18,-10,7,-127.4,1676941270,12.63231993,0.037270069
1.67694E+18,-6,9,-131.32,1676941270,12.63276005,0.000440121
1.67694E+18,-6,3,-119.56,1676941270,12.63286996,0.000109911
1.67694E+18,0,-2,-113.68,1676941270,12.63297987,0.000109911
1.67694E+18,4,-7,-109.76,1676941270,12.68109989,0.048120022
1.67694E+18,2,-21,-98,1676941270,12.68149996,0.000400066
1.67694E+18,3,-37,-78.4,1676941270,12.68173003,0.000230074
1.67694E+18,7,-51,-62.72,1676941270,12.69255996,0.010829926
1.67694E+18,12,-75,-33.32,1676941270,12.72930002,0.036740065
1.67694E+18,24,-115,27.44,1676941270,12.72984004,0.000540018
1.67694E+18,60,-103,94.08,1676941270,12.73017001,0.000329971
1.67694E+18,91,-50,141.12,1676941270,12.73030996,0.000139952
1.67694E+18,121,-10,162.68,1676941270,12.78371,0.05340004
1.67694E+18,114,22,168.56,1676941270,12.78402996,0.000319958
1.67694E+18,84,11,166.6,1676941270,12.82729006,0.043260098
1.67694E+18,57,-31,168.56,1676941270,12.82766986,0.000379801
1.67694E+18,31,-81,168.56,1676941270,12.82779002,0.000120163
1.67694E+18,26,-111,186.2,1676941270,12.82788992,9.98974E-05
1.67694E+18,44,-118,205.8,1676941270,12.83838987,0.010499954
1.67694E+18,79,-118,248.92,1676941270,12.8391099,0.000720024
1.67694E+18,127,-110,290.08,1676941270,12.92429996,0.085190058
1.67694E+18,169,-103,344.96,1676941270,12.92472005,0.000420094
1.67694E+18,248,-99,437.08,1676941270,12.92498994,0.00026989
1.67694E+18,265,-106,472.36,1676941270,12.92510986,0.000119925
1.67694E+18,275,-112,509.6,1676941270,12.97360992,0.048500061
1.67694E+18,288,-109,539,1676941270,12.97422004,0.000610113
1.67694E+18,296,-96,568.4,1676941270,12.97478986,0.00056982
1.67694E+18,302,-66,584.08,1676941270,12.97514987,0.000360012
1.67694E+18,311,-39,603.68,1676941270,12.97531986,0.000169992
1.67694E+18,342,-26,619.36,1676941270,12.97542,0.000100136
1.67694E+18,360,1,633.08,1676941270,12.9755199,9.98974E-05
1.67694E+18,361,32,629.16,1676941270,12.97562003,0.000100136
1.67694E+18,358,56,625.24,1676941270,13.02184987,0.046229839
1.67694E+18,355,99,609.56,1676941270,13.02224994,0.000400066
1.67694E+18,354,127,595.84,1676941270,13.02249002,0.000240088
1.67694E+18,357,148,586.04,1676941270,13.02258992,9.98974E-05
1.67694E+18,357,170,574.28,1676941270,13.0711,0.048510075
1.67694E+18,352,198,558.6,1676941270,13.07151008,0.00041008
1.67694E+18,340,217,554.68,1676941270,13.11999989,0.048489809
1.67694E+18,343,244,537.04,1676941270,13.12042999,0.000430107
1.67694E+18,361,275,519.4,1676941270,13.12076998,0.000339985
1.67694E+18,370,294,519.4,1676941270,13.12108994,0.000319958
1.67694E+18,372,312,519.4,1676941270,13.12137985,0.000289917
1.67694E+18,374,339,507.64,1676941270,13.16823006,0.046850204
1.67694E+18,371,366,491.96,1676941270,13.16872001,0.00048995
1.67694E+18,363,391,488.04,1676941270,13.16905999,0.000339985
1.67694E+18,354,422,484.12,1676941270,13.16935992,0.000299931
1.67694E+18,345,455,468.44,1676941270,13.21755004,0.048190117
1.67694E+18,335,488,464.52,1676941270,13.21797991,0.000429869
1.67694E+18,335,523,460.6,1676941270,13.21829987,0.000319958
1.67694E+18,337,558,452.76,1676941270,13.21865988,0.000360012
1.67694E+18,346,596,446.88,1676941270,13.21897006,0.000310183
1.67694E+18,356,635,437.08,1676941270,13.21926999,0.000299931
1.67694E+18,369,671,433.16,1676941270,13.26620007,0.046930075
1.67694E+18,384,708,433.16,1676941270,13.26663995,0.000439882
1.67694E+18,396,743,425.32,1676941270,13.26694989,0.000309944
1.67694E+18,406,780,407.68,1676941270,13.26726007,0.000310183
1.67694E+18,412,814,397.88,1676941270,13.26756001,0.000299931
1.67694E+18,418,848,384.16,1676941270,13.26783991,0.000279903
1.67694E+18,425,884,368.48,1676941271,13.31513,0.047290087
1.67694E+18,429,918,348.88,1676941271,13.31555986,0.000429869
1.67694E+18,432,951,331.24,1676941271,13.31588006,0.000320196
1.67694E+18,431,981,309.68,1676941271,13.31619,0.000309944
1.67694E+18,429,1007,292.04,1676941271,13.36373997,0.047549963
1.67694E+18,427,1034,268.52,1676941271,13.36416006,0.000420094
1.67694E+18,420,1056,246.96,1676941271,13.36447001,0.000309944
1.67694E+18,412,1076,225.4,1676941271,13.36477995,0.000309944
1.67694E+18,408,1094,201.88,1676941271,13.4119699,0.047189951
1.67694E+18,416,1106,180.32,1676941271,13.41240001,0.000430107
1.67694E+18,386,1088,145.04,1676941271,13.41271996,0.000319958
1.67694E+18,350,1040,127.4,1676941271,13.41300988,0.000289917
1.67694E+18,311,979,101.92,1676941271,13.46124005,0.048230171
1.67694E+18,267,908,84.28,1676941271,13.46165991,0.000419855
1.67694E+18,228,824,64.68,1676941271,13.46196985,0.000309944
1.67694E+18,202,721,52.92,1676941271,13.46227002,0.000300169
1.67694E+18,175,612,29.4,1676941271,13.46254992,0.000279903
1.67694E+18,151,504,11.76,1676941271,13.51001,0.047460079
1.67694E+18,120,403,-5.88,1676941271,13.51042986,0.000419855
1.67694E+18,85,308,-23.52,1676941271,13.51076984,0.000339985
1.67694E+18,61,225,-41.16,1676941271,13.51109004,0.000320196
1.67694E+18,35,155,-62.72,1676941271,13.51137996,0.000289917
1.67694E+18,18,94,-84.28,1676941271,13.51166987,0.000289917
1.67694E+18,-2,37,-96.04,1676941271,13.55872989,0.047060013
1.67694E+18,-19,-10,-105.84,1676941271,13.55915999,0.000430107
1.67694E+18,-25,-32,-113.68,1676941271,13.55946994,0.000309944
1.67694E+18,-22,-27,-119.56,1676941271,13.55976987,0.000299931
1.67694E+18,-15,-16,-131.32,1676941271,13.61767006,0.05790019
1.67694E+18,-38,-95,-125.44,1676941271,13.61799002,0.000319958
1.67694E+18,-24,-48,-133.28,1676941271,13.61857986,0.000589848
1.67694E+18,-6,-7,-129.36,1676941271,13.61879992,0.00022006
1.67694E+18,-6,-3,-133.28,1676941271,13.65561986,0.036819935
1.67694E+18,-10,-11,-125.44,1676941271,13.65597987,0.000360012
1.67694E+18,-8,-7,-125.44,1676941271,13.65637994,0.000400066
1.67694E+18,-5,-11,-127.4,1676941271,13.65648985,0.000109911
1.67694E+18,-10,-24,-129.36,1676941271,13.70492005,0.048430204
1.67694E+18,-7,-17,-125.44,1676941271,13.70547986,0.000559807
1.67694E+18,-8,-16,-127.4,1676941271,13.70586991,0.000390053
1.67694E+18,-10,-18,-133.28,1676941271,13.70598006,0.000110149
1.67694E+18,-9,-16,-127.4,1676941271,13.71665001,0.010669947
1.67694E+18,-8,-16,-135.24,1676941271,13.71701002,0.000360012
1.67694E+18,-10,-17,-129.36,1676941271,13.75357985,0.036569834
1.67694E+18,-11,-14,-137.2,1676941271,13.75401998,0.000440121
1.67694E+18,-12,-14,-137.2,1676941271,13.75417995,0.000159979
1.67694E+18,-15,-13,-137.2,1676941271,13.75427985,9.98974E-05
1.67694E+18,-12,-11,-133.28,1676941271,13.75437999,0.000100136
1.67694E+18,-14,-8,-141.12,1676941271,13.80197001,0.047590017
1.67694E+18,-18,-9,-139.16,1676941271,13.80237985,0.000409842
1.67694E+18,-14,-6,-137.2,1676941271,13.80250001,0.000120163
1.67694E+18,-19,-8,-143.08,1676941271,13.80259991,9.98974E-05
1.67694E+18,-19,-5,-141.12,1676941271,13.85109997,0.048500061
1.67694E+18,-22,-4,-145.04,1676941271,13.85671997,0.005620003
1.67694E+18,-18,-3,-141.12,1676941271,13.85716987,0.000449896
1.67694E+18,-19,-3,-147,1676941271,13.85757995,0.00041008
1.67694E+18,-15,-1,-148.96,1676941271,13.89929986,0.041719913
1.67694E+18,-19,-1,-150.92,1676941271,13.89981008,0.000510216
1.67694E+18,-15,-1,-145.04,1676941271,13.90111995,0.001309872
1.67694E+18,-15,0,-147,1676941271,13.90137005,0.000250101
1.67694E+18,-11,3,-148.96,1676941271,13.9488399,0.047469854
1.67694E+18,-13,1,-152.88,1676941271,13.94932008,0.000480175
1.67694E+18,-10,2,-147,1676941271,13.94967985,0.000359774
1.67694E+18,-10,2,-154.84,1676941271,13.95070004,0.001020193
1.67694E+18,-11,1,-152.88,1676941271,13.95108986,0.000389814
1.67694E+18,-7,3,-148.96,1676941271,13.95139003,0.000300169
1.67694E+18,-5,5,-156.8,1676941271,13.99729991,0.045909882
1.67694E+18,-3,4,-152.88,1676941271,13.99773002,0.000430107
1.67694E+18,-3,0,-150.92,1676941271,13.99784994,0.000119925
1.67694E+18,2,3,-147,1676941271,13.99795008,0.000100136
1.67694E+18,5,16,-148.96,1676941271,13.99804997,9.98974E-05
1.67694E+18,0,16,-147,1676941271,14.09483004,0.096780062
1.67694E+18,7,19,-139.16,1676941271,14.09529996,0.000469923
1.67694E+18,7,24,-145.04,1676941271,14.0954299,0.000129938
1.67694E+18,5,29,-145.04,1676941271,14.09554005,0.000110149
1.67694E+18,-2,28,-141.12,1676941271,14.14355993,0.048019886
1.67694E+18,-4,25,-147,1676941271,14.14404988,0.00048995
1.67694E+18,-7,16,-145.04,1676941271,14.14439988,0.000349998
1.67694E+18,-1,16,-141.12,1676941271,14.14451003,0.000110149
1.67694E+18,-1,14,-139.16,1676941271,14.14460993,9.98974E-05
1.67694E+18,1,15,-143.08,1676941271,14.14473987,0.000129938
1.67694E+18,1,12,-137.2,1676941271,14.19236994,0.047630072
1.67694E+18,-3,7,-141.12,1676941271,14.19289994,0.000530005
1.67694E+18,-4,9,-139.16,1676941271,14.19314003,0.000240088
1.67694E+18,-2,19,-139.16,1676941271,14.19323993,9.98974E-05
1.67694E+18,40,-5,-80.36,1676941271,14.24108005,0.047840118
1.67694E+18,81,-44,5.88,1676941271,14.24150991,0.000429869
1.67694E+18,153,-31,131.32,1676941271,14.24163008,0.000120163
1.67694E+18,215,19,237.16,1676941271,14.24172997,9.98974E-05
1.67694E+18,243,56,344.96,1676941272,14.28929996,0.04756999
1.67694E+18,195,66,388.08,1676941272,14.28982997,0.000530005
1.67694E+18,111,33,395.92,1676941272,14.29021001,0.000380039
1.67694E+18,27,-20,372.4,1676941272,14.29069996,0.00048995
1.67694E+18,82,-180,454.72,1676941272,14.29111004,0.00041008
1.67694E+18,161,-210,511.56,1676941272,14.29126,0.000149965
1.67694E+18,224,-239,550.76,1676941272,14.33861995,0.047359943
1.67694E+18,261,-262,578.2,1676941272,14.33923006,0.000610113
1.67694E+18,283,-276,589.96,1676941272,14.33941984,0.000189781
1.67694E+18,295,-287,599.76,1676941272,14.33952999,0.000110149
1.67694E+18,307,-293,621.32,1676941272,14.33962989,9.98974E-05
1.67694E+18,323,-269,633.08,1676941272,14.33973002,0.000100136
1.67694E+18,335,-221,631.12,1676941272,14.38747001,0.047739983
1.67694E+18,339,-164,640.92,1676941272,14.38790989,0.000439882
1.67694E+18,346,-113,644.84,1676941272,14.38822985,0.000319958
1.67694E+18,347,-76,640.92,1676941272,14.38858986,0.000360012
1.67694E+18,354,-54,638.96,1676941272,14.38891006,0.000320196
1.67694E+18,349,-29,635.04,1676941272,14.4361999,0.047289848
1.67694E+18,329,-8,623.28,1676941272,14.43664002,0.000440121
1.67694E+18,314,14,611.52,1676941272,14.43697,0.000329971
1.67694E+18,298,49,593.88,1676941272,14.43727994,0.000309944
1.67694E+18,286,69,582.12,1676941272,14.48491001,0.047630072
1.67694E+18,285,95,580.16,1676941272,14.48549986,0.000589848
1.67694E+18,292,125,576.24,1676941272,14.48600006,0.000500202
1.67694E+18,301,155,570.36,1676941272,14.48614001,0.000139952
1.67694E+18,305,183,566.44,1676941272,14.53307986,0.04693985
1.67694E+18,308,211,564.48,1676941272,14.53354001,0.000460148
1.67694E+18,307,228,566.44,1676941272,14.53404999,0.000509977
1.67694E+18,312,247,560.56,1676941272,14.5343399,0.000289917
1.67694E+18,337,273,552.72,1676941272,14.58232999,0.047990084
1.67694E+18,360,295,554.68,1676941272,14.58274007,0.00041008
1.67694E+18,371,315,552.72,1676941272,14.58284998,0.000109911
1.67694E+18,377,340,537.04,1676941272,14.58294988,9.98974E-05
1.67694E+18,379,363,523.32,1676941272,14.59346986,0.010519981
1.67694E+18,375,383,519.4,1676941272,14.5940299,0.000560045
1.67694E+18,374,404,513.52,1676941272,14.63107991,0.037050009
1.67694E+18,372,431,503.72,1676941272,14.63143992,0.000360012
1.67694E+18,361,453,497.84,1676941272,14.63173985,0.000299931
1.67694E+18,357,481,491.96,1676941272,14.63195992,0.00022006
1.67694E+18,358,516,482.16,1676941272,14.63206005,0.000100136
1.67694E+18,357,548,470.4,1676941272,14.63215995,9.98974E-05
1.67694E+18,361,581,462.56,1676941272,14.69051003,0.058350086
1.67694E+18,365,612,458.64,1676941272,14.69111991,0.000609875
1.67694E+18,372,645,448.84,1676941272,14.69132996,0.000210047
1.67694E+18,377,678,441,1676941272,14.69143987,0.000109911
1.67694E+18,382,712,429.24,1676941272,14.73888993,0.047450066
1.67694E+18,389,749,415.52,1676941272,14.73942995,0.000540018
1.67694E+18,392,787,395.92,1676941272,14.73973989,0.000309944
1.67694E+18,394,824,370.44,1676941272,14.73987007,0.000130177
1.67694E+18,397,857,348.88,1676941272,14.7769599,0.037089825
1.67694E+18,400,889,327.32,1676941272,14.78258991,0.005630016
1.67694E+18,416,950,284.2,1676941272,14.78291988,0.000329971
1.67694E+18,421,975,258.72,1676941272,14.78323007,0.000310183
1.67694E+18,417,994,227.36,1676941272,14.87484002,0.091609955
1.67694E+18,411,1007,197.96,1676941272,14.88565993,0.010819912
1.67694E+18,410,1005,168.56,1676941272,14.88609004,0.000430107
1.67694E+18,393,982,148.96,1676941272,14.88655996,0.000469923
1.67694E+18,355,932,131.32,1676941272,14.88683987,0.000279903
1.67694E+18,314,866,105.84,1676941272,14.92361999,0.036780119
1.67694E+18,263,790,84.28,1676941272,14.92411995,0.000499964
1.67694E+18,222,704,56.84,1676941272,14.92447996,0.000360012
1.67694E+18,190,602,41.16,1676941272,14.92488003,0.000400066
1.67694E+18,165,504,11.76,1676941272,14.92514992,0.00026989
1.67694E+18,133,404,0,1676941272,14.92552996,0.000380039
1.67694E+18,99,317,-17.64,1676941272,14.98266006,0.057130098
1.67694E+18,67,241,-41.16,1676941272,14.98312998,0.000469923
1.67694E+18,43,173,-56.84,1676941272,14.98356986,0.000439882
1.67694E+18,17,112,-76.44,1676941272,14.98388004,0.000310183
1.67694E+18,2,60,-92.12,1676941272,15.03140998,0.047529936
1.67694E+18,-15,11,-101.92,1676941272,15.03183985,0.000429869
1.67694E+18,-24,-21,-109.76,1676941272,15.03228998,0.000450134
1.67694E+18,-27,-26,-125.44,1676941272,15.03253007,0.000240088
1.67694E+18,-18,-16,-129.36,1676941272,15.06930995,0.036779881
1.67694E+18,-14,-8,-127.4,1676941272,15.06962991,0.000319958
1.67694E+18,-30,-43,-131.32,1676941272,15.06974006,0.000110149
1.67694E+18,-7,-6,-133.28,1676941272,15.06983995,9.98974E-05
1.67694E+18,-5,-3,-131.32,1676941272,15.11859989,0.048759937
1.67694E+18,-12,-15,-127.4,1676941272,15.11903,0.000430107
1.67694E+18,-12,-23,-129.36,1676941272,15.11932993,0.000299931
1.67694E+18,-6,-6,-131.32,1676941272,15.11985993,0.000530005
1.67694E+18,-9,-14,-125.44,1676941272,15.12019992,0.000339985
1.67694E+18,-8,-19,-133.28,1676941272,15.12057996,0.000380039
1.67694E+18,-11,-16,-127.4,1676941272,15.16731,0.046730042
1.67694E+18,-12,-17,-131.32,1676941272,15.16771007,0.000400066
1.67694E+18,-12,-18,-127.4,1676941272,15.16817999,0.000469923
1.67694E+18,-8,-13,-127.4,1676941272,15.16842008,0.000240088
1.67694E+18,-10,-14,-135.24,1676941272,15.16859007,0.000169992
1.67694E+18,-10,-14,-129.36,1676941272,15.21606994,0.047479868
1.67694E+18,-13,-13,-135.24,1676941272,15.22168994,0.005620003
1.67694E+18,-15,-15,-131.32,1676941272,15.22217989,0.00048995
1.67694E+18,-12,-11,-133.28,1676941272,15.22250986,0.000329971
1.67694E+18,-16,-12,-137.2,1676941272,15.26482987,0.042320013
1.67694E+18,-12,-10,-133.28,1676941272,15.27045989,0.005630016
1.67694E+18,-14,-9,-139.16,1676941272,15.27100992,0.000550032
1.67694E+18,-18,-11,-137.2,1676941272,15.27147007,0.000460148
1.67694E+18,-14,-7,-139.16,1676941273,15.31309986,0.041629791
1.67694E+18,-19,-9,-141.12,1676941273,15.31349993,0.000400066
1.67694E+18,-16,-7,-147,1676941273,15.31396985,0.000469923
1.67694E+18,-17,-4,-145.04,1676941273,15.31428003,0.000310183
1.67694E+18,-13,-1,-150.92,1676941273,15.36231995,0.048039913
1.67694E+18,-16,-2,-150.92,1676941273,15.36285996,0.000540018
1.67694E+18,-11,1,-147,1676941273,15.36324,0.000380039
1.67694E+18,-11,0,-152.88,1676941273,15.36366987,0.000429869
1.67694E+18,-11,-1,-150.92,1676941273,15.36408997,0.000420094
1.67694E+18,-8,0,-147,1676941273,15.36440992,0.000319958
1.67694E+18,-5,2,-152.88,1676941273,15.41106987,0.046659946
1.67694E+18,-4,-1,-145.04,1676941273,15.41140985,0.000339985
1.67694E+18,1,1,-145.04,1676941273,15.41183996,0.000430107
1.67694E+18,2,3,-147,1676941273,15.41228986,0.000449896
1.67694E+18,3,0,-147,1676941273,15.41254997,0.000260115
1.67694E+18,8,2,-141.12,1676941273,15.46005988,0.047509909
1.67694E+18,6,4,-145.04,1676941273,15.46052003,0.000460148
1.67694E+18,2,6,-143.08,1676941273,15.46087003,0.000349998
1.67694E+18,3,9,-139.16,1676941273,15.46121001,0.000339985
1.67694E+18,0,12,-145.04,1676941273,15.50882006,0.047610044
1.67694E+18,-4,10,-139.16,1676941273,15.50929999,0.000479937
1.67694E+18,-3,11,-143.08,1676941273,15.50966001,0.000360012
1.67694E+18,-4,9,-139.16,1676941273,15.51068997,0.001029968
1.67694E+18,-4,8,-139.16,1676941276,18.87255001,3.361860037
1.67694E+18,-2,5,-135.24,1676941276,18.87305999,0.000509977
1.67694E+18,4,4,-135.24,1676941276,18.87318993,0.000129938
1.67694E+18,5,0,-133.28,1676941276,18.87330008,0.000110149
1.67694E+18,132,241,99.96,1676941276,18.90488005,0.031579971
1.67694E+18,132,241,99.96,1676941276,18.93102002,0.026139975
1.67694E+18,132,242,96.04,1676941276,18.93141985,0.000399828
1.67694E+18,131,242,94.08,1676941276,18.94226003,0.010840178
1.67694E+18,130,241,94.08,1676941276,18.94260001,0.000339985
1.67694E+18,128,240,98,1676941276,18.97001004,0.02741003
1.67694E+18,128,240,98,1676941276,18.97049999,0.00048995
1.67694E+18,131,241,101.92,1676941276,18.97082996,0.000329971
1.67694E+18,131,243,98,1676941276,18.97112989,0.000299931
1.67694E+18,129,241,96.04,1676941276,19.01884007,0.04771018
1.67694E+18,128,241,98,1676941276,19.01933002,0.00048995
1.67694E+18,131,243,94.08,1676941276,19.01966,0.000329971
1.67694E+18,129,242,98,1676941276,19.01997995,0.000319958
1.67694E+18,128,242,99.96,1676941276,19.06746006,0.047480106
1.67694E+18,132,244,99.96,1676941276,19.06799006,0.000530005
1.67694E+18,129,242,98,1676941276,19.06813002,0.000139952
1.67694E+18,129,242,101.92,1676941276,19.06826997,0.000139952
1.67694E+18,131,242,101.92,1676941276,19.08468986,0.016419888
1.67694E+18,132,245,94.08,1676941276,19.11610985,0.031419992
1.67694E+18,133,245,101.92,1676941276,19.11644006,0.00033021
1.67694E+18,133,246,99.96,1676941276,19.11666989,0.000229836
1.67694E+18,133,246,94.08,1676941276,19.11678004,0.000110149
1.67694E+18,131,246,96.04,1676941276,19.13263988,0.015859842
1.67694E+18,129,245,99.96,1676941276,19.13283992,0.000200033
1.67694E+18,130,245,98,1676941276,19.22398996,0.091150045
1.67694E+18,130,245,99.96,1676941276,19.22466993,0.00067997
1.67694E+18,130,245,99.96,1676941276,19.22501993,0.000349998
1.67694E+18,133,247,101.92,1676941276,19.22512984,0.000109911
1.67694E+18,132,248,94.08,1676941276,19.27269006,0.047560215
1.67694E+18,130,248,96.04,1676941276,19.27289987,0.000209808
1.67694E+18,129,246,99.96,1676941277,19.28430986,0.011409998
1.67694E+18,130,247,101.92,1676941277,19.28473997,0.000430107
1.67694E+18,133,249,99.96,1676941277,19.28490996,0.000169992
1.67694E+18,131,249,94.08,1676941277,19.28500986,9.98974E-05
1.67694E+18,133,249,101.92,1676941277,19.31112003,0.026110172
1.67694E+18,134,250,99.96,1676941277,19.31176996,0.000649929
1.67694E+18,133,252,99.96,1676941277,19.31218004,0.00041008
1.67694E+18,132,251,96.04,1676941277,19.31238008,0.000200033
1.67694E+18,130,250,98,1676941277,19.35984993,0.047469854
1.67694E+18,131,250,101.92,1676941277,19.36016989,0.000319958
1.67694E+18,131,251,98,1676941277,19.37065005,0.010480165
1.67694E+18,130,251,101.92,1676941277,19.37103987,0.000389814
1.67694E+18,130,251,101.92,1676941277,19.37133002,0.000290155
1.67694E+18,131,253,99.96,1676941277,19.37143993,0.000109911
1.67694E+18,131,252,101.92,1676941277,19.40865993,0.037220001
1.67694E+18,131,253,101.92,1676941277,19.40896988,0.000309944
1.67694E+18,136,255,103.88,1676941277,19.40908003,0.000110149
1.67694E+18,135,256,96.04,1676941277,19.41438985,0.00530982
1.67694E+18,135,256,98,1676941277,19.45372987,0.039340019
1.67694E+18,132,255,99.96,1676941277,19.45421004,0.000480175
1.67694E+18,131,254,101.92,1676941277,19.45431995,0.000109911
1.67694E+18,135,256,103.88,1676941277,19.45441985,9.98974E-05
1.67694E+18,134,257,96.04,1676941277,19.45451999,0.000100136
1.67694E+18,132,256,99.96,1676941277,19.50626993,0.051749945
1.67694E+18,132,255,101.92,1676941277,19.50672007,0.000450134
1.67694E+18,136,257,101.92,1676941277,19.50704002,0.000319958
1.67694E+18,134,257,96.04,1676941277,19.50734997,0.000309944
1.67694E+18,134,258,98,1676941277,19.5076499,0.000299931
1.67694E+18,134,258,98,1676941277,19.50794005,0.000290155
1.67694E+18,132,257,101.92,1676941277,19.55500984,0.047069788
1.67694E+18,137,260,103.88,1676941277,19.55542994,0.000420094
1.67694E+18,135,259,98,1676941277,19.55573988,0.000309944
1.67694E+18,133,258,103.88,1676941277,19.55604005,0.000300169
1.67694E+18,138,261,103.88,1676941277,19.60376,0.047719955
1.67694E+18,136,261,99.96,1676941277,19.60427999,0.000519991
1.67694E+18,134,259,103.88,1676941277,19.60460997,0.000329971
1.67694E+18,139,263,103.88,1676941277,19.60489988,0.000289917
1.67694E+18,138,262,101.92,1676941277,19.65200996,0.047110081
1.67694E+18,135,261,107.8,1676941277,19.65243006,0.000420094
1.67694E+18,140,264,105.84,1676941277,19.65275002,0.000319958
1.67694E+18,138,263,105.84,1676941277,19.6533699,0.000619888
1.67694E+18,137,261,111.72,1676941277,19.70128989,0.047919989
1.67694E+18,140,262,113.68,1676941277,19.70172,0.000430107
1.67694E+18,142,265,111.72,1676941277,19.70202994,0.000309944
1.67694E+18,140,264,109.76,1676941277,19.70232987,0.000299931
1.67694E+18,139,262,117.6,1676941277,19.70262003,0.000290155
1.67694E+18,145,267,117.6,1676941277,19.7032299,0.000609875
1.67694E+18,148,269,133.28,1676941277,19.75001001,0.046780109
1.67694E+18,154,276,135.24,1676941277,19.75043988,0.000429869
1.67694E+18,156,281,141.12,1676941277,19.75076985,0.000329971
1.67694E+18,161,286,150.92,1676941277,19.75107002,0.000300169
1.67694E+18,177,299,172.48,1676941277,19.75137997,0.000309944
1.67694E+18,188,307,188.16,1676941277,19.79886007,0.047480106
1.67694E+18,201,315,207.76,1676941277,19.79928994,0.000429869
1.67694E+18,220,325,225.4,1676941277,19.7996099,0.000319958
1.67694E+18,236,333,246.96,1676941277,19.79991984,0.000309944
1.67694E+18,258,342,270.48,1676941277,19.84751987,0.047600031
1.67694E+18,276,352,286.16,1676941277,19.84794998,0.000430107
1.67694E+18,288,357,295.96,1676941277,19.84827995,0.000329971
1.67694E+18,293,362,309.68,1676941277,19.84863997,0.000360012
1.67694E+18,293,365,317.52,1676941277,19.89577985,0.047139883
1.67694E+18,286,365,321.44,1676941277,19.89622998,0.000450134
1.67694E+18,235,347,284.2,1676941277,19.89634991,0.000119925
1.67694E+18,218,336,266.56,1676941277,19.89647985,0.000129938
1.67694E+18,203,323,245,1676941277,19.94892001,0.052440166
1.67694E+18,187,312,215.6,1676941277,19.94940996,0.00048995
1.67694E+18,174,302,184.24,1676941277,19.94954991,0.000139952
1.67694E+18,164,294,145.04,1676941277,19.94966006,0.000110149
1.67694E+18,152,281,103.88,1676941277,19.96549988,0.015839815
1.67694E+18,140,265,66.64,1676941277,19.96580005,0.000300169
1.67694E+18,126,250,25.48,1676941277,19.99378991,0.027989864
1.67694E+18,108,232,-15.68,1676941277,19.99422002,0.000430107
1.67694E+18,85,213,-43.12,1676941277,19.99432993,0.000109911
1.67694E+18,69,201,-70.56,1676941277,19.99443007,0.000100136
1.67694E+18,47,180,-101.92,1676941277,19.99452996,9.98974E-05
1.67694E+18,27,150,-123.48,1676941277,20.04256988,0.048039913
1.67694E+18,11,115,-137.2,1676941277,20.04304004,0.000470161
1.67694E+18,-1,75,-148.96,1676941277,20.04340005,0.000360012
1.67694E+18,-12,28,-158.76,1676941277,20.04370999,0.000309944
1.67694E+18,-15,15,-158.76,1676941277,20.09126997,0.047559977
1.67694E+18,-14,14,-158.76,1676941277,20.09172988,0.000459909
1.67694E+18,-12,14,-154.84,1676941277,20.09208989,0.000360012
1.67694E+18,-9,8,-150.92,1676941277,20.09241986,0.000329971
1.67694E+18,-6,-34,-150.92,1676941277,20.13940001,0.046980143
1.67694E+18,-11,16,-152.88,1676941277,20.13987994,0.000479937
1.67694E+18,-14,16,-147,1676941277,20.13999987,0.000119925
1.67694E+18,-10,14,-143.08,1676941277,20.14011002,0.000110149
