%time,field.mx,field.my,field.fz
1676072638803230900,-24.0,7.0,-188.16
1676072638803246700,-23.0,7.0,-188.16
1676072638803283500,-22.0,8.0,-186.2
1676072638803296500,-24.0,9.0,-194.04
1676072638803313500,-24.0,9.0,-192.07999999999998
1676072638852263900,-21.0,10.0,-197.96
1676072638852295500,-23.0,9.0,-196.0
1676072638852348100,-25.0,8.0,-190.12
1676072638852359500,-20.0,11.0,-197.96
1676072638898076400,-20.0,12.0,-190.12
1676072638898100200,-20.0,11.0,-196.0
1676072638898110300,-21.0,10.0,-197.96
1676072638898128100,-21.0,10.0,-197.96
1676072638948300900,-20.0,11.0,-196.0
1676072638948324300,-21.0,10.0,-197.96
1676072638948358000,-24.0,9.0,-194.04
1676072638948365600,-25.0,8.0,-188.16
1676072638948376300,-23.0,10.0,-196.0
1676072639011481500,-21.0,11.0,-194.04
1676072639011508400,-20.0,11.0,-194.04
1676072639011520100,-20.0,12.0,-192.07999999999998
1676072639011550000,-25.0,9.0,-194.04
1676072639011554200,-21.0,11.0,-197.96
1676072639068031900,-22.0,11.0,-197.96
1676072639068060800,-21.0,11.0,-197.96
1676072639068083800,-22.0,11.0,-196.0
1676072639068119700,-23.0,9.0,-188.16
1676072639068146600,-25.0,9.0,-188.16
1676072639068190200,-25.0,9.0,-192.07999999999998
1676072639068228400,-25.0,8.0,-190.12
1676072639068238500,-24.0,9.0,-188.16
1676072639068313700,-23.0,10.0,-196.0
1676072639112968300,-20.0,11.0,-197.96
1676072639112989100,-24.0,9.0,-192.07999999999998
1676072639113001800,-21.0,11.0,-197.96
1676072639113009800,-22.0,10.0,-196.0
1676072639160526400,-24.0,9.0,-194.04
1676072639160550600,-24.0,9.0,-194.04
1676072639160560700,-24.0,8.0,-190.12
1676072639160570900,-24.0,8.0,-188.16
1676072639160591000,-21.0,10.0,-196.0
1676072639160609300,-20.0,10.0,-188.16
1676072639210318200,-23.0,8.0,-188.16
1676072639269669600,-22.0,8.0,-186.2
1676072639269739200,-20.0,12.0,-192.07999999999998
1676072639269745200,-20.0,10.0,-190.12
1676072639269755100,-22.0,9.0,-196.0
1676072639269760700,-22.0,10.0,-196.0
1676072639269779800,-23.0,9.0,-194.04
1676072639269786200,-24.0,8.0,-194.04
1676072639269837900,-24.0,8.0,-190.12
1676072639269847800,-24.0,8.0,-188.16
1676072639316829100,-20.0,10.0,-196.0
1676072639316847400,-19.0,11.0,-190.12
1676072639316858800,-19.0,11.0,-190.12
1676072639316863900,-19.0,10.0,-194.04
1676072639378589000,-20.0,10.0,-197.96
1676072639378596200,-20.0,10.0,-194.04
1676072639378629500,-20.0,10.0,-196.0
1676072639378679600,-21.0,10.0,-197.96
1676072639425519700,-22.0,9.0,-196.0
1676072639425537100,-24.0,7.0,-188.16
1676072639425552400,-24.0,8.0,-192.07999999999998
1676072639425557300,-22.0,10.0,-194.04
1676072639425565700,-23.0,9.0,-194.04
1676072639470333900,-20.0,12.0,-194.04
1676072639470354700,-19.0,12.0,-190.12
1676072639470379500,-19.0,10.0,-186.2
1676072639470394700,-18.0,12.0,-188.16
1676072639519792100,-19.0,12.0,-192.07999999999998
1676072639519801200,-24.0,9.0,-190.12
1676072639519823600,-23.0,9.0,-192.07999999999998
1676072639519878300,-22.0,10.0,-196.0
1676072639519885000,-24.0,9.0,-188.16
1676072639519972100,-24.0,9.0,-190.12
1676072639579366900,-23.0,9.0,-188.16
1676072639579383200,-25.0,8.0,-188.16
1676072639579387700,-25.0,9.0,-190.12
1676072639579391200,-25.0,9.0,-192.07999999999998
1676072639626681500,-21.0,10.0,-188.16
1676072639626704600,-24.0,8.0,-188.16
1676072639626742700,-25.0,8.0,-190.12
1676072639626776700,-25.0,8.0,-192.07999999999998
1676072639674316700,-24.0,9.0,-192.07999999999998
1676072639674359100,-20.0,10.0,-188.16
1676072639674366600,-25.0,8.0,-190.12
1676072639674370500,-25.0,8.0,-190.12
1676072639674405800,-25.0,8.0,-190.12
1676072639727147900,-22.0,9.0,-197.96
1676072639727195500,-21.0,10.0,-196.0
1676072639727226400,-20.0,11.0,-192.07999999999998
1676072639727231500,-21.0,10.0,-190.12
1676072639727285500,-20.0,10.0,-194.04
1676072639787534500,-21.0,10.0,-197.96
1676072639787558200,-22.0,9.0,-197.96
1676072639787565000,-22.0,10.0,-196.0
1676072639787570200,-22.0,9.0,-196.0
1676072639787574100,-23.0,9.0,-196.0
1676072639847193800,-20.0,11.0,-188.16
1676072639847217500,-23.0,9.0,-194.04
1676072639847231400,-20.0,10.0,-197.96
1676072639847239500,-21.0,10.0,-197.96
1676072639847244800,-22.0,10.0,-196.0
1676072639847249100,-23.0,10.0,-196.0
1676072639847263500,-21.0,10.0,-196.0
1676072639847318100,-21.0,10.0,-196.0
1676072639899941500,-21.0,10.0,-196.0
1676072639899957600,-19.0,12.0,-194.04
1676072639899967600,-19.0,12.0,-188.16
1676072639899979800,-23.0,9.0,-188.16
1676072639899985500,-22.0,9.0,-188.16
1676072639900010800,-19.0,10.0,-188.16
1676072639955463100,-24.0,9.0,-192.07999999999998
1676072639955475400,-24.0,9.0,-190.12
1676072639955482400,-20.0,11.0,-197.96
1676072639955560200,-20.0,11.0,-197.96
1676072640003416400,-20.0,11.0,-197.96
1676072640003421200,-21.0,10.0,-197.96
1676072640003424600,-21.0,11.0,-197.96
1676072640003427600,-21.0,10.0,-197.96
1676072640003430900,-22.0,10.0,-196.0
1676072640049719600,-23.0,10.0,-194.04
1676072640049727500,-23.0,10.0,-196.0
1676072640049731800,-20.0,11.0,-197.96
1676072640049802300,-20.0,11.0,-197.96
1676072640096057300,-19.0,11.0,-196.0
1676072640096083400,-19.0,12.0,-196.0
1676072640096094300,-19.0,10.0,-188.16
1676072640096101600,-20.0,9.0,-188.16
1676072640189340500,-21.0,9.0,-188.16
1676072640236391600,-22.0,10.0,-196.0
1676072640236415000,-20.0,10.0,-197.96
1676072640236434700,-19.0,12.0,-188.16
1676072640236440400,-22.0,9.0,-188.16
1676072640236449800,-20.0,9.0,-188.16
1676072640236461800,-23.0,9.0,-194.04
1676072640236475200,-23.0,9.0,-194.04
1676072640236490500,-23.0,8.0,-194.04
1676072640236524400,-24.0,8.0,-194.04
1676072640236541300,-24.0,8.0,-194.04
1676072640236546800,-23.0,8.0,-188.16
1676072640296931700,-24.0,8.0,-188.16
1676072640296945300,-23.0,8.0,-188.16
1676072640296957500,-23.0,8.0,-188.16
1676072640296988100,-22.0,8.0,-188.16
1676072640297000800,-24.0,9.0,-192.07999999999998
1676072640341734700,-23.0,10.0,-196.0
1676072640341741000,-22.0,10.0,-196.0
1676072640341783400,-22.0,10.0,-196.0
1676072640341789400,-23.0,10.0,-196.0
1676072640341834200,-21.0,11.0,-197.96
1676072640391187900,-20.0,12.0,-192.07999999999998
1676072640391196000,-23.0,8.0,-188.16
1676072640391226500,-21.0,9.0,-190.12
1676072640391246300,-20.0,12.0,-190.12
1676072640391267000,-25.0,8.0,-188.16
1676072640436553800,-23.0,10.0,-196.0
1676072640436562900,-23.0,9.0,-196.0
1676072640436566900,-20.0,12.0,-190.12
1676072640436622000,-25.0,8.0,-188.16
1676072640497841400,-24.0,9.0,-194.04
1676072640497863700,-24.0,9.0,-194.04
1676072640497871100,-24.0,9.0,-194.04
1676072640497882400,-25.0,9.0,-192.07999999999998
1676072640574121600,-22.0,10.0,-196.0
1676072640633710700,-21.0,11.0,-197.96
1676072640633734200,-21.0,11.0,-197.96
1676072640633739600,-20.0,12.0,-197.96
1676072640633767300,-25.0,9.0,-188.16
1676072640633804300,-21.0,12.0,-197.96
1676072640633864900,-20.0,13.0,-194.04
1676072640633873200,-21.0,12.0,-192.07999999999998
1676072640633913700,-20.0,12.0,-190.12
1676072640633920200,-20.0,10.0,-188.16
1676072640633971100,-25.0,9.0,-190.12
1676072640633976800,-24.0,10.0,-194.04
1676072640680361700,-23.0,9.0,-194.04
1676072640680378800,-22.0,9.0,-196.0
1676072640680384900,-24.0,8.0,-188.16
1676072640680444200,-20.0,10.0,-197.96
1676072640680510400,-19.0,11.0,-190.12
1676072640726508700,-18.0,10.0,-188.16
1676072640726520900,-23.0,8.0,-192.07999999999998
1676072640726540100,-21.0,10.0,-196.0
1676072640726554700,-21.0,10.0,-197.96
1676072640726574500,-20.0,10.0,-197.96
1676072640781623700,-21.0,10.0,-197.96
1676072640781636900,-24.0,9.0,-192.07999999999998
1676072640781675800,-22.0,10.0,-196.0
1676072640781682400,-22.0,10.0,-196.0
1676072640781696400,-23.0,9.0,-194.04
1676072640835920800,-24.0,9.0,-192.07999999999998
1676072640835943000,-24.0,8.0,-190.12
1676072640835961200,-25.0,8.0,-190.12
1676072640835981500,-22.0,10.0,-196.0
1676072640896702700,-21.0,10.0,-197.96
1676072640896712100,-23.0,9.0,-194.04
1676072640896715800,-20.0,11.0,-194.04
1676072640896752600,-19.0,11.0,-190.12
1676072640961118600,-20.0,9.0,-188.16
1676072640961146000,-22.0,10.0,-196.0
1676072640961155000,-25.0,9.0,-192.07999999999998
1676072640961160400,-23.0,10.0,-196.0
1676072640961168000,-22.0,10.0,-196.0
1676072640961172600,-24.0,8.0,-190.12
1676072641016622400,-21.0,10.0,-197.96
1676072641016641400,-21.0,10.0,-197.96
1676072641016664000,-21.0,10.0,-197.96
1676072641016676300,-21.0,10.0,-197.96
1676072641016684700,-20.0,11.0,-190.12
1676072641016695300,-21.0,9.0,-188.16
1676072641016718800,-20.0,10.0,-188.16
1676072641016750000,-20.0,10.0,-188.16
1676072641016767300,-22.0,10.0,-196.0
1676072641077741300,-19.0,12.0,-194.04
1676072641077753700,-25.0,8.0,-188.16
1676072641077765000,-25.0,9.0,-190.12
1676072641077814500,-25.0,9.0,-192.07999999999998
1676072641128493600,-19.0,12.0,-188.16
1676072641128512400,-24.0,10.0,-194.04
1676072641128519500,-23.0,10.0,-194.04
1676072641128530400,-24.0,9.0,-194.04
1676072641188522500,-19.0,11.0,-190.12
1676072641188546100,-25.0,9.0,-190.12
1676072641188555400,-25.0,9.0,-190.12
1676072641188567400,-26.0,9.0,-190.12
1676072641188616100,-21.0,10.0,-188.16
1676072641188641400,-21.0,11.0,-197.96
1676072641251200300,-21.0,10.0,-188.16
1676072641251206800,-22.0,9.0,-188.16
1676072641251246200,-21.0,12.0,-196.0
1676072641251283400,-26.0,8.0,-188.16
1676072641311413200,-27.0,8.0,-192.07999999999998
1676072641311433600,-27.0,8.0,-188.16
1676072641311446200,-26.0,8.0,-188.16
1676072641311495200,-21.0,12.0,-190.12
1676072641311535700,-21.0,10.0,-188.16
1676072641311559800,-25.0,8.0,-188.16
1676072641311571200,-23.0,9.0,-194.04
1676072641311580800,-19.0,12.0,-192.07999999999998
1676072641311587800,-22.0,8.0,-188.16
1676072641311592000,-25.0,7.0,-190.12
1676072641358242700,-23.0,8.0,-192.07999999999998
1676072641358259200,-19.0,11.0,-194.04
1676072641414723600,-20.0,9.0,-188.16
1676072641414731000,-21.0,9.0,-188.16
1676072641414734400,-23.0,8.0,-188.16
1676072641414786800,-19.0,11.0,-196.0
1676072641414795200,-20.0,9.0,-186.2
1676072641467695600,-24.0,8.0,-190.12
1676072641467702200,-21.0,10.0,-196.0
1676072641467753400,-21.0,10.0,-197.96
1676072641467759900,-24.0,8.0,-188.16
1676072641467801200,-22.0,10.0,-196.0
1676072641467823600,-22.0,10.0,-196.0
1676072641467841800,-22.0,10.0,-196.0
1676072641527839500,-22.0,10.0,-196.0
1676072641527867700,-25.0,9.0,-194.04
1676072641527883000,-23.0,10.0,-196.0
1676072641527917400,-22.0,11.0,-197.96
1676072641527923400,-21.0,12.0,-196.0
1676072641573723400,-21.0,13.0,-190.12
1676072641573749700,-20.0,10.0,-188.16
1676072641573784800,-22.0,9.0,-186.2
1676072641573850900,-20.0,10.0,-188.16
1676072641619805500,-24.0,9.0,-192.07999999999998
1676072641619868000,-24.0,9.0,-194.04
1676072641619914700,-22.0,10.0,-196.0
1676072641619923000,-21.0,10.0,-197.96
1676072641667964900,-20.0,11.0,-197.96
1676072641667973300,-24.0,9.0,-192.07999999999998
1676072641667993900,-21.0,10.0,-196.0
1676072641668029300,-19.0,10.0,-188.16
1676072641668034500,-20.0,11.0,-197.96
1676072641746560000,-20.0,10.0,-188.16
1676072641791355800,-23.0,9.0,-194.04
1676072641791376600,-20.0,11.0,-197.96
1676072641791397300,-19.0,10.0,-188.16
1676072641791410100,-20.0,9.0,-188.16
1676072641791441700,-23.0,8.0,-188.16
1676072641791451100,-23.0,9.0,-188.16
1676072641791536600,-24.0,9.0,-188.16
1676072641791546200,-24.0,9.0,-194.04
1676072641791576500,-23.0,10.0,-196.0
1676072641791585600,-21.0,12.0,-196.0
1676072641791603600,-25.0,9.0,-192.07999999999998
1676072641840964200,-20.0,11.0,-194.04
1676072641899770700,-20.0,10.0,-188.16
1676072641899796500,-22.0,9.0,-188.16
1676072641899823200,-23.0,10.0,-197.96
1676072641899875500,-26.0,8.0,-192.07999999999998
1676072641899885000,-25.0,9.0,-192.07999999999998
1676072641899894100,-23.0,10.0,-196.0
1676072641899905500,-21.0,11.0,-197.96
1676072641899971200,-24.0,10.0,-196.0
1676072641899977400,-21.0,12.0,-197.96
1676072641952591700,-25.0,9.0,-188.16
1676072641952610700,-26.0,9.0,-192.07999999999998
1676072641952617400,-26.0,8.0,-190.12
1676072641952634800,-22.0,11.0,-197.96
1676072642010670000,-23.0,9.0,-188.16
1676072642010676700,-25.0,9.0,-192.07999999999998
1676072642010700900,-23.0,10.0,-196.0
1676072642010748800,-21.0,10.0,-197.96
1676072642058016900,-21.0,9.0,-188.16
1676072642058023800,-25.0,8.0,-188.16
1676072642058052500,-24.0,8.0,-194.04
1676072642058071700,-24.0,8.0,-194.04
1676072642058108600,-24.0,8.0,-194.04
1676072642104014800,-20.0,11.0,-190.12
1676072642104031900,-23.0,7.0,-186.2
1676072642104043600,-25.0,7.0,-188.16
1676072642104051500,-20.0,11.0,-190.12
1676072642104099800,-22.0,9.0,-197.96
1676072642151088300,-20.0,10.0,-196.0
1676072642151112700,-20.0,11.0,-190.12
1676072642151119300,-20.0,12.0,-190.12
1676072642151172800,-22.0,10.0,-196.0
1676072642151181400,-20.0,11.0,-197.96
1676072642199615700,-25.0,8.0,-190.12
1676072642199644700,-23.0,9.0,-194.04
1676072642199659000,-23.0,10.0,-196.0
1676072642199669300,-25.0,8.0,-190.12
1676072642262886900,-22.0,10.0,-197.96
1676072642262906300,-21.0,10.0,-197.96
1676072642262921500,-20.0,11.0,-196.0
1676072642262926200,-20.0,12.0,-190.12
1676072642328578700,-20.0,12.0,-192.07999999999998
1676072642328606500,-23.0,9.0,-188.16
1676072642328613100,-25.0,8.0,-190.12
1676072642328696400,-24.0,9.0,-194.04
1676072642328741100,-20.0,11.0,-196.0
1676072642328766900,-25.0,9.0,-190.12
1676072642386519500,-24.0,9.0,-194.04
1676072642386541900,-23.0,10.0,-196.0
1676072642386563000,-24.0,9.0,-192.07999999999998
1676072642386572700,-22.0,10.0,-197.96
1676072642386628500,-20.0,11.0,-188.16
1676072642386635800,-24.0,8.0,-190.12
1676072642386686000,-25.0,8.0,-192.07999999999998
1676072642386691200,-24.0,9.0,-194.04
1676072642386720700,-22.0,10.0,-196.0
1676072642471306500,-21.0,10.0,-197.96
1676072642523475200,-26.0,8.0,-190.12
1676072642523485200,-24.0,9.0,-194.04
1676072642523490400,-23.0,10.0,-196.0
1676072642523538900,-21.0,11.0,-196.0
1676072642582721100,-25.0,8.0,-188.16
1676072642582775800,-22.0,10.0,-197.96
1676072642582786900,-21.0,10.0,-197.96
1676072642582797700,-20.0,10.0,-194.04
1676072642582822500,-23.0,8.0,-194.04
1676072642582840700,-20.0,10.0,-197.96
1676072642582873100,-24.0,8.0,-188.16
1676072642582898700,-25.0,8.0,-190.12
1676072642582931700,-22.0,9.0,-196.0
1676072642628895900,-19.0,10.0,-188.16
1676072642628916200,-23.0,9.0,-194.04
1676072642628930700,-20.0,11.0,-197.96
1676072642628935800,-19.0,12.0,-190.12
1676072642675292700,-24.0,8.0,-190.12
1676072642675324700,-24.0,9.0,-192.07999999999998
1676072642675348700,-21.0,10.0,-197.96
1676072642675378600,-19.0,12.0,-197.96
1676072642675383900,-20.0,10.0,-188.16
1676072642675423200,-24.0,9.0,-190.12
1676072642721923300,-20.0,12.0,-196.0
1676072642721935900,-22.0,10.0,-196.0
1676072642721966600,-20.0,12.0,-192.07999999999998
1676072642769511800,-24.0,9.0,-190.12
1676072642769518600,-22.0,10.0,-196.0
1676072642769522800,-22.0,11.0,-197.96
1676072642769560300,-21.0,10.0,-188.16
1676072642769566500,-25.0,8.0,-190.12
1676072642818101700,-22.0,10.0,-197.96
1676072642818130900,-24.0,9.0,-194.04
1676072642818177500,-25.0,8.0,-190.12
1676072642818187600,-20.0,11.0,-197.96
1676072642818202900,-20.0,9.0,-188.16
1676072642879546400,-22.0,8.0,-188.16
1676072642879581200,-22.0,9.0,-196.0
1676072642879588200,-22.0,8.0,-188.16
1676072642879663200,-24.0,8.0,-194.04
1676072642879669400,-21.0,9.0,-197.96
1676072642924874600,-21.0,9.0,-197.96
1676072642924913900,-20.0,10.0,-194.04
1676072642924958300,-20.0,8.0,-188.16
1676072642985318800,-25.0,7.0,-190.12
1676072642985343600,-23.0,8.0,-194.04
1676072642985354900,-21.0,9.0,-197.96
1676072642985361300,-20.0,8.0,-188.16
1676072642985378500,-23.0,8.0,-194.04
1676072642985384500,-21.0,9.0,-196.0
1676072643030152200,-20.0,10.0,-192.07999999999998
1676072643030185300,-22.0,8.0,-188.16
1676072643030203600,-23.0,9.0,-196.0
1676072643030214400,-21.0,10.0,-197.96
1676072643078443700,-20.0,11.0,-196.0
1676072643078458800,-23.0,9.0,-196.0
1676072643078471500,-20.0,11.0,-196.0
1676072643078479900,-20.0,11.0,-188.16
1676072643078484800,-20.0,12.0,-194.04
1676072643138199800,-25.0,9.0,-192.07999999999998
1676072643138206300,-22.0,10.0,-196.0
1676072643138275500,-22.0,10.0,-197.96
1676072643138285300,-25.0,8.0,-190.12
1676072643138294500,-22.0,10.0,-196.0
1676072643185279700,-20.0,11.0,-194.04
1676072643185287000,-20.0,9.0,-188.16
1676072643185290900,-25.0,8.0,-190.12
1676072643185296500,-22.0,10.0,-197.96
1676072643185309900,-20.0,10.0,-196.0
1676072643230237300,-21.0,9.0,-188.16
1676072643230292600,-21.0,10.0,-197.96
1676072643230300800,-19.0,12.0,-190.12
1676072643230321300,-25.0,8.0,-190.12
1676072643301877700,-20.0,12.0,-192.07999999999998
1676072643355927000,-19.0,10.0,-188.16
1676072643355942100,-25.0,8.0,-190.12
1676072643355946500,-22.0,9.0,-196.0
1676072643355988100,-20.0,10.0,-196.0
1676072643355992800,-24.0,9.0,-194.04
1676072643356013300,-20.0,10.0,-197.96
1676072643356020100,-25.0,7.0,-188.16
1676072643356044200,-22.0,9.0,-196.0
1676072643356065800,-20.0,10.0,-194.04
1676072643406287500,-23.0,8.0,-194.04
1676072643475525200,-20.0,10.0,-196.0
1676072643475546600,-20.0,9.0,-188.16
1676072643475589700,-25.0,7.0,-190.12
1676072643475598900,-23.0,9.0,-194.04
1676072643475604200,-22.0,9.0,-196.0
1676072643475650800,-19.0,10.0,-190.12
1676072643475662600,-19.0,11.0,-190.12
1676072643475711900,-24.0,8.0,-192.07999999999998
1676072643475718100,-22.0,9.0,-196.0
1676072643475761200,-20.0,10.0,-196.0
1676072643527084000,-23.0,8.0,-188.16
1676072643527106100,-24.0,9.0,-194.04
1676072643527113100,-22.0,9.0,-188.16
1676072643527118500,-24.0,8.0,-188.16
1676072643527122700,-22.0,9.0,-196.0
1676072643573016800,-20.0,10.0,-197.96
1676072643573023300,-20.0,10.0,-196.0
1676072643573031800,-22.0,9.0,-196.0
1676072643573088800,-21.0,8.0,-186.2
1676072643573094600,-23.0,8.0,-194.04
1676072643620620500,-20.0,10.0,-197.96
1676072643620746000,-19.0,10.0,-188.16
1676072643620758200,-21.0,10.0,-197.96
1676072643620766900,-20.0,8.0,-188.16
1676072643693770200,-25.0,7.0,-190.12
1676072643744391100,-21.0,9.0,-196.0
1676072643744410400,-19.0,10.0,-194.04
1676072643744416900,-19.0,10.0,-194.04
1676072643744452600,-19.0,10.0,-188.16
1676072643744494700,-24.0,8.0,-188.16
1676072643793161600,-24.0,8.0,-188.16
1676072643793182000,-22.0,9.0,-194.04
1676072643793194300,-24.0,8.0,-188.16
1676072643793206900,-20.0,10.0,-197.96
1676072643793245200,-19.0,10.0,-188.16
1676072643793259400,-23.0,8.0,-188.16
1676072643793266100,-20.0,9.0,-190.12
1676072643793304400,-20.0,10.0,-197.96
1676072643793311300,-22.0,8.0,-188.16
1676072643793341800,-23.0,9.0,-194.04
1676072643843223000,-22.0,9.0,-196.0
1676072643900771800,-24.0,8.0,-188.16
1676072643900787700,-22.0,9.0,-196.0
1676072643900793900,-23.0,8.0,-188.16
1676072643900831900,-25.0,8.0,-192.07999999999998
1676072643900838500,-22.0,10.0,-197.96
1676072643900843900,-25.0,8.0,-192.07999999999998
1676072643900847200,-22.0,10.0,-197.96
1676072643900910500,-21.0,10.0,-197.96
1676072643900930200,-20.0,10.0,-196.0
1676072643949687700,-20.0,10.0,-190.12
1676072643949706500,-20.0,11.0,-192.07999999999998
1676072643949716700,-21.0,10.0,-197.96
1676072643949735400,-20.0,11.0,-190.12
1676072643949775300,-25.0,7.0,-190.12
1676072644035685100,-23.0,9.0,-196.0
1676072644086740600,-24.0,7.0,-192.07999999999998
1676072644086762000,-19.0,10.0,-190.12
1676072644086768900,-24.0,6.0,-188.16
1676072644086793400,-22.0,8.0,-196.0
1676072644086820700,-21.0,9.0,-197.96
1676072644086880100,-24.0,7.0,-190.12
1676072644086887400,-21.0,8.0,-197.96
1676072644142102800,-19.0,10.0,-190.12
1676072644142124600,-19.0,10.0,-190.12
1676072644142138500,-22.0,7.0,-188.16
1676072644142155700,-23.0,7.0,-194.04
1676072644199093700,-21.0,9.0,-197.96
1676072644199115100,-21.0,8.0,-188.16
1676072644199139900,-23.0,8.0,-194.04
1676072644199144600,-20.0,10.0,-197.96
1676072644199244600,-20.0,10.0,-194.04
1676072644199249800,-24.0,8.0,-192.07999999999998
1676072644244189600,-20.0,10.0,-197.96
1676072644244266800,-19.0,10.0,-190.12
1676072644244280900,-25.0,8.0,-192.07999999999998
1676072644244287000,-25.0,8.0,-188.16
1676072644244320800,-19.0,12.0,-190.12
1676072644290325500,-24.0,8.0,-192.07999999999998
1676072644290336800,-21.0,10.0,-197.96
1676072644290343300,-23.0,9.0,-194.04
1676072644290388300,-20.0,11.0,-196.0
1676072644342866000,-21.0,9.0,-188.16
1676072644342884500,-24.0,9.0,-192.07999999999998
1676072644342895900,-20.0,11.0,-197.96
1676072644342932000,-20.0,10.0,-197.96
1676072644397977000,-19.0,11.0,-197.96
1676072644397985200,-23.0,10.0,-194.04
1676072644398035700,-20.0,11.0,-197.96
1676072644398042100,-18.0,12.0,-192.07999999999998
1676072644398086800,-19.0,11.0,-197.96
1676072644398092800,-18.0,13.0,-192.07999999999998
1676072644445619700,-23.0,10.0,-194.04
1676072644445626600,-20.0,11.0,-197.96
1676072644445669100,-19.0,12.0,-190.12
1676072644445676100,-19.0,12.0,-192.07999999999998
1676072644491527900,-24.0,8.0,-192.07999999999998
1676072644491556600,-20.0,10.0,-197.96
1676072644491571800,-19.0,10.0,-188.16
1676072644491579700,-24.0,8.0,-192.07999999999998
1676072644553249400,-20.0,9.0,-197.96
1676072644553264300,-23.0,7.0,-188.16
1676072644553278700,-24.0,7.0,-194.04
1676072644553284700,-23.0,6.0,-188.16
1676072644553289100,-23.0,7.0,-194.04
1676072644553325200,-20.0,9.0,-197.96
1676072644597414900,-20.0,9.0,-197.96
1676072644597427900,-24.0,7.0,-192.07999999999998
1676072644597432200,-22.0,8.0,-196.0
1676072644597436100,-19.0,10.0,-194.04
1676072644644437100,-19.0,8.0,-188.16
1676072644644457900,-19.0,10.0,-197.96
1676072644644482000,-19.0,8.0,-188.16
1676072644644495300,-24.0,7.0,-192.07999999999998
1676072644644506900,-22.0,7.0,-188.16
1676072644690734400,-21.0,9.0,-197.96
1676072644690756600,-20.0,10.0,-190.12
1676072644690785600,-21.0,8.0,-188.16
1676072644690791400,-23.0,7.0,-190.12
1676072644738015600,-23.0,8.0,-194.04
1676072644738040600,-20.0,10.0,-197.96
1676072644738061900,-20.0,10.0,-194.04
1676072644738089400,-20.0,11.0,-192.07999999999998
1676072644738109300,-22.0,9.0,-196.0
1676072644738117300,-20.0,10.0,-197.96
1676072644797576800,-19.0,10.0,-188.16
1676072644797596800,-21.0,10.0,-197.96
1676072644797604100,-25.0,8.0,-190.12
1676072644797666200,-21.0,10.0,-197.96
1676072644845869100,-20.0,9.0,-188.16
1676072644845898100,-25.0,8.0,-188.16
1676072644845904800,-21.0,11.0,-197.96
1676072644845949800,-21.0,9.0,-188.16
1676072644914349700,-23.0,10.0,-194.04
1676072644914365200,-20.0,11.0,-197.96
1676072644914378500,-21.0,11.0,-197.96
1676072644914383000,-23.0,9.0,-194.04
1676072644914387100,-19.0,11.0,-197.96
1676072644968517000,-23.0,9.0,-188.16
1676072644968540800,-23.0,9.0,-194.04
1676072644968547100,-24.0,8.0,-190.12
1676072644968551600,-19.0,12.0,-192.07999999999998
1676072644968576600,-23.0,8.0,-188.16
1676072644968590000,-22.0,9.0,-196.0
1676072644968597500,-20.0,9.0,-197.96
1676072644968609500,-19.0,10.0,-190.12
1676072644968613800,-24.0,7.0,-192.07999999999998
1676072644968642500,-20.0,9.0,-197.96
1676072645013454400,-19.0,10.0,-197.96
1676072645013479400,-19.0,9.0,-197.96
1676072645013486700,-23.0,8.0,-194.04
1676072645013497300,-20.0,9.0,-197.96
1676072645059120200,-21.0,7.0,-188.16
1676072645107696700,-25.0,7.0,-192.07999999999998
1676072645107719800,-20.0,8.0,-188.16
1676072645107727500,-24.0,6.0,-192.07999999999998
1676072645168640200,-21.0,8.0,-197.96
1676072645168654800,-19.0,7.0,-188.16
1676072645168660000,-20.0,6.0,-186.2
1676072645168665900,-21.0,7.0,-196.0
1676072645168670600,-23.0,5.0,-188.16
1676072645168675200,-22.0,7.0,-194.04
1676072645168691400,-19.0,8.0,-197.96
1676072645168732000,-19.0,8.0,-197.96
1676072645168758600,-24.0,6.0,-190.12
1676072645168815000,-20.0,8.0,-196.0
1676072645228771500,-20.0,9.0,-196.0
1676072645228784100,-23.0,7.0,-192.07999999999998
1676072645228789300,-22.0,8.0,-194.04
1676072645228856900,-19.0,10.0,-197.96
1676072645228883200,-22.0,8.0,-188.16
1676072645278476700,-23.0,8.0,-192.07999999999998
1676072645278500900,-23.0,9.0,-194.04
1676072645278522600,-21.0,9.0,-188.16
1676072645278558800,-24.0,9.0,-194.04
1676072645339474800,-20.0,12.0,-197.96
1676072645339481200,-22.0,9.0,-188.16
1676072645339485000,-21.0,11.0,-197.96
1676072645339534900,-21.0,10.0,-188.16
1676072645412905600,-25.0,9.0,-192.07999999999998
1676072645412931800,-22.0,11.0,-197.96
1676072645412960700,-25.0,10.0,-196.0
1676072645412969400,-21.0,11.0,-188.16
1676072645413052200,-24.0,10.0,-197.96
1676072645413063900,-21.0,12.0,-192.07999999999998
1676072645413072000,-25.0,8.0,-194.04
1676072645413101000,-25.0,7.0,-190.12
1676072645413142600,-21.0,10.0,-197.96
1676072645413149200,-23.0,7.0,-188.16
1676072645463025600,-24.0,8.0,-194.04
1676072645463045100,-24.0,7.0,-190.12
1676072645463052100,-23.0,7.0,-188.16
1676072645463057600,-21.0,9.0,-196.0
1676072645463062000,-18.0,10.0,-194.04
1676072645463072000,-23.0,7.0,-188.16
1676072645511380100,-23.0,7.0,-190.12
1676072645511456500,-18.0,10.0,-190.12
1676072645511462000,-24.0,7.0,-190.12
1676072645511506900,-20.0,9.0,-197.96
1676072645559375400,-18.0,9.0,-196.0
1676072645559382200,-23.0,7.0,-192.07999999999998
1676072645559436100,-19.0,9.0,-197.96
1676072645559451900,-22.0,7.0,-188.16
1676072645605520900,-23.0,7.0,-194.04
1676072645605543200,-24.0,7.0,-192.07999999999998
1676072645605564300,-20.0,8.0,-188.16
1676072645605588200,-22.0,8.0,-194.04
1676072645605620000,-20.0,10.0,-197.96
1676072645665827300,-24.0,7.0,-190.12
1676072645665839300,-20.0,8.0,-188.16
1676072645665846200,-21.0,9.0,-196.0
1676072645665893700,-19.0,11.0,-192.07999999999998
1676072645665903300,-24.0,8.0,-192.07999999999998
1676072645722502500,-24.0,7.0,-190.12
1676072645722552100,-19.0,10.0,-197.96
1676072645722613500,-21.0,8.0,-188.16
1676072645722625200,-23.0,9.0,-194.04
1676072645722632500,-19.0,10.0,-197.96
1676072645788809300,-22.0,9.0,-196.0
1676072645788842100,-20.0,10.0,-197.96
1676072645788847200,-22.0,8.0,-188.16
1676072645788883300,-23.0,9.0,-194.04
1676072645839596800,-20.0,10.0,-197.96
1676072645839607100,-19.0,11.0,-194.04
1676072645839621000,-22.0,9.0,-196.0
1676072645839632500,-19.0,10.0,-192.07999999999998
1676072645839641700,-24.0,7.0,-190.12
1676072645839666100,-20.0,9.0,-197.96
1676072645839687800,-22.0,9.0,-196.0
1676072645839701600,-24.0,7.0,-190.12
1676072645839708100,-19.0,10.0,-196.0
1676072645888847300,-22.0,7.0,-186.2
1676072645888854900,-21.0,9.0,-196.0
1676072645888883900,-22.0,8.0,-196.0
1676072645948333800,-21.0,7.0,-188.16
1676072645948349500,-24.0,7.0,-192.07999999999998
1676072645948353500,-19.0,9.0,-192.07999999999998
1676072645948366300,-19.0,10.0,-190.12
1676072645948394800,-22.0,7.0,-196.0
1676072645948404100,-19.0,10.0,-192.07999999999998
1676072645948432100,-24.0,6.0,-190.12
1676072646001930700,-22.0,8.0,-196.0
1676072646001938300,-21.0,8.0,-196.0
1676072646002059700,-24.0,7.0,-192.07999999999998
1676072646002092500,-20.0,9.0,-192.07999999999998
1676072646060066700,-25.0,6.0,-188.16
1676072646060080300,-25.0,6.0,-190.12
1676072646108473900,-22.0,8.0,-188.16
1676072646108493000,-24.0,8.0,-194.04
1676072646108516400,-20.0,10.0,-194.04
1676072646108528100,-20.0,10.0,-188.16
1676072646108533600,-20.0,10.0,-188.16
1676072646108588900,-22.0,10.0,-196.0
1676072646108594200,-20.0,10.0,-188.16
1676072646108610200,-25.0,9.0,-190.12
1676072646154010800,-24.0,9.0,-192.07999999999998
1676072646154015800,-20.0,10.0,-188.16
1676072646154056600,-23.0,9.0,-194.04
1676072646154063800,-19.0,11.0,-192.07999999999998
1676072646201210200,-25.0,8.0,-190.12
1676072646201306200,-24.0,8.0,-192.07999999999998
1676072646201311900,-20.0,9.0,-188.16
1676072646201324100,-23.0,8.0,-194.04
1676072646201359600,-20.0,10.0,-196.0
1676072646201404800,-24.0,7.0,-188.16
1676072646248230300,-24.0,8.0,-192.07999999999998
1676072646248247000,-19.0,9.0,-188.16
1676072646248251500,-23.0,8.0,-194.04
1676072646248263700,-20.0,10.0,-197.96
1676072646293342800,-20.0,10.0,-188.16
1676072646293350600,-21.0,10.0,-197.96
1676072646293400500,-19.0,11.0,-190.12
1676072646293407100,-23.0,8.0,-194.04
1676072646344076200,-19.0,10.0,-197.96
1676072646344103200,-20.0,10.0,-197.96
1676072646344114200,-24.0,8.0,-194.04
1676072646344132700,-19.0,10.0,-188.16
1676072646344172000,-22.0,9.0,-196.0
1676072646391420400,-21.0,10.0,-196.0
1676072646391435800,-19.0,11.0,-192.07999999999998
1676072646391539000,-24.0,8.0,-194.04
1676072646391547300,-20.0,10.0,-196.0
1676072646459403800,-22.0,8.0,-188.16
1676072646459423700,-24.0,7.0,-188.16
1676072646459429700,-20.0,9.0,-197.96
1676072646459433600,-25.0,7.0,-188.16
1676072646459468200,-20.0,9.0,-197.96
1676072646459507000,-23.0,7.0,-188.16
1676072646510356100,-25.0,7.0,-190.12
1676072646510379000,-20.0,9.0,-188.16
1676072646510386900,-24.0,8.0,-194.04
1676072646510418200,-21.0,10.0,-197.96
1676072646558044800,-22.0,8.0,-188.16
1676072646558071500,-20.0,11.0,-194.04
1676072646558086100,-26.0,8.0,-190.12
1676072646558092500,-23.0,10.0,-196.0
1676072646603109800,-20.0,9.0,-188.16
1676072646603124800,-23.0,8.0,-186.2
1676072646603151400,-20.0,10.0,-197.96
1676072646603191100,-23.0,9.0,-194.04
1676072646603198700,-19.0,10.0,-188.16
1676072646648413600,-22.0,9.0,-194.04
1676072646648434100,-21.0,9.0,-196.0
1676072646648440900,-24.0,7.0,-190.12
1676072646648465800,-19.0,10.0,-197.96
1676072646648500000,-21.0,7.0,-188.16
1676072646695311600,-22.0,7.0,-188.16
1676072646695328900,-19.0,8.0,-188.16
1676072646695344900,-21.0,8.0,-196.0
1676072646695348500,-18.0,10.0,-190.12
1676072646695356900,-24.0,7.0,-192.07999999999998
1676072646741584100,-23.0,7.0,-188.16
1676072646741610200,-24.0,7.0,-188.16
1676072646741624400,-19.0,10.0,-196.0
1676072646741634600,-24.0,7.0,-190.12
1676072646810470200,-20.0,10.0,-197.96
1676072646862508700,-23.0,7.0,-188.16
1676072646862541300,-19.0,10.0,-197.96
1676072646862555100,-24.0,8.0,-192.07999999999998
1676072646862592000,-19.0,11.0,-194.04
1676072646862651900,-24.0,8.0,-192.07999999999998
1676072646911155400,-25.0,8.0,-192.07999999999998
1676072646911173700,-24.0,8.0,-190.12
1676072646911181000,-20.0,11.0,-196.0
1676072646911246100,-25.0,8.0,-192.07999999999998
1676072646911258800,-21.0,10.0,-190.12
1676072646911271100,-21.0,10.0,-188.16
1676072646911277800,-25.0,9.0,-196.0
1676072646911282600,-21.0,10.0,-188.16
1676072646958381700,-25.0,8.0,-194.04
1676072646958409700,-22.0,10.0,-197.96
1676072646958448700,-27.0,7.0,-190.12
1676072646958454600,-23.0,9.0,-196.0
1676072646958490200,-25.0,7.0,-188.16
1676072646958497300,-21.0,10.0,-196.0
1676072646958527000,-21.0,8.0,-188.16
1676072647009148000,-20.0,10.0,-194.04
1676072647093428700,-25.0,7.0,-190.12
1676072647093445200,-20.0,10.0,-197.96
1676072647093470900,-22.0,8.0,-188.16
1676072647093508700,-19.0,10.0,-194.04
1676072647093521200,-24.0,7.0,-192.07999999999998
1676072647093540200,-19.0,10.0,-194.04
1676072647093544600,-24.0,8.0,-194.04
1676072647093582400,-24.0,8.0,-194.04
1676072647093595500,-22.0,8.0,-188.16
1676072647181449800,-20.0,10.0,-196.0
1676072647181474200,-25.0,7.0,-192.07999999999998
1676072647181480800,-24.0,8.0,-192.07999999999998
1676072647181485900,-24.0,7.0,-188.16
1676072647181493400,-20.0,11.0,-192.07999999999998
1676072647181503300,-24.0,8.0,-194.04
1676072647181507600,-20.0,10.0,-192.07999999999998
1676072647181545200,-22.0,7.0,-188.16
1676072647226116400,-21.0,9.0,-197.96
1676072647226134200,-25.0,7.0,-188.16
1676072647226144800,-20.0,10.0,-197.96
1676072647226172600,-25.0,7.0,-188.16
1676072647226177000,-25.0,7.0,-192.07999999999998
1676072647274808400,-20.0,10.0,-188.16
1676072647274825200,-25.0,8.0,-192.07999999999998
1676072647274838300,-21.0,10.0,-197.96
1676072647274865900,-19.0,11.0,-190.12
1676072647274872700,-21.0,10.0,-197.96
1676072647321999300,-22.0,8.0,-188.16
1676072647322014900,-23.0,9.0,-196.0
1676072647322040200,-20.0,12.0,-190.12
1676072647322062500,-20.0,10.0,-188.16
1676072647322070300,-20.0,12.0,-197.96
1676072647383055800,-24.0,10.0,-194.04
1676072647383067300,-20.0,12.0,-190.12
1676072647383082900,-21.0,12.0,-192.07999999999998
1676072647383092800,-22.0,11.0,-197.96
1676072647451963500,-20.0,10.0,-188.16
1676072647451983700,-24.0,10.0,-196.0
1676072647451999800,-21.0,10.0,-188.16
1676072647452019200,-24.0,9.0,-188.16
1676072647452022900,-20.0,11.0,-190.12
1676072647452064800,-23.0,10.0,-196.0
1676072647452072300,-20.0,10.0,-188.16
1676072647452076100,-23.0,9.0,-196.0
1676072647452121200,-25.0,8.0,-194.04
1676072647452138500,-20.0,10.0,-196.0
1676072647549776600,-23.0,9.0,-196.0
1676072647549784000,-21.0,8.0,-188.16
1676072647549788400,-23.0,9.0,-194.04
1676072647549827300,-21.0,10.0,-197.96
1676072647549833500,-25.0,8.0,-192.07999999999998
1676072647549879900,-20.0,10.0,-190.12
1676072647549898100,-25.0,8.0,-194.04
1676072647549906200,-21.0,10.0,-196.0
1676072647549920500,-25.0,7.0,-192.07999999999998
1676072647549934300,-21.0,9.0,-188.16
1676072647607260600,-20.0,10.0,-194.04
1676072647607299000,-21.0,9.0,-197.96
1676072647655560800,-23.0,7.0,-188.16
1676072647655582200,-22.0,9.0,-197.96
1676072647655608300,-20.0,10.0,-188.16
1676072647655623200,-21.0,10.0,-197.96
1676072647655631200,-25.0,7.0,-188.16
1676072647655651600,-22.0,10.0,-197.96
1676072647713430900,-21.0,9.0,-188.16
1676072647713580000,-23.0,8.0,-188.16
1676072647713589400,-22.0,10.0,-197.96
1676072647713619300,-26.0,8.0,-192.07999999999998
1676072647713679700,-22.0,10.0,-197.96
1676072647760069200,-21.0,11.0,-194.04
1676072647760134800,-22.0,9.0,-188.16
1676072647760143400,-22.0,11.0,-197.96
1676072647760205200,-26.0,8.0,-190.12
1676072647808454300,-24.0,10.0,-196.0
1676072647808460800,-21.0,12.0,-192.07999999999998
1676072647808464600,-25.0,8.0,-192.07999999999998
1676072647808468100,-20.0,12.0,-194.04
1676072647808472300,-25.0,8.0,-192.07999999999998
1676072647808476000,-20.0,11.0,-197.96
1676072647854643800,-24.0,9.0,-196.0
1676072647854673200,-25.0,8.0,-192.07999999999998
1676072647854691800,-20.0,11.0,-197.96
1676072647854708000,-25.0,8.0,-194.04
1676072647899960900,-21.0,10.0,-197.96
1676072647899969700,-25.0,8.0,-192.07999999999998
1676072647900016000,-20.0,12.0,-190.12
1676072647900021500,-24.0,9.0,-194.04
1676072647980864900,-20.0,11.0,-194.04
1676072648031237500,-21.0,11.0,-194.04
1676072648031261500,-23.0,9.0,-196.0
1676072648031272400,-26.0,8.0,-190.12
1676072648031280900,-23.0,9.0,-196.0
1676072648031301100,-23.0,8.0,-188.16
1676072648086948000,-24.0,8.0,-188.16
1676072648086968300,-21.0,11.0,-190.12
1676072648086974300,-25.0,8.0,-192.07999999999998
1676072648087011000,-21.0,10.0,-194.04
1676072648087041200,-25.0,8.0,-192.07999999999998
1676072648087065800,-21.0,10.0,-197.96
1676072648087084200,-25.0,8.0,-194.04
1676072648087127000,-21.0,10.0,-194.04
1676072648087162200,-25.0,8.0,-192.07999999999998
1676072648087182100,-25.0,8.0,-192.07999999999998
1676072648087186600,-21.0,10.0,-192.07999999999998
1676072648134167400,-21.0,10.0,-197.96
1676072648180308100,-25.0,7.0,-188.16
1676072648180320400,-21.0,10.0,-197.96
1676072648180327100,-22.0,8.0,-186.2
1676072648180351400,-21.0,10.0,-197.96
1676072648180360700,-25.0,8.0,-192.07999999999998
1676072648180376800,-20.0,10.0,-194.04
1676072648180401100,-25.0,7.0,-188.16
1676072648180424300,-23.0,8.0,-188.16
1676072648180429600,-20.0,10.0,-190.12
1676072648227694300,-22.0,10.0,-197.96
1676072648227707000,-24.0,8.0,-188.16
1676072648227716500,-21.0,10.0,-197.96
1676072648227728000,-20.0,11.0,-190.12
1676072648277159500,-20.0,10.0,-197.96
1676072648334433800,-26.0,8.0,-192.07999999999998
1676072648334464000,-21.0,10.0,-197.96
1676072648334487000,-24.0,8.0,-188.16
1676072648334502100,-21.0,10.0,-197.96
1676072648334515300,-25.0,8.0,-190.12
1676072648334560800,-20.0,12.0,-194.04
1676072648334569700,-25.0,8.0,-192.07999999999998
1676072648334588800,-20.0,12.0,-190.12
1676072648381872000,-20.0,11.0,-197.96
1676072648381884600,-25.0,8.0,-192.07999999999998
1676072648381899100,-20.0,11.0,-196.0
1676072648381917800,-24.0,8.0,-190.12
1676072648440281200,-20.0,10.0,-190.12
1676072648440290600,-24.0,9.0,-196.0
1676072648440300400,-24.0,8.0,-188.16
1676072648440304400,-22.0,10.0,-197.96
1676072648440308500,-22.0,10.0,-197.96
1676072648440315600,-25.0,8.0,-192.07999999999998
1676072648486427500,-24.0,8.0,-188.16
1676072648486443700,-22.0,9.0,-197.96
1676072648486457800,-22.0,8.0,-188.16
1676072648486462100,-24.0,7.0,-188.16
1676072648533051900,-20.0,10.0,-196.0
1676072648533075000,-25.0,8.0,-192.07999999999998
1676072648533107000,-20.0,10.0,-196.0
1676072648533112300,-25.0,8.0,-194.04
1676072648579281800,-23.0,10.0,-197.96
1676072648579291000,-21.0,9.0,-188.16
1676072648579339500,-22.0,10.0,-197.96
1676072648579345500,-20.0,10.0,-188.16
1676072648579405900,-21.0,10.0,-194.04
1676072648626785900,-24.0,8.0,-188.16
1676072648626793100,-21.0,11.0,-196.0
1676072648626820800,-24.0,9.0,-196.0
1676072648626863100,-21.0,11.0,-197.96
1676072648626870500,-23.0,10.0,-196.0
1676072648671402700,-25.0,8.0,-190.12
1676072648671408600,-20.0,12.0,-190.12
1676072648671433100,-25.0,9.0,-194.04
1676072648671438500,-20.0,10.0,-196.0
1676072648671468900,-24.0,9.0,-194.04
1676072648718193200,-20.0,11.0,-190.12
1676072648718206800,-25.0,7.0,-190.12
1676072648718223500,-25.0,7.0,-188.16
1676072648718229700,-20.0,12.0,-192.07999999999998
1676072648764153800,-23.0,9.0,-196.0
1676072648764169900,-25.0,8.0,-194.04
1676072648764182300,-25.0,8.0,-190.12
1676072648764187600,-20.0,11.0,-192.07999999999998
1676072648815153400,-21.0,10.0,-197.96
1676072648872975500,-25.0,8.0,-192.07999999999998
1676072648872991900,-23.0,9.0,-196.0
1676072648873017200,-25.0,8.0,-192.07999999999998
1676072648873023000,-20.0,10.0,-190.12
1676072648873034700,-23.0,10.0,-196.0
1676072648873041500,-21.0,11.0,-197.96
1676072648873052600,-23.0,10.0,-196.0
1676072648873063100,-25.0,8.0,-190.12
1676072648873106800,-20.0,10.0,-190.12
1676072648920139800,-24.0,9.0,-196.0
1676072648920153600,-20.0,11.0,-190.12
1676072648920164100,-22.0,10.0,-197.96
1676072648920224200,-25.0,8.0,-190.12
1676072648920234000,-20.0,11.0,-192.07999999999998
1676072648920270500,-24.0,9.0,-196.0
1676072648980314500,-22.0,9.0,-197.96
1676072648980330200,-25.0,8.0,-192.07999999999998
1676072648980450500,-20.0,10.0,-188.16
1676072648980468400,-22.0,9.0,-197.96
1676072649026337900,-25.0,7.0,-188.16
1676072649026342700,-20.0,10.0,-188.16
1676072649026379200,-22.0,9.0,-196.0
1676072649026393800,-24.0,7.0,-188.16
1676072649073630500,-22.0,8.0,-188.16
1676072649073674900,-24.0,8.0,-188.16
1676072649073692700,-20.0,9.0,-188.16
1676072649073740600,-22.0,9.0,-196.0
1676072649073749300,-25.0,8.0,-190.12
1676072649119582900,-23.0,9.0,-194.04
1676072649119587400,-25.0,8.0,-190.12
1676072649119641000,-20.0,10.0,-190.12
1676072649119646000,-22.0,9.0,-196.0
1676072649167840500,-24.0,8.0,-188.16
1676072649167861500,-21.0,10.0,-197.96
1676072649167867800,-25.0,8.0,-190.12
1676072649167894000,-20.0,11.0,-196.0
1676072649167899600,-23.0,9.0,-196.0
1676072649167936400,-24.0,8.0,-188.16
1676072649213297000,-25.0,9.0,-192.07999999999998
1676072649213305300,-25.0,9.0,-192.07999999999998
1676072649213318300,-23.0,9.0,-188.16
1676072649213358700,-21.0,11.0,-197.96
1676072649260934400,-22.0,10.0,-197.96
1676072649260952300,-21.0,9.0,-188.16
1676072649260969300,-20.0,12.0,-190.12
1676072649261017000,-23.0,10.0,-196.0
1676072649307890100,-25.0,8.0,-190.12
1676072649307914900,-25.0,9.0,-190.12
1676072649307937800,-25.0,9.0,-190.12
1676072649307948200,-25.0,8.0,-190.12
1676072649307954600,-20.0,11.0,-197.96
1676072649353893300,-25.0,9.0,-192.07999999999998
1676072649353914600,-23.0,10.0,-196.0
1676072649353921000,-24.0,9.0,-194.04
1676072649353926300,-23.0,9.0,-186.2
1676072649354006700,-21.0,12.0,-196.0
1676072649408836500,-22.0,12.0,-186.2
1676072649408860100,-18.0,15.0,-194.04
1676072649408866300,-21.0,13.0,-184.24
1676072649408875300,-16.0,15.0,-190.12
1676072649408908800,-19.0,12.0,-180.32
1676072649460553600,-15.0,15.0,-184.24
1676072649460568000,-16.0,14.0,-180.32
1676072649460608400,-16.0,15.0,-188.16
1676072649460632400,-20.0,13.0,-188.16
1676072649508455000,-19.0,13.0,-188.16
1676072649508483800,-16.0,14.0,-180.32
1676072649508491900,-18.0,14.0,-188.16
1676072649508539500,-19.0,12.0,-178.35999999999999
1676072649555625300,-17.0,14.0,-188.16
1676072649555645700,-16.0,14.0,-188.16
1676072649555678000,-16.0,14.0,-186.2
1676072649555779600,-19.0,12.0,-182.28
1676072649555872700,-17.0,12.0,-178.35999999999999
1676072649555878500,-17.0,14.0,-186.2
1676072649604272500,-16.0,14.0,-186.2
1676072649604283600,-20.0,12.0,-180.32
1676072649604338900,-15.0,16.0,-180.32
1676072649604343900,-18.0,14.0,-184.24
1676072649651286200,-15.0,16.0,-176.4
1676072649651290900,-17.0,23.0,-182.28
1676072649651294500,-12.0,25.0,-172.48
1676072649651308600,-12.0,25.0,-176.4
1676072649651359200,-7.0,31.0,-166.6
1676072649701326500,-10.0,32.0,-170.52
1676072649701348700,-6.0,38.0,-168.56
1676072649701355100,-4.0,40.0,-162.68
1676072649701408500,-5.0,40.0,-170.52
1676072649750361600,-5.0,40.0,-170.52
1676072649750384400,-5.0,39.0,-172.48
1676072649750390800,-10.0,36.0,-168.56
1676072649750409800,-6.0,37.0,-174.44
1676072649808495400,-12.0,34.0,-168.56
1676072649808509900,-6.0,36.0,-164.64
1676072649808515200,-7.0,38.0,-174.44
1676072649808537000,-8.0,38.0,-172.48
1676072649808561500,-9.0,37.0,-164.64
1676072649808583700,-3.0,42.0,-162.68
